[2025-09-02 15:41:49] [ERROR] [IP: ::1] [User: 1] Erro na execução da query {"query":"SET SESSION sql_mode = 'STRICT_ALL_TABLES,ERROR_FOR_DIVISION_BY_ZERO,NO_AUTO_CREATE_USER,NO_ENGINE_SUBSTITUTION'","error":"Variable 'sql_mode' can't be set to the value of 'NO_AUTO_CREATE_USER'"}
Stack Trace:
Array
(
    [0] => Array
        (
            [file] => C:\wamp64\www\compras\src\includes\Database.php
            [line] => 88
            [function] => error
            [class] => Logger
            [type] => ->
        )

    [1] => Array
        (
            [file] => C:\wamp64\www\compras\src\includes\Database.php
            [line] => 29
            [function] => query
            [class] => Database
            [type] => ->
        )

)

[2025-09-02 15:41:49] [ERROR] [IP: ::1] [User: 1] Erro de conexão com o banco de dados {"error":"Variable 'sql_mode' can't be set to the value of 'NO_AUTO_CREATE_USER'","trace":"#0 C:\\wamp64\\www\\compras\\src\\includes\\Database.php(78): mysqli->query('SET SESSION sql...')\n#1 C:\\wamp64\\www\\compras\\src\\includes\\Database.php(29): Database->query('SET SESSION sql...')\n#2 C:\\wamp64\\www\\compras\\src\\includes\\Database.php(45): Database->__construct()\n#3 C:\\wamp64\\www\\compras\\src\\includes\\Model.php(9): Database::getInstance()\n#4 C:\\wamp64\\www\\compras\\agua.php(9): Model->__construct()\n#5 {main}"}
Stack Trace:
Array
(
    [0] => Array
        (
            [file] => C:\wamp64\www\compras\src\includes\Database.php
            [line] => 35
            [function] => error
            [class] => Logger
            [type] => ->
        )

    [1] => Array
        (
            [file] => C:\wamp64\www\compras\src\includes\Database.php
            [line] => 45
            [function] => __construct
            [class] => Database
            [type] => ->
        )

)

[2025-09-02 15:46:23] [ERROR] [IP: ::1] [User: 1] Erro na execução da query {"query":"SET SESSION sql_mode = 'STRICT_ALL_TABLES,ERROR_FOR_DIVISION_BY_ZERO,NO_AUTO_CREATE_USER,NO_ENGINE_SUBSTITUTION'","error":"Variable 'sql_mode' can't be set to the value of 'NO_AUTO_CREATE_USER'"}
Stack Trace:
Array
(
    [0] => Array
        (
            [file] => C:\wamp64\www\compras\src\includes\Database.php
            [line] => 89
            [function] => error
            [class] => Logger
            [type] => ->
        )

    [1] => Array
        (
            [file] => C:\wamp64\www\compras\src\includes\Database.php
            [line] => 31
            [function] => query
            [class] => Database
            [type] => ->
        )

)

[2025-09-02 15:46:23] [ERROR] [IP: ::1] [User: 1] Erro de conexão com o banco de dados {"error":"Variable 'sql_mode' can't be set to the value of 'NO_AUTO_CREATE_USER'","trace":"#0 C:\\wamp64\\www\\compras\\src\\includes\\Database.php(79): mysqli->query('SET SESSION sql...')\n#1 C:\\wamp64\\www\\compras\\src\\includes\\Database.php(31): Database->query('SET SESSION sql...')\n#2 C:\\wamp64\\www\\compras\\src\\includes\\Database.php(46): Database->__construct()\n#3 C:\\wamp64\\www\\compras\\src\\includes\\Model.php(9): Database::getInstance()\n#4 C:\\wamp64\\www\\compras\\agua.php(9): Model->__construct()\n#5 {main}"}
Stack Trace:
Array
(
    [0] => Array
        (
            [file] => C:\wamp64\www\compras\src\includes\Database.php
            [line] => 35
            [function] => error
            [class] => Logger
            [type] => ->
        )

    [1] => Array
        (
            [file] => C:\wamp64\www\compras\src\includes\Database.php
            [line] => 46
            [function] => __construct
            [class] => Database
            [type] => ->
        )

)

[2025-09-02 15:47:00] [ERROR] [IP: ::1] [User: 1] Erro na execução da query {"query":"SET time_zone = 'America\/Sao_Paulo'","error":"Unknown or incorrect time zone: 'America\/Sao_Paulo'"}
Stack Trace:
Array
(
    [0] => Array
        (
            [file] => C:\wamp64\www\compras\src\includes\Database.php
            [line] => 89
            [function] => error
            [class] => Logger
            [type] => ->
        )

    [1] => Array
        (
            [file] => C:\wamp64\www\compras\src\includes\Database.php
            [line] => 33
            [function] => query
            [class] => Database
            [type] => ->
        )

)

[2025-09-02 15:47:00] [ERROR] [IP: ::1] [User: 1] Erro de conexão com o banco de dados {"error":"Unknown or incorrect time zone: 'America\/Sao_Paulo'","trace":"#0 C:\\wamp64\\www\\compras\\src\\includes\\Database.php(79): mysqli->query('SET time_zone =...')\n#1 C:\\wamp64\\www\\compras\\src\\includes\\Database.php(33): Database->query('SET time_zone =...')\n#2 C:\\wamp64\\www\\compras\\src\\includes\\Database.php(46): Database->__construct()\n#3 C:\\wamp64\\www\\compras\\src\\includes\\Model.php(9): Database::getInstance()\n#4 C:\\wamp64\\www\\compras\\agua.php(9): Model->__construct()\n#5 {main}"}
Stack Trace:
Array
(
    [0] => Array
        (
            [file] => C:\wamp64\www\compras\src\includes\Database.php
            [line] => 35
            [function] => error
            [class] => Logger
            [type] => ->
        )

    [1] => Array
        (
            [file] => C:\wamp64\www\compras\src\includes\Database.php
            [line] => 46
            [function] => __construct
            [class] => Database
            [type] => ->
        )

)

[2025-09-02 15:49:33] [ERROR] [IP: ::1] [User: 1] Erro na execução da query {"query":"SELECT * FROM agua ORDER BY id DESC","error":"Unknown column 'id' in 'order clause'"}
Stack Trace:
Array
(
    [0] => Array
        (
            [file] => C:\wamp64\www\compras\src\includes\Database.php
            [line] => 89
            [function] => error
            [class] => Logger
            [type] => ->
        )

    [1] => Array
        (
            [file] => C:\wamp64\www\compras\src\includes\Model.php
            [line] => 81
            [function] => query
            [class] => Database
            [type] => ->
        )

)

[2025-09-02 15:50:05] [ERROR] [IP: ::1] [User: 1] Erro na execução da query {"query":"SELECT * FROM agua ORDER BY id DESC","error":"Unknown column 'id' in 'order clause'"}
Stack Trace:
Array
(
    [0] => Array
        (
            [file] => C:\wamp64\www\compras\src\includes\Database.php
            [line] => 89
            [function] => error
            [class] => Logger
            [type] => ->
        )

    [1] => Array
        (
            [file] => C:\wamp64\www\compras\src\includes\Model.php
            [line] => 81
            [function] => query
            [class] => Database
            [type] => ->
        )

)

[2025-09-02 15:58:04] [ERROR] [IP: ::1] [User: 1] Erro na execução da query {"query":"SELECT SUM(valor) as total\r\n                FROM agua\r\n                WHERE status = 'pendente'","error":"Unknown column 'valor' in 'field list'"}
Stack Trace:
Array
(
    [0] => Array
        (
            [file] => C:\wamp64\www\compras\src\includes\Database.php
            [line] => 89
            [function] => error
            [class] => Logger
            [type] => ->
        )

    [1] => Array
        (
            [file] => C:\wamp64\www\compras\src\models\Agua.php
            [line] => 45
            [function] => query
            [class] => Database
            [type] => ->
        )

)

[2025-09-02 16:00:16] [ERROR] [IP: ::1] [User: 1] Erro na execução da query {"query":"SELECT SUM(valor) as total\r\n                FROM agua\r\n                WHERE status = 'pendente'","error":"Unknown column 'status' in 'where clause'"}
Stack Trace:
Array
(
    [0] => Array
        (
            [file] => C:\wamp64\www\compras\src\includes\Database.php
            [line] => 89
            [function] => error
            [class] => Logger
            [type] => ->
        )

    [1] => Array
        (
            [file] => C:\wamp64\www\compras\src\models\Agua.php
            [line] => 45
            [function] => query
            [class] => Database
            [type] => ->
        )

)

[2025-09-02 17:00:14] [ERROR] [IP: ::1] [User: 1] Erro na execução da query {"query":"SELECT SUM(valor) as total\r\n                FROM agua\r\n                WHERE status = 'pendente'","error":"Unknown column 'status' in 'where clause'"}
Stack Trace:
Array
(
    [0] => Array
        (
            [file] => C:\wamp64\www\compras\src\includes\Database.php
            [line] => 89
            [function] => error
            [class] => Logger
            [type] => ->
        )

    [1] => Array
        (
            [file] => C:\wamp64\www\compras\src\models\Agua.php
            [line] => 45
            [function] => query
            [class] => Database
            [type] => ->
        )

)

[2025-09-02 17:03:59] [ERROR] [IP: ::1] [User: 1] Erro na execução da query {"query":"SELECT AVG(consumo) as media_consumo\r\n                FROM agua\r\n                WHERE data_vencimento >= DATE_SUB(CURRENT_DATE, INTERVAL 6 MONTH)","error":"Unknown column 'consumo' in 'field list'"}
Stack Trace:
Array
(
    [0] => Array
        (
            [file] => C:\wamp64\www\compras\src\includes\Database.php
            [line] => 89
            [function] => error
            [class] => Logger
            [type] => ->
        )

    [1] => Array
        (
            [file] => C:\wamp64\www\compras\src\models\Agua.php
            [line] => 36
            [function] => query
            [class] => Database
            [type] => ->
        )

)

[2025-09-02 17:06:45] [ERROR] [IP: ::1] [User: 1] Erro na execução da query {"query":"SELECT AVG(consumo) as media_consumo\r\n                FROM agua\r\n                WHERE data_vencimento >= DATE_SUB(CURRENT_DATE, INTERVAL 6 MONTH)","error":"Unknown column 'data_vencimento' in 'where clause'"}
Stack Trace:
Array
(
    [0] => Array
        (
            [file] => C:\wamp64\www\compras\src\includes\Database.php
            [line] => 89
            [function] => error
            [class] => Logger
            [type] => ->
        )

    [1] => Array
        (
            [file] => C:\wamp64\www\compras\src\models\Agua.php
            [line] => 36
            [function] => query
            [class] => Database
            [type] => ->
        )

)

[2025-09-02 17:20:31] [ERROR] [IP: ::1] [User: 1] Erro na execução da query {"query":"SELECT SUM(valor) as total\r\n                FROM agua\r\n                WHERE status = 'pendente'","error":"Unknown column 'status' in 'where clause'"}
Stack Trace:
Array
(
    [0] => Array
        (
            [file] => C:\wamp64\www\compras\src\includes\Database.php
            [line] => 89
            [function] => error
            [class] => Logger
            [type] => ->
        )

    [1] => Array
        (
            [file] => C:\wamp64\www\compras\src\models\Agua.php
            [line] => 45
            [function] => query
            [class] => Database
            [type] => ->
        )

)

[2025-09-02 17:25:07] [ERROR] [IP: ::1] [User: 1] Erro na execução da query {"query":"SELECT AVG(consumo) as media_consumo\r\n                FROM agua\r\n                WHERE data_vencimento >= DATE_SUB(CURRENT_DATE, INTERVAL 6 MONTH)","error":"Unknown column 'consumo' in 'field list'"}
Stack Trace:
Array
(
    [0] => Array
        (
            [file] => C:\wamp64\www\compras\src\includes\Database.php
            [line] => 89
            [function] => error
            [class] => Logger
            [type] => ->
        )

    [1] => Array
        (
            [file] => C:\wamp64\www\compras\src\models\Agua.php
            [line] => 36
            [function] => query
            [class] => Database
            [type] => ->
        )

)

[2025-09-02 17:28:58] [ERROR] [IP: ::1] [User: 1] Erro na execução da query {"query":"SELECT AVG(consumo) as media_consumo\r\n                FROM agua\r\n                WHERE data_vencimento >= DATE_SUB(CURRENT_DATE, INTERVAL 6 MONTH)","error":"Unknown column 'data_vencimento' in 'where clause'"}
Stack Trace:
Array
(
    [0] => Array
        (
            [file] => C:\wamp64\www\compras\src\includes\Database.php
            [line] => 89
            [function] => error
            [class] => Logger
            [type] => ->
        )

    [1] => Array
        (
            [file] => C:\wamp64\www\compras\src\models\Agua.php
            [line] => 36
            [function] => query
            [class] => Database
            [type] => ->
        )

)

[2025-09-02 18:38:24] [ERROR] [IP: ::1] [User: 1] Erro na execução da query {"query":"SELECT * FROM semparar ORDER BY data DESC","error":"Unknown column 'data' in 'order clause'"}
Stack Trace:
Array
(
    [0] => Array
        (
            [file] => C:\wamp64\www\compras\src\includes\Database.php
            [line] => 89
            [function] => error
            [class] => Logger
            [type] => ->
        )

    [1] => Array
        (
            [file] => C:\wamp64\www\compras\src\includes\Model.php
            [line] => 82
            [function] => query
            [class] => Database
            [type] => ->
        )

)

[2025-09-02 18:39:34] [ERROR] [IP: ::1] [User: 1] Erro na execução da query {"query":"SELECT * FROM semparar ORDER BY id DESC","error":"Unknown column 'id' in 'order clause'"}
Stack Trace:
Array
(
    [0] => Array
        (
            [file] => C:\wamp64\www\compras\src\includes\Database.php
            [line] => 89
            [function] => error
            [class] => Logger
            [type] => ->
        )

    [1] => Array
        (
            [file] => C:\wamp64\www\compras\src\includes\Model.php
            [line] => 82
            [function] => query
            [class] => Database
            [type] => ->
        )

)

[2025-09-02 18:39:41] [ERROR] [IP: ::1] [User: 1] Erro na execução da query {"query":"SELECT * FROM semparar ORDER BY data DESC","error":"Unknown column 'data' in 'order clause'"}
Stack Trace:
Array
(
    [0] => Array
        (
            [file] => C:\wamp64\www\compras\src\includes\Database.php
            [line] => 89
            [function] => error
            [class] => Logger
            [type] => ->
        )

    [1] => Array
        (
            [file] => C:\wamp64\www\compras\src\includes\Model.php
            [line] => 82
            [function] => query
            [class] => Database
            [type] => ->
        )

)

[2025-09-02 18:40:50] [ERROR] [IP: ::1] [User: 1] Erro na execução da query {"query":"SELECT * FROM semparar ORDER BY data DESC","error":"Unknown column 'data' in 'order clause'"}
Stack Trace:
Array
(
    [0] => Array
        (
            [file] => C:\wamp64\www\compras\src\includes\Database.php
            [line] => 89
            [function] => error
            [class] => Logger
            [type] => ->
        )

    [1] => Array
        (
            [file] => C:\wamp64\www\compras\src\includes\Model.php
            [line] => 82
            [function] => query
            [class] => Database
            [type] => ->
        )

)

[2025-09-02 18:42:08] [ERROR] [IP: ::1] [User: 1] Erro na execução da query {"query":"SELECT * FROM semparar ORDER BY data DESC","error":"Unknown column 'data' in 'order clause'"}
Stack Trace:
Array
(
    [0] => Array
        (
            [file] => C:\wamp64\www\compras\src\includes\Database.php
            [line] => 89
            [function] => error
            [class] => Logger
            [type] => ->
        )

    [1] => Array
        (
            [file] => C:\wamp64\www\compras\src\includes\Model.php
            [line] => 82
            [function] => query
            [class] => Database
            [type] => ->
        )

)

[2025-09-02 18:46:18] [ERROR] [IP: ::1] [User: 1] Erro na execução da query {"query":"SELECT SUM(valor) as total FROM semparar WHERE YEAR(data_org) = YEAR(CURRENT_DATE()) AND MONTH(data_org) = MONTH(CURRENT_DATE()) AND status = 'pago'","error":"Unknown column 'status' in 'where clause'"}
Stack Trace:
Array
(
    [0] => Array
        (
            [file] => C:\wamp64\www\compras\src\includes\Database.php
            [line] => 89
            [function] => error
            [class] => Logger
            [type] => ->
        )

    [1] => Array
        (
            [file] => C:\wamp64\www\compras\src\models\Semparar.php
            [line] => 24
            [function] => query
            [class] => Database
            [type] => ->
        )

)

[2025-09-02 18:46:48] [ERROR] [IP: ::1] [User: 1] Erro na execução da query {"query":"SELECT SUM(valor) as total FROM semparar WHERE YEAR(data_org) = YEAR(CURRENT_DATE()) AND MONTH(data_org) = MONTH(CURRENT_DATE()) AND status = 'pago'","error":"Unknown column 'status' in 'where clause'"}
Stack Trace:
Array
(
    [0] => Array
        (
            [file] => C:\wamp64\www\compras\src\includes\Database.php
            [line] => 89
            [function] => error
            [class] => Logger
            [type] => ->
        )

    [1] => Array
        (
            [file] => C:\wamp64\www\compras\src\models\Semparar.php
            [line] => 24
            [function] => query
            [class] => Database
            [type] => ->
        )

)

[2025-09-02 18:47:38] [ERROR] [IP: ::1] [User: 1] Erro na execução da query {"query":"SELECT SUM(valor) as total FROM semparar WHERE YEAR(data_org) = YEAR(CURRENT_DATE()) AND MONTH(data_org) = MONTH(CURRENT_DATE()) AND status = 'pago'","error":"Unknown column 'status' in 'where clause'"}
Stack Trace:
Array
(
    [0] => Array
        (
            [file] => C:\wamp64\www\compras\src\includes\Database.php
            [line] => 89
            [function] => error
            [class] => Logger
            [type] => ->
        )

    [1] => Array
        (
            [file] => C:\wamp64\www\compras\src\models\Semparar.php
            [line] => 24
            [function] => query
            [class] => Database
            [type] => ->
        )

)

[2025-09-02 18:47:45] [ERROR] [IP: ::1] [User: 1] Erro na execução da query {"query":"SELECT SUM(valor) as total FROM semparar WHERE YEAR(data_org) = YEAR(CURRENT_DATE()) AND MONTH(data_org) = MONTH(CURRENT_DATE()) AND status = 'pago'","error":"Unknown column 'status' in 'where clause'"}
Stack Trace:
Array
(
    [0] => Array
        (
            [file] => C:\wamp64\www\compras\src\includes\Database.php
            [line] => 89
            [function] => error
            [class] => Logger
            [type] => ->
        )

    [1] => Array
        (
            [file] => C:\wamp64\www\compras\src\models\Semparar.php
            [line] => 24
            [function] => query
            [class] => Database
            [type] => ->
        )

)

[2025-09-02 18:48:17] [ERROR] [IP: ::1] [User: 1] Erro na execução da query {"query":"SELECT SUM(valor) as total FROM semparar WHERE YEAR(data_org) = YEAR(CURRENT_DATE()) AND MONTH(data_org) = MONTH(CURRENT_DATE()) AND status = 'pago'","error":"Unknown column 'status' in 'where clause'"}
Stack Trace:
Array
(
    [0] => Array
        (
            [file] => C:\wamp64\www\compras\src\includes\Database.php
            [line] => 89
            [function] => error
            [class] => Logger
            [type] => ->
        )

    [1] => Array
        (
            [file] => C:\wamp64\www\compras\src\models\Semparar.php
            [line] => 24
            [function] => query
            [class] => Database
            [type] => ->
        )

)

[2025-09-02 18:48:20] [ERROR] [IP: ::1] [User: 1] Erro na execução da query {"query":"SELECT SUM(valor) as total FROM semparar WHERE YEAR(data_org) = YEAR(CURRENT_DATE()) AND MONTH(data_org) = MONTH(CURRENT_DATE()) AND status = 'pago'","error":"Unknown column 'status' in 'where clause'"}
Stack Trace:
Array
(
    [0] => Array
        (
            [file] => C:\wamp64\www\compras\src\includes\Database.php
            [line] => 89
            [function] => error
            [class] => Logger
            [type] => ->
        )

    [1] => Array
        (
            [file] => C:\wamp64\www\compras\src\models\Semparar.php
            [line] => 24
            [function] => query
            [class] => Database
            [type] => ->
        )

)

[2025-09-02 18:48:24] [ERROR] [IP: ::1] [User: 1] Erro na execução da query {"query":"SELECT SUM(valor) as total FROM semparar WHERE YEAR(data_org) = YEAR(CURRENT_DATE()) AND MONTH(data_org) = MONTH(CURRENT_DATE()) AND status = 'pago'","error":"Unknown column 'status' in 'where clause'"}
Stack Trace:
Array
(
    [0] => Array
        (
            [file] => C:\wamp64\www\compras\src\includes\Database.php
            [line] => 89
            [function] => error
            [class] => Logger
            [type] => ->
        )

    [1] => Array
        (
            [file] => C:\wamp64\www\compras\src\models\Semparar.php
            [line] => 24
            [function] => query
            [class] => Database
            [type] => ->
        )

)

[2025-09-02 18:49:00] [ERROR] [IP: ::1] [User: 1] Erro na execução da query {"query":"SELECT SUM(valor) as total FROM semparar WHERE YEAR(data_org) = YEAR(CURRENT_DATE()) AND MONTH(data_org) = MONTH(CURRENT_DATE()) AND status = 'pago'","error":"Unknown column 'status' in 'where clause'"}
Stack Trace:
Array
(
    [0] => Array
        (
            [file] => C:\wamp64\www\compras\src\includes\Database.php
            [line] => 89
            [function] => error
            [class] => Logger
            [type] => ->
        )

    [1] => Array
        (
            [file] => C:\wamp64\www\compras\src\models\Semparar.php
            [line] => 24
            [function] => query
            [class] => Database
            [type] => ->
        )

)

[2025-09-05 18:51:21] [ERROR] [IP: ::1] [User: 1] Erro ao preparar query {"query":"INSERT INTO agua (data_vencimento, valor, consumo, local, observacoes, criado_por) VALUES (?, ?, ?, ?, ?, ?)","error":"Unknown column 'local' in 'field list'"}
Stack Trace:
Array
(
    [0] => Array
        (
            [file] => C:\wamp64\www\compras\src\includes\Database.php
            [line] => 66
            [function] => error
            [class] => Logger
            [type] => ->
        )

    [1] => Array
        (
            [file] => C:\wamp64\www\compras\src\includes\Model.php
            [line] => 19
            [function] => prepare
            [class] => Database
            [type] => ->
        )

)

[2025-09-05 18:56:37] [ERROR] [IP: ::1] [User: 1] Erro ao preparar query {"query":"INSERT INTO agua (data_vencimento, valor, consumo, local, observacoes, criado_por) VALUES (?, ?, ?, ?, ?, ?)","error":"Unknown column 'observacoes' in 'field list'"}
Stack Trace:
Array
(
    [0] => Array
        (
            [file] => C:\wamp64\www\compras\src\includes\Database.php
            [line] => 66
            [function] => error
            [class] => Logger
            [type] => ->
        )

    [1] => Array
        (
            [file] => C:\wamp64\www\compras\src\includes\Model.php
            [line] => 19
            [function] => prepare
            [class] => Database
            [type] => ->
        )

)

[2025-09-05 19:24:30] [ERROR] [IP: ::1] [User: 1] Erro ao preparar query {"query":"SELECT * FROM telefone ORDER BY id_telefone DESC","error":"Unknown column 'id_telefone' in 'order clause'"}
Stack Trace:
Array
(
    [0] => Array
        (
            [file] => C:\wamp64\www\compras\src\includes\Database.php
            [line] => 66
            [function] => error
            [class] => Logger
            [type] => ->
        )

    [1] => Array
        (
            [file] => C:\wamp64\www\compras\src\models\Telefone.php
            [line] => 33
            [function] => prepare
            [class] => Database
            [type] => ->
        )

)

[2025-10-14 14:08:22] [ERROR] [IP: ::1] [User: 1] Erro ao buscar registros com filtros {"error":"SQLSTATE[42S02]: Base table or view not found: 1146 Table 'compras.energia' doesn't exist","trace":"#0 C:\\wamp64\\www\\compras\\src\\models\\Energia.php(59): PDO->prepare('SELECT * FROM e...')\n#1 C:\\wamp64\\www\\compras\\src\\controllers\\BaseController.php(39): Energia->buscarComFiltros(Array)\n#2 C:\\wamp64\\www\\compras\\public\\energia.php(26): BaseController->index()\n#3 {main}"}
Stack Trace:
Array
(
    [0] => Array
        (
            [file] => C:\wamp64\www\compras\src\models\Energia.php
            [line] => 66
            [function] => error
            [class] => Logger
            [type] => ->
        )

    [1] => Array
        (
            [file] => C:\wamp64\www\compras\src\controllers\BaseController.php
            [line] => 39
            [function] => buscarComFiltros
            [class] => Energia
            [type] => ->
        )

)

[2025-10-14 14:08:22] [ERROR] [IP: ::1] [User: 1] Erro ao calcular total pendente {"error":"SQLSTATE[42S02]: Base table or view not found: 1146 Table 'compras.energia' doesn't exist","trace":"#0 C:\\wamp64\\www\\compras\\src\\models\\Energia.php(120): PDO->query('SELECT SUM(valo...')\n#1 C:\\wamp64\\www\\compras\\src\\controllers\\BaseController.php(40): Energia->getTotalPendente()\n#2 C:\\wamp64\\www\\compras\\public\\energia.php(26): BaseController->index()\n#3 {main}"}
Stack Trace:
Array
(
    [0] => Array
        (
            [file] => C:\wamp64\www\compras\src\models\Energia.php
            [line] => 124
            [function] => error
            [class] => Logger
            [type] => ->
        )

    [1] => Array
        (
            [file] => C:\wamp64\www\compras\src\controllers\BaseController.php
            [line] => 40
            [function] => getTotalPendente
            [class] => Energia
            [type] => ->
        )

)

[2025-10-14 14:08:22] [ERROR] [IP: ::1] [User: 1] Erro ao calcular média de consumo {"error":"SQLSTATE[42S02]: Base table or view not found: 1146 Table 'compras.energia' doesn't exist","trace":"#0 C:\\wamp64\\www\\compras\\src\\models\\Energia.php(102): PDO->query('SELECT AVG(cons...')\n#1 C:\\wamp64\\www\\compras\\src\\controllers\\BaseController.php(41): Energia->getMediaConsumo()\n#2 C:\\wamp64\\www\\compras\\public\\energia.php(26): BaseController->index()\n#3 {main}"}
Stack Trace:
Array
(
    [0] => Array
        (
            [file] => C:\wamp64\www\compras\src\models\Energia.php
            [line] => 106
            [function] => error
            [class] => Logger
            [type] => ->
        )

    [1] => Array
        (
            [file] => C:\wamp64\www\compras\src\controllers\BaseController.php
            [line] => 41
            [function] => getMediaConsumo
            [class] => Energia
            [type] => ->
        )

)

[2025-10-14 14:08:22] [ERROR] [IP: ::1] [User: 1] Erro ao buscar consumo mensal {"error":"SQLSTATE[42S02]: Base table or view not found: 1146 Table 'compras.energia' doesn't exist","trace":"#0 C:\\wamp64\\www\\compras\\src\\models\\Energia.php(85): PDO->query('SELECT\\r\\n       ...')\n#1 C:\\wamp64\\www\\compras\\src\\controllers\\BaseController.php(42): Energia->getConsumoMensal()\n#2 C:\\wamp64\\www\\compras\\public\\energia.php(26): BaseController->index()\n#3 {main}"}
Stack Trace:
Array
(
    [0] => Array
        (
            [file] => C:\wamp64\www\compras\src\models\Energia.php
            [line] => 88
            [function] => error
            [class] => Logger
            [type] => ->
        )

    [1] => Array
        (
            [file] => C:\wamp64\www\compras\src\controllers\BaseController.php
            [line] => 42
            [function] => getConsumoMensal
            [class] => Energia
            [type] => ->
        )

)

[2025-10-14 14:08:59] [ERROR] [IP: ::1] [User: 1] Erro ao buscar registros com filtros {"error":"SQLSTATE[42S02]: Base table or view not found: 1146 Table 'compras.telefone' doesn't exist","trace":"#0 C:\\wamp64\\www\\compras\\src\\models\\Telefone.php(56): PDO->prepare('SELECT * FROM t...')\n#1 C:\\wamp64\\www\\compras\\src\\controllers\\BaseController.php(39): Telefone->buscarComFiltros(Array)\n#2 C:\\wamp64\\www\\compras\\public\\telefone.php(26): BaseController->index()\n#3 {main}"}
Stack Trace:
Array
(
    [0] => Array
        (
            [file] => C:\wamp64\www\compras\src\models\Telefone.php
            [line] => 63
            [function] => error
            [class] => Logger
            [type] => ->
        )

    [1] => Array
        (
            [file] => C:\wamp64\www\compras\src\controllers\BaseController.php
            [line] => 39
            [function] => buscarComFiltros
            [class] => Telefone
            [type] => ->
        )

)

[2025-10-14 14:08:59] [ERROR] [IP: ::1] [User: 1] Erro ao calcular total pendente {"error":"SQLSTATE[42S02]: Base table or view not found: 1146 Table 'compras.telefone' doesn't exist","trace":"#0 C:\\wamp64\\www\\compras\\src\\models\\Telefone.php(123): PDO->query('SELECT SUM(valo...')\n#1 C:\\wamp64\\www\\compras\\src\\controllers\\BaseController.php(40): Telefone->getTotalPendente()\n#2 C:\\wamp64\\www\\compras\\public\\telefone.php(26): BaseController->index()\n#3 {main}"}
Stack Trace:
Array
(
    [0] => Array
        (
            [file] => C:\wamp64\www\compras\src\models\Telefone.php
            [line] => 127
            [function] => error
            [class] => Logger
            [type] => ->
        )

    [1] => Array
        (
            [file] => C:\wamp64\www\compras\src\controllers\BaseController.php
            [line] => 40
            [function] => getTotalPendente
            [class] => Telefone
            [type] => ->
        )

)

[2025-10-14 14:08:59] [ERROR] [IP: ::1] [User: 1] Erro ao calcular média de consumo {"error":"SQLSTATE[42S02]: Base table or view not found: 1146 Table 'compras.telefone' doesn't exist","trace":"#0 C:\\wamp64\\www\\compras\\src\\models\\Telefone.php(102): PDO->query('SELECT \\r\\n      ...')\n#1 C:\\wamp64\\www\\compras\\src\\controllers\\BaseController.php(41): Telefone->getMediaConsumo()\n#2 C:\\wamp64\\www\\compras\\public\\telefone.php(26): BaseController->index()\n#3 {main}"}
Stack Trace:
Array
(
    [0] => Array
        (
            [file] => C:\wamp64\www\compras\src\models\Telefone.php
            [line] => 109
            [function] => error
            [class] => Logger
            [type] => ->
        )

    [1] => Array
        (
            [file] => C:\wamp64\www\compras\src\controllers\BaseController.php
            [line] => 41
            [function] => getMediaConsumo
            [class] => Telefone
            [type] => ->
        )

)

[2025-10-14 14:08:59] [ERROR] [IP: ::1] [User: 1] Erro ao buscar consumo mensal {"error":"SQLSTATE[42S02]: Base table or view not found: 1146 Table 'compras.telefone' doesn't exist","trace":"#0 C:\\wamp64\\www\\compras\\src\\models\\Telefone.php(83): PDO->query('SELECT\\r\\n       ...')\n#1 C:\\wamp64\\www\\compras\\src\\controllers\\BaseController.php(42): Telefone->getConsumoMensal()\n#2 C:\\wamp64\\www\\compras\\public\\telefone.php(26): BaseController->index()\n#3 {main}"}
Stack Trace:
Array
(
    [0] => Array
        (
            [file] => C:\wamp64\www\compras\src\models\Telefone.php
            [line] => 86
            [function] => error
            [class] => Logger
            [type] => ->
        )

    [1] => Array
        (
            [file] => C:\wamp64\www\compras\src\controllers\BaseController.php
            [line] => 42
            [function] => getConsumoMensal
            [class] => Telefone
            [type] => ->
        )

)

[2025-10-14 15:08:32] [ERROR] [IP: ::1] [User: 1] Erro ao buscar registros com filtros {"error":"SQLSTATE[42S02]: Base table or view not found: 1146 Table 'compras.internet' doesn't exist","trace":"#0 C:\\wamp64\\www\\compras\\src\\models\\Internet.php(59): PDO->prepare('SELECT * FROM i...')\n#1 C:\\wamp64\\www\\compras\\src\\controllers\\BaseController.php(39): Internet->buscarComFiltros(Array)\n#2 C:\\wamp64\\www\\compras\\public\\internet.php(26): BaseController->index()\n#3 {main}"}
Stack Trace:
Array
(
    [0] => Array
        (
            [file] => C:\wamp64\www\compras\src\models\Internet.php
            [line] => 66
            [function] => error
            [class] => Logger
            [type] => ->
        )

    [1] => Array
        (
            [file] => C:\wamp64\www\compras\src\controllers\BaseController.php
            [line] => 39
            [function] => buscarComFiltros
            [class] => Internet
            [type] => ->
        )

)

[2025-10-14 15:08:32] [ERROR] [IP: ::1] [User: 1] Erro ao calcular total pendente {"error":"SQLSTATE[42S02]: Base table or view not found: 1146 Table 'compras.internet' doesn't exist","trace":"#0 C:\\wamp64\\www\\compras\\src\\models\\Internet.php(128): PDO->query('SELECT SUM(valo...')\n#1 C:\\wamp64\\www\\compras\\src\\controllers\\BaseController.php(40): Internet->getTotalPendente()\n#2 C:\\wamp64\\www\\compras\\public\\internet.php(26): BaseController->index()\n#3 {main}"}
Stack Trace:
Array
(
    [0] => Array
        (
            [file] => C:\wamp64\www\compras\src\models\Internet.php
            [line] => 132
            [function] => error
            [class] => Logger
            [type] => ->
        )

    [1] => Array
        (
            [file] => C:\wamp64\www\compras\src\controllers\BaseController.php
            [line] => 40
            [function] => getTotalPendente
            [class] => Internet
            [type] => ->
        )

)

[2025-10-14 15:08:36] [ERROR] [IP: ::1] [User: 1] Erro ao buscar registros com filtros {"error":"SQLSTATE[42S02]: Base table or view not found: 1146 Table 'compras.energia' doesn't exist","trace":"#0 C:\\wamp64\\www\\compras\\src\\models\\Energia.php(59): PDO->prepare('SELECT * FROM e...')\n#1 C:\\wamp64\\www\\compras\\src\\controllers\\BaseController.php(39): Energia->buscarComFiltros(Array)\n#2 C:\\wamp64\\www\\compras\\public\\energia.php(26): BaseController->index()\n#3 {main}"}
Stack Trace:
Array
(
    [0] => Array
        (
            [file] => C:\wamp64\www\compras\src\models\Energia.php
            [line] => 66
            [function] => error
            [class] => Logger
            [type] => ->
        )

    [1] => Array
        (
            [file] => C:\wamp64\www\compras\src\controllers\BaseController.php
            [line] => 39
            [function] => buscarComFiltros
            [class] => Energia
            [type] => ->
        )

)

[2025-10-14 15:08:36] [ERROR] [IP: ::1] [User: 1] Erro ao calcular total pendente {"error":"SQLSTATE[42S02]: Base table or view not found: 1146 Table 'compras.energia' doesn't exist","trace":"#0 C:\\wamp64\\www\\compras\\src\\models\\Energia.php(120): PDO->query('SELECT SUM(valo...')\n#1 C:\\wamp64\\www\\compras\\src\\controllers\\BaseController.php(40): Energia->getTotalPendente()\n#2 C:\\wamp64\\www\\compras\\public\\energia.php(26): BaseController->index()\n#3 {main}"}
Stack Trace:
Array
(
    [0] => Array
        (
            [file] => C:\wamp64\www\compras\src\models\Energia.php
            [line] => 124
            [function] => error
            [class] => Logger
            [type] => ->
        )

    [1] => Array
        (
            [file] => C:\wamp64\www\compras\src\controllers\BaseController.php
            [line] => 40
            [function] => getTotalPendente
            [class] => Energia
            [type] => ->
        )

)

[2025-10-14 15:08:36] [ERROR] [IP: ::1] [User: 1] Erro ao calcular média de consumo {"error":"SQLSTATE[42S02]: Base table or view not found: 1146 Table 'compras.energia' doesn't exist","trace":"#0 C:\\wamp64\\www\\compras\\src\\models\\Energia.php(102): PDO->query('SELECT AVG(cons...')\n#1 C:\\wamp64\\www\\compras\\src\\controllers\\BaseController.php(41): Energia->getMediaConsumo()\n#2 C:\\wamp64\\www\\compras\\public\\energia.php(26): BaseController->index()\n#3 {main}"}
Stack Trace:
Array
(
    [0] => Array
        (
            [file] => C:\wamp64\www\compras\src\models\Energia.php
            [line] => 106
            [function] => error
            [class] => Logger
            [type] => ->
        )

    [1] => Array
        (
            [file] => C:\wamp64\www\compras\src\controllers\BaseController.php
            [line] => 41
            [function] => getMediaConsumo
            [class] => Energia
            [type] => ->
        )

)

[2025-10-14 15:08:36] [ERROR] [IP: ::1] [User: 1] Erro ao buscar consumo mensal {"error":"SQLSTATE[42S02]: Base table or view not found: 1146 Table 'compras.energia' doesn't exist","trace":"#0 C:\\wamp64\\www\\compras\\src\\models\\Energia.php(85): PDO->query('SELECT\\r\\n       ...')\n#1 C:\\wamp64\\www\\compras\\src\\controllers\\BaseController.php(42): Energia->getConsumoMensal()\n#2 C:\\wamp64\\www\\compras\\public\\energia.php(26): BaseController->index()\n#3 {main}"}
Stack Trace:
Array
(
    [0] => Array
        (
            [file] => C:\wamp64\www\compras\src\models\Energia.php
            [line] => 88
            [function] => error
            [class] => Logger
            [type] => ->
        )

    [1] => Array
        (
            [file] => C:\wamp64\www\compras\src\controllers\BaseController.php
            [line] => 42
            [function] => getConsumoMensal
            [class] => Energia
            [type] => ->
        )

)

[2025-10-14 15:08:40] [ERROR] [IP: ::1] [User: 1] Erro ao buscar registros com filtros {"error":"SQLSTATE[42S02]: Base table or view not found: 1146 Table 'compras.telefone' doesn't exist","trace":"#0 C:\\wamp64\\www\\compras\\src\\models\\Telefone.php(56): PDO->prepare('SELECT * FROM t...')\n#1 C:\\wamp64\\www\\compras\\src\\controllers\\BaseController.php(39): Telefone->buscarComFiltros(Array)\n#2 C:\\wamp64\\www\\compras\\public\\telefone.php(26): BaseController->index()\n#3 {main}"}
Stack Trace:
Array
(
    [0] => Array
        (
            [file] => C:\wamp64\www\compras\src\models\Telefone.php
            [line] => 63
            [function] => error
            [class] => Logger
            [type] => ->
        )

    [1] => Array
        (
            [file] => C:\wamp64\www\compras\src\controllers\BaseController.php
            [line] => 39
            [function] => buscarComFiltros
            [class] => Telefone
            [type] => ->
        )

)

[2025-10-14 15:08:40] [ERROR] [IP: ::1] [User: 1] Erro ao calcular total pendente {"error":"SQLSTATE[42S02]: Base table or view not found: 1146 Table 'compras.telefone' doesn't exist","trace":"#0 C:\\wamp64\\www\\compras\\src\\models\\Telefone.php(123): PDO->query('SELECT SUM(valo...')\n#1 C:\\wamp64\\www\\compras\\src\\controllers\\BaseController.php(40): Telefone->getTotalPendente()\n#2 C:\\wamp64\\www\\compras\\public\\telefone.php(26): BaseController->index()\n#3 {main}"}
Stack Trace:
Array
(
    [0] => Array
        (
            [file] => C:\wamp64\www\compras\src\models\Telefone.php
            [line] => 127
            [function] => error
            [class] => Logger
            [type] => ->
        )

    [1] => Array
        (
            [file] => C:\wamp64\www\compras\src\controllers\BaseController.php
            [line] => 40
            [function] => getTotalPendente
            [class] => Telefone
            [type] => ->
        )

)

[2025-10-14 15:08:40] [ERROR] [IP: ::1] [User: 1] Erro ao calcular média de consumo {"error":"SQLSTATE[42S02]: Base table or view not found: 1146 Table 'compras.telefone' doesn't exist","trace":"#0 C:\\wamp64\\www\\compras\\src\\models\\Telefone.php(102): PDO->query('SELECT \\r\\n      ...')\n#1 C:\\wamp64\\www\\compras\\src\\controllers\\BaseController.php(41): Telefone->getMediaConsumo()\n#2 C:\\wamp64\\www\\compras\\public\\telefone.php(26): BaseController->index()\n#3 {main}"}
Stack Trace:
Array
(
    [0] => Array
        (
            [file] => C:\wamp64\www\compras\src\models\Telefone.php
            [line] => 109
            [function] => error
            [class] => Logger
            [type] => ->
        )

    [1] => Array
        (
            [file] => C:\wamp64\www\compras\src\controllers\BaseController.php
            [line] => 41
            [function] => getMediaConsumo
            [class] => Telefone
            [type] => ->
        )

)

[2025-10-14 15:08:40] [ERROR] [IP: ::1] [User: 1] Erro ao buscar consumo mensal {"error":"SQLSTATE[42S02]: Base table or view not found: 1146 Table 'compras.telefone' doesn't exist","trace":"#0 C:\\wamp64\\www\\compras\\src\\models\\Telefone.php(83): PDO->query('SELECT\\r\\n       ...')\n#1 C:\\wamp64\\www\\compras\\src\\controllers\\BaseController.php(42): Telefone->getConsumoMensal()\n#2 C:\\wamp64\\www\\compras\\public\\telefone.php(26): BaseController->index()\n#3 {main}"}
Stack Trace:
Array
(
    [0] => Array
        (
            [file] => C:\wamp64\www\compras\src\models\Telefone.php
            [line] => 86
            [function] => error
            [class] => Logger
            [type] => ->
        )

    [1] => Array
        (
            [file] => C:\wamp64\www\compras\src\controllers\BaseController.php
            [line] => 42
            [function] => getConsumoMensal
            [class] => Telefone
            [type] => ->
        )

)

[2025-10-14 15:09:10] [ERROR] [IP: ::1] [User: 1] Erro ao buscar registros com filtros {"error":"SQLSTATE[42S02]: Base table or view not found: 1146 Table 'compras.telefone' doesn't exist","trace":"#0 C:\\wamp64\\www\\compras\\src\\models\\Telefone.php(56): PDO->prepare('SELECT * FROM t...')\n#1 C:\\wamp64\\www\\compras\\src\\controllers\\BaseController.php(39): Telefone->buscarComFiltros(Array)\n#2 C:\\wamp64\\www\\compras\\public\\telefone.php(26): BaseController->index()\n#3 {main}"}
Stack Trace:
Array
(
    [0] => Array
        (
            [file] => C:\wamp64\www\compras\src\models\Telefone.php
            [line] => 63
            [function] => error
            [class] => Logger
            [type] => ->
        )

    [1] => Array
        (
            [file] => C:\wamp64\www\compras\src\controllers\BaseController.php
            [line] => 39
            [function] => buscarComFiltros
            [class] => Telefone
            [type] => ->
        )

)

[2025-10-14 15:09:10] [ERROR] [IP: ::1] [User: 1] Erro ao calcular total pendente {"error":"SQLSTATE[42S02]: Base table or view not found: 1146 Table 'compras.telefone' doesn't exist","trace":"#0 C:\\wamp64\\www\\compras\\src\\models\\Telefone.php(123): PDO->query('SELECT SUM(valo...')\n#1 C:\\wamp64\\www\\compras\\src\\controllers\\BaseController.php(40): Telefone->getTotalPendente()\n#2 C:\\wamp64\\www\\compras\\public\\telefone.php(26): BaseController->index()\n#3 {main}"}
Stack Trace:
Array
(
    [0] => Array
        (
            [file] => C:\wamp64\www\compras\src\models\Telefone.php
            [line] => 127
            [function] => error
            [class] => Logger
            [type] => ->
        )

    [1] => Array
        (
            [file] => C:\wamp64\www\compras\src\controllers\BaseController.php
            [line] => 40
            [function] => getTotalPendente
            [class] => Telefone
            [type] => ->
        )

)

[2025-10-14 15:09:10] [ERROR] [IP: ::1] [User: 1] Erro ao calcular média de consumo {"error":"SQLSTATE[42S02]: Base table or view not found: 1146 Table 'compras.telefone' doesn't exist","trace":"#0 C:\\wamp64\\www\\compras\\src\\models\\Telefone.php(102): PDO->query('SELECT \\r\\n      ...')\n#1 C:\\wamp64\\www\\compras\\src\\controllers\\BaseController.php(41): Telefone->getMediaConsumo()\n#2 C:\\wamp64\\www\\compras\\public\\telefone.php(26): BaseController->index()\n#3 {main}"}
Stack Trace:
Array
(
    [0] => Array
        (
            [file] => C:\wamp64\www\compras\src\models\Telefone.php
            [line] => 109
            [function] => error
            [class] => Logger
            [type] => ->
        )

    [1] => Array
        (
            [file] => C:\wamp64\www\compras\src\controllers\BaseController.php
            [line] => 41
            [function] => getMediaConsumo
            [class] => Telefone
            [type] => ->
        )

)

[2025-10-14 15:09:10] [ERROR] [IP: ::1] [User: 1] Erro ao buscar consumo mensal {"error":"SQLSTATE[42S02]: Base table or view not found: 1146 Table 'compras.telefone' doesn't exist","trace":"#0 C:\\wamp64\\www\\compras\\src\\models\\Telefone.php(83): PDO->query('SELECT\\r\\n       ...')\n#1 C:\\wamp64\\www\\compras\\src\\controllers\\BaseController.php(42): Telefone->getConsumoMensal()\n#2 C:\\wamp64\\www\\compras\\public\\telefone.php(26): BaseController->index()\n#3 {main}"}
Stack Trace:
Array
(
    [0] => Array
        (
            [file] => C:\wamp64\www\compras\src\models\Telefone.php
            [line] => 86
            [function] => error
            [class] => Logger
            [type] => ->
        )

    [1] => Array
        (
            [file] => C:\wamp64\www\compras\src\controllers\BaseController.php
            [line] => 42
            [function] => getConsumoMensal
            [class] => Telefone
            [type] => ->
        )

)

[2025-10-14 15:09:26] [ERROR] [IP: ::1] [User: 1] Erro ao buscar registros com filtros {"error":"SQLSTATE[42S02]: Base table or view not found: 1146 Table 'compras.internet' doesn't exist","trace":"#0 C:\\wamp64\\www\\compras\\src\\models\\Internet.php(59): PDO->prepare('SELECT * FROM i...')\n#1 C:\\wamp64\\www\\compras\\src\\controllers\\BaseController.php(39): Internet->buscarComFiltros(Array)\n#2 C:\\wamp64\\www\\compras\\public\\internet.php(26): BaseController->index()\n#3 {main}"}
Stack Trace:
Array
(
    [0] => Array
        (
            [file] => C:\wamp64\www\compras\src\models\Internet.php
            [line] => 66
            [function] => error
            [class] => Logger
            [type] => ->
        )

    [1] => Array
        (
            [file] => C:\wamp64\www\compras\src\controllers\BaseController.php
            [line] => 39
            [function] => buscarComFiltros
            [class] => Internet
            [type] => ->
        )

)

[2025-10-14 15:09:26] [ERROR] [IP: ::1] [User: 1] Erro ao calcular total pendente {"error":"SQLSTATE[42S02]: Base table or view not found: 1146 Table 'compras.internet' doesn't exist","trace":"#0 C:\\wamp64\\www\\compras\\src\\models\\Internet.php(128): PDO->query('SELECT SUM(valo...')\n#1 C:\\wamp64\\www\\compras\\src\\controllers\\BaseController.php(40): Internet->getTotalPendente()\n#2 C:\\wamp64\\www\\compras\\public\\internet.php(26): BaseController->index()\n#3 {main}"}
Stack Trace:
Array
(
    [0] => Array
        (
            [file] => C:\wamp64\www\compras\src\models\Internet.php
            [line] => 132
            [function] => error
            [class] => Logger
            [type] => ->
        )

    [1] => Array
        (
            [file] => C:\wamp64\www\compras\src\controllers\BaseController.php
            [line] => 40
            [function] => getTotalPendente
            [class] => Internet
            [type] => ->
        )

)

[2025-10-14 15:12:48] [ERROR] [IP: ::1] [User: 1] Erro ao buscar registros com filtros {"error":"SQLSTATE[42S02]: Base table or view not found: 1146 Table 'compras.telefone' doesn't exist","trace":"#0 C:\\wamp64\\www\\compras\\src\\models\\Telefone.php(56): PDO->prepare('SELECT * FROM t...')\n#1 C:\\wamp64\\www\\compras\\src\\controllers\\BaseController.php(39): Telefone->buscarComFiltros(Array)\n#2 C:\\wamp64\\www\\compras\\public\\telefone.php(26): BaseController->index()\n#3 {main}"}
Stack Trace:
Array
(
    [0] => Array
        (
            [file] => C:\wamp64\www\compras\src\models\Telefone.php
            [line] => 63
            [function] => error
            [class] => Logger
            [type] => ->
        )

    [1] => Array
        (
            [file] => C:\wamp64\www\compras\src\controllers\BaseController.php
            [line] => 39
            [function] => buscarComFiltros
            [class] => Telefone
            [type] => ->
        )

)

[2025-10-14 15:12:48] [ERROR] [IP: ::1] [User: 1] Erro ao calcular total pendente {"error":"SQLSTATE[42S02]: Base table or view not found: 1146 Table 'compras.telefone' doesn't exist","trace":"#0 C:\\wamp64\\www\\compras\\src\\models\\Telefone.php(123): PDO->query('SELECT SUM(valo...')\n#1 C:\\wamp64\\www\\compras\\src\\controllers\\BaseController.php(40): Telefone->getTotalPendente()\n#2 C:\\wamp64\\www\\compras\\public\\telefone.php(26): BaseController->index()\n#3 {main}"}
Stack Trace:
Array
(
    [0] => Array
        (
            [file] => C:\wamp64\www\compras\src\models\Telefone.php
            [line] => 127
            [function] => error
            [class] => Logger
            [type] => ->
        )

    [1] => Array
        (
            [file] => C:\wamp64\www\compras\src\controllers\BaseController.php
            [line] => 40
            [function] => getTotalPendente
            [class] => Telefone
            [type] => ->
        )

)

[2025-10-14 15:12:48] [ERROR] [IP: ::1] [User: 1] Erro ao calcular média de consumo {"error":"SQLSTATE[42S02]: Base table or view not found: 1146 Table 'compras.telefone' doesn't exist","trace":"#0 C:\\wamp64\\www\\compras\\src\\models\\Telefone.php(102): PDO->query('SELECT \\r\\n      ...')\n#1 C:\\wamp64\\www\\compras\\src\\controllers\\BaseController.php(41): Telefone->getMediaConsumo()\n#2 C:\\wamp64\\www\\compras\\public\\telefone.php(26): BaseController->index()\n#3 {main}"}
Stack Trace:
Array
(
    [0] => Array
        (
            [file] => C:\wamp64\www\compras\src\models\Telefone.php
            [line] => 109
            [function] => error
            [class] => Logger
            [type] => ->
        )

    [1] => Array
        (
            [file] => C:\wamp64\www\compras\src\controllers\BaseController.php
            [line] => 41
            [function] => getMediaConsumo
            [class] => Telefone
            [type] => ->
        )

)

[2025-10-14 15:12:48] [ERROR] [IP: ::1] [User: 1] Erro ao buscar consumo mensal {"error":"SQLSTATE[42S02]: Base table or view not found: 1146 Table 'compras.telefone' doesn't exist","trace":"#0 C:\\wamp64\\www\\compras\\src\\models\\Telefone.php(83): PDO->query('SELECT\\r\\n       ...')\n#1 C:\\wamp64\\www\\compras\\src\\controllers\\BaseController.php(42): Telefone->getConsumoMensal()\n#2 C:\\wamp64\\www\\compras\\public\\telefone.php(26): BaseController->index()\n#3 {main}"}
Stack Trace:
Array
(
    [0] => Array
        (
            [file] => C:\wamp64\www\compras\src\models\Telefone.php
            [line] => 86
            [function] => error
            [class] => Logger
            [type] => ->
        )

    [1] => Array
        (
            [file] => C:\wamp64\www\compras\src\controllers\BaseController.php
            [line] => 42
            [function] => getConsumoMensal
            [class] => Telefone
            [type] => ->
        )

)

[2025-10-14 15:12:50] [ERROR] [IP: ::1] [User: 1] Erro ao buscar registros com filtros {"error":"SQLSTATE[42S02]: Base table or view not found: 1146 Table 'compras.internet' doesn't exist","trace":"#0 C:\\wamp64\\www\\compras\\src\\models\\Internet.php(59): PDO->prepare('SELECT * FROM i...')\n#1 C:\\wamp64\\www\\compras\\src\\controllers\\BaseController.php(39): Internet->buscarComFiltros(Array)\n#2 C:\\wamp64\\www\\compras\\public\\internet.php(26): BaseController->index()\n#3 {main}"}
Stack Trace:
Array
(
    [0] => Array
        (
            [file] => C:\wamp64\www\compras\src\models\Internet.php
            [line] => 66
            [function] => error
            [class] => Logger
            [type] => ->
        )

    [1] => Array
        (
            [file] => C:\wamp64\www\compras\src\controllers\BaseController.php
            [line] => 39
            [function] => buscarComFiltros
            [class] => Internet
            [type] => ->
        )

)

[2025-10-14 15:12:50] [ERROR] [IP: ::1] [User: 1] Erro ao calcular total pendente {"error":"SQLSTATE[42S02]: Base table or view not found: 1146 Table 'compras.internet' doesn't exist","trace":"#0 C:\\wamp64\\www\\compras\\src\\models\\Internet.php(128): PDO->query('SELECT SUM(valo...')\n#1 C:\\wamp64\\www\\compras\\src\\controllers\\BaseController.php(40): Internet->getTotalPendente()\n#2 C:\\wamp64\\www\\compras\\public\\internet.php(26): BaseController->index()\n#3 {main}"}
Stack Trace:
Array
(
    [0] => Array
        (
            [file] => C:\wamp64\www\compras\src\models\Internet.php
            [line] => 132
            [function] => error
            [class] => Logger
            [type] => ->
        )

    [1] => Array
        (
            [file] => C:\wamp64\www\compras\src\controllers\BaseController.php
            [line] => 40
            [function] => getTotalPendente
            [class] => Internet
            [type] => ->
        )

)

[2025-10-14 15:14:18] [ERROR] [IP: ::1] [User: 1] Erro ao buscar registros com filtros {"error":"SQLSTATE[42S02]: Base table or view not found: 1146 Table 'compras.internet' doesn't exist","trace":"#0 C:\\wamp64\\www\\compras\\src\\models\\Internet.php(59): PDO->prepare('SELECT * FROM i...')\n#1 C:\\wamp64\\www\\compras\\src\\controllers\\BaseController.php(39): Internet->buscarComFiltros(Array)\n#2 C:\\wamp64\\www\\compras\\public\\internet.php(26): BaseController->index()\n#3 {main}"}
Stack Trace:
Array
(
    [0] => Array
        (
            [file] => C:\wamp64\www\compras\src\models\Internet.php
            [line] => 66
            [function] => error
            [class] => Logger
            [type] => ->
        )

    [1] => Array
        (
            [file] => C:\wamp64\www\compras\src\controllers\BaseController.php
            [line] => 39
            [function] => buscarComFiltros
            [class] => Internet
            [type] => ->
        )

)

[2025-10-14 15:14:18] [ERROR] [IP: ::1] [User: 1] Erro ao calcular total pendente {"error":"SQLSTATE[42S02]: Base table or view not found: 1146 Table 'compras.internet' doesn't exist","trace":"#0 C:\\wamp64\\www\\compras\\src\\models\\Internet.php(128): PDO->query('SELECT SUM(valo...')\n#1 C:\\wamp64\\www\\compras\\src\\controllers\\BaseController.php(40): Internet->getTotalPendente()\n#2 C:\\wamp64\\www\\compras\\public\\internet.php(26): BaseController->index()\n#3 {main}"}
Stack Trace:
Array
(
    [0] => Array
        (
            [file] => C:\wamp64\www\compras\src\models\Internet.php
            [line] => 132
            [function] => error
            [class] => Logger
            [type] => ->
        )

    [1] => Array
        (
            [file] => C:\wamp64\www\compras\src\controllers\BaseController.php
            [line] => 40
            [function] => getTotalPendente
            [class] => Internet
            [type] => ->
        )

)

[2025-10-14 15:14:21] [ERROR] [IP: ::1] [User: 1] Erro ao buscar registros com filtros {"error":"SQLSTATE[42S02]: Base table or view not found: 1146 Table 'compras.telefone' doesn't exist","trace":"#0 C:\\wamp64\\www\\compras\\src\\models\\Telefone.php(56): PDO->prepare('SELECT * FROM t...')\n#1 C:\\wamp64\\www\\compras\\src\\controllers\\BaseController.php(39): Telefone->buscarComFiltros(Array)\n#2 C:\\wamp64\\www\\compras\\public\\telefone.php(26): BaseController->index()\n#3 {main}"}
Stack Trace:
Array
(
    [0] => Array
        (
            [file] => C:\wamp64\www\compras\src\models\Telefone.php
            [line] => 63
            [function] => error
            [class] => Logger
            [type] => ->
        )

    [1] => Array
        (
            [file] => C:\wamp64\www\compras\src\controllers\BaseController.php
            [line] => 39
            [function] => buscarComFiltros
            [class] => Telefone
            [type] => ->
        )

)

[2025-10-14 15:14:21] [ERROR] [IP: ::1] [User: 1] Erro ao calcular total pendente {"error":"SQLSTATE[42S02]: Base table or view not found: 1146 Table 'compras.telefone' doesn't exist","trace":"#0 C:\\wamp64\\www\\compras\\src\\models\\Telefone.php(123): PDO->query('SELECT SUM(valo...')\n#1 C:\\wamp64\\www\\compras\\src\\controllers\\BaseController.php(40): Telefone->getTotalPendente()\n#2 C:\\wamp64\\www\\compras\\public\\telefone.php(26): BaseController->index()\n#3 {main}"}
Stack Trace:
Array
(
    [0] => Array
        (
            [file] => C:\wamp64\www\compras\src\models\Telefone.php
            [line] => 127
            [function] => error
            [class] => Logger
            [type] => ->
        )

    [1] => Array
        (
            [file] => C:\wamp64\www\compras\src\controllers\BaseController.php
            [line] => 40
            [function] => getTotalPendente
            [class] => Telefone
            [type] => ->
        )

)

[2025-10-14 15:14:21] [ERROR] [IP: ::1] [User: 1] Erro ao calcular média de consumo {"error":"SQLSTATE[42S02]: Base table or view not found: 1146 Table 'compras.telefone' doesn't exist","trace":"#0 C:\\wamp64\\www\\compras\\src\\models\\Telefone.php(102): PDO->query('SELECT \\r\\n      ...')\n#1 C:\\wamp64\\www\\compras\\src\\controllers\\BaseController.php(41): Telefone->getMediaConsumo()\n#2 C:\\wamp64\\www\\compras\\public\\telefone.php(26): BaseController->index()\n#3 {main}"}
Stack Trace:
Array
(
    [0] => Array
        (
            [file] => C:\wamp64\www\compras\src\models\Telefone.php
            [line] => 109
            [function] => error
            [class] => Logger
            [type] => ->
        )

    [1] => Array
        (
            [file] => C:\wamp64\www\compras\src\controllers\BaseController.php
            [line] => 41
            [function] => getMediaConsumo
            [class] => Telefone
            [type] => ->
        )

)

[2025-10-14 15:14:21] [ERROR] [IP: ::1] [User: 1] Erro ao buscar consumo mensal {"error":"SQLSTATE[42S02]: Base table or view not found: 1146 Table 'compras.telefone' doesn't exist","trace":"#0 C:\\wamp64\\www\\compras\\src\\models\\Telefone.php(83): PDO->query('SELECT\\r\\n       ...')\n#1 C:\\wamp64\\www\\compras\\src\\controllers\\BaseController.php(42): Telefone->getConsumoMensal()\n#2 C:\\wamp64\\www\\compras\\public\\telefone.php(26): BaseController->index()\n#3 {main}"}
Stack Trace:
Array
(
    [0] => Array
        (
            [file] => C:\wamp64\www\compras\src\models\Telefone.php
            [line] => 86
            [function] => error
            [class] => Logger
            [type] => ->
        )

    [1] => Array
        (
            [file] => C:\wamp64\www\compras\src\controllers\BaseController.php
            [line] => 42
            [function] => getConsumoMensal
            [class] => Telefone
            [type] => ->
        )

)

[2025-10-14 15:21:36] [ERROR] [IP: ::1] [User: 1] Erro ao buscar registros com filtros {"error":"SQLSTATE[42S02]: Base table or view not found: 1146 Table 'compras.internet' doesn't exist","trace":"#0 C:\\wamp64\\www\\compras\\src\\models\\Internet.php(59): PDO->prepare('SELECT * FROM i...')\n#1 C:\\wamp64\\www\\compras\\src\\controllers\\InternetController.php(29): Internet->buscarComFiltros(Array)\n#2 C:\\wamp64\\www\\compras\\public\\internet.php(26): InternetController->index()\n#3 {main}"}
Stack Trace:
Array
(
    [0] => Array
        (
            [file] => C:\wamp64\www\compras\src\models\Internet.php
            [line] => 66
            [function] => error
            [class] => Logger
            [type] => ->
        )

    [1] => Array
        (
            [file] => C:\wamp64\www\compras\src\controllers\InternetController.php
            [line] => 29
            [function] => buscarComFiltros
            [class] => Internet
            [type] => ->
        )

)

[2025-10-14 15:21:36] [ERROR] [IP: ::1] [User: 1] Erro ao calcular total pendente {"error":"SQLSTATE[42S02]: Base table or view not found: 1146 Table 'compras.internet' doesn't exist","trace":"#0 C:\\wamp64\\www\\compras\\src\\models\\Internet.php(128): PDO->query('SELECT SUM(valo...')\n#1 C:\\wamp64\\www\\compras\\src\\controllers\\InternetController.php(30): Internet->getTotalPendente()\n#2 C:\\wamp64\\www\\compras\\public\\internet.php(26): InternetController->index()\n#3 {main}"}
Stack Trace:
Array
(
    [0] => Array
        (
            [file] => C:\wamp64\www\compras\src\models\Internet.php
            [line] => 132
            [function] => error
            [class] => Logger
            [type] => ->
        )

    [1] => Array
        (
            [file] => C:\wamp64\www\compras\src\controllers\InternetController.php
            [line] => 30
            [function] => getTotalPendente
            [class] => Internet
            [type] => ->
        )

)

[2025-10-14 15:21:36] [ERROR] [IP: ::1] [User: 1] Erro ao calcular média de velocidade {"error":"SQLSTATE[42S02]: Base table or view not found: 1146 Table 'compras.internet' doesn't exist","trace":"#0 C:\\wamp64\\www\\compras\\src\\models\\Internet.php(110): PDO->query('SELECT AVG(\\r\\n  ...')\n#1 C:\\wamp64\\www\\compras\\src\\controllers\\InternetController.php(31): Internet->getMediaVelocidade()\n#2 C:\\wamp64\\www\\compras\\public\\internet.php(26): InternetController->index()\n#3 {main}"}
Stack Trace:
Array
(
    [0] => Array
        (
            [file] => C:\wamp64\www\compras\src\models\Internet.php
            [line] => 114
            [function] => error
            [class] => Logger
            [type] => ->
        )

    [1] => Array
        (
            [file] => C:\wamp64\www\compras\src\controllers\InternetController.php
            [line] => 31
            [function] => getMediaVelocidade
            [class] => Internet
            [type] => ->
        )

)

[2025-10-14 15:21:36] [ERROR] [IP: ::1] [User: 1] Erro ao buscar consumo mensal {"error":"SQLSTATE[42S02]: Base table or view not found: 1146 Table 'compras.internet' doesn't exist","trace":"#0 C:\\wamp64\\www\\compras\\src\\models\\Internet.php(85): PDO->query('SELECT\\r\\n       ...')\n#1 C:\\wamp64\\www\\compras\\src\\controllers\\InternetController.php(32): Internet->getConsumoMensal()\n#2 C:\\wamp64\\www\\compras\\public\\internet.php(26): InternetController->index()\n#3 {main}"}
Stack Trace:
Array
(
    [0] => Array
        (
            [file] => C:\wamp64\www\compras\src\models\Internet.php
            [line] => 88
            [function] => error
            [class] => Logger
            [type] => ->
        )

    [1] => Array
        (
            [file] => C:\wamp64\www\compras\src\controllers\InternetController.php
            [line] => 32
            [function] => getConsumoMensal
            [class] => Internet
            [type] => ->
        )

)

[2025-10-14 15:21:36] [ERROR] [IP: ::1] [User: 1] Erro ao calcular total anual {"error":"SQLSTATE[42S02]: Base table or view not found: 1146 Table 'compras.internet' doesn't exist","trace":"#0 C:\\wamp64\\www\\compras\\src\\models\\Internet.php(147): PDO->query('SELECT SUM(valo...')\n#1 C:\\wamp64\\www\\compras\\src\\controllers\\InternetController.php(33): Internet->getTotalAnual()\n#2 C:\\wamp64\\www\\compras\\public\\internet.php(26): InternetController->index()\n#3 {main}"}
Stack Trace:
Array
(
    [0] => Array
        (
            [file] => C:\wamp64\www\compras\src\models\Internet.php
            [line] => 151
            [function] => error
            [class] => Logger
            [type] => ->
        )

    [1] => Array
        (
            [file] => C:\wamp64\www\compras\src\controllers\InternetController.php
            [line] => 33
            [function] => getTotalAnual
            [class] => Internet
            [type] => ->
        )

)

[2025-10-14 15:21:42] [ERROR] [IP: ::1] [User: 1] Erro ao buscar registros com filtros {"error":"SQLSTATE[42S02]: Base table or view not found: 1146 Table 'compras.telefone' doesn't exist","trace":"#0 C:\\wamp64\\www\\compras\\src\\models\\Telefone.php(56): PDO->prepare('SELECT * FROM t...')\n#1 C:\\wamp64\\www\\compras\\src\\controllers\\BaseController.php(39): Telefone->buscarComFiltros(Array)\n#2 C:\\wamp64\\www\\compras\\public\\telefone.php(26): BaseController->index()\n#3 {main}"}
Stack Trace:
Array
(
    [0] => Array
        (
            [file] => C:\wamp64\www\compras\src\models\Telefone.php
            [line] => 63
            [function] => error
            [class] => Logger
            [type] => ->
        )

    [1] => Array
        (
            [file] => C:\wamp64\www\compras\src\controllers\BaseController.php
            [line] => 39
            [function] => buscarComFiltros
            [class] => Telefone
            [type] => ->
        )

)

[2025-10-14 15:21:42] [ERROR] [IP: ::1] [User: 1] Erro ao calcular total pendente {"error":"SQLSTATE[42S02]: Base table or view not found: 1146 Table 'compras.telefone' doesn't exist","trace":"#0 C:\\wamp64\\www\\compras\\src\\models\\Telefone.php(123): PDO->query('SELECT SUM(valo...')\n#1 C:\\wamp64\\www\\compras\\src\\controllers\\BaseController.php(40): Telefone->getTotalPendente()\n#2 C:\\wamp64\\www\\compras\\public\\telefone.php(26): BaseController->index()\n#3 {main}"}
Stack Trace:
Array
(
    [0] => Array
        (
            [file] => C:\wamp64\www\compras\src\models\Telefone.php
            [line] => 127
            [function] => error
            [class] => Logger
            [type] => ->
        )

    [1] => Array
        (
            [file] => C:\wamp64\www\compras\src\controllers\BaseController.php
            [line] => 40
            [function] => getTotalPendente
            [class] => Telefone
            [type] => ->
        )

)

[2025-10-14 15:21:42] [ERROR] [IP: ::1] [User: 1] Erro ao calcular média de consumo {"error":"SQLSTATE[42S02]: Base table or view not found: 1146 Table 'compras.telefone' doesn't exist","trace":"#0 C:\\wamp64\\www\\compras\\src\\models\\Telefone.php(102): PDO->query('SELECT \\r\\n      ...')\n#1 C:\\wamp64\\www\\compras\\src\\controllers\\BaseController.php(41): Telefone->getMediaConsumo()\n#2 C:\\wamp64\\www\\compras\\public\\telefone.php(26): BaseController->index()\n#3 {main}"}
Stack Trace:
Array
(
    [0] => Array
        (
            [file] => C:\wamp64\www\compras\src\models\Telefone.php
            [line] => 109
            [function] => error
            [class] => Logger
            [type] => ->
        )

    [1] => Array
        (
            [file] => C:\wamp64\www\compras\src\controllers\BaseController.php
            [line] => 41
            [function] => getMediaConsumo
            [class] => Telefone
            [type] => ->
        )

)

[2025-10-14 15:21:42] [ERROR] [IP: ::1] [User: 1] Erro ao buscar consumo mensal {"error":"SQLSTATE[42S02]: Base table or view not found: 1146 Table 'compras.telefone' doesn't exist","trace":"#0 C:\\wamp64\\www\\compras\\src\\models\\Telefone.php(83): PDO->query('SELECT\\r\\n       ...')\n#1 C:\\wamp64\\www\\compras\\src\\controllers\\BaseController.php(42): Telefone->getConsumoMensal()\n#2 C:\\wamp64\\www\\compras\\public\\telefone.php(26): BaseController->index()\n#3 {main}"}
Stack Trace:
Array
(
    [0] => Array
        (
            [file] => C:\wamp64\www\compras\src\models\Telefone.php
            [line] => 86
            [function] => error
            [class] => Logger
            [type] => ->
        )

    [1] => Array
        (
            [file] => C:\wamp64\www\compras\src\controllers\BaseController.php
            [line] => 42
            [function] => getConsumoMensal
            [class] => Telefone
            [type] => ->
        )

)

[2025-10-14 15:22:26] [ERROR] [IP: ::1] [User: 1] Erro ao buscar registros com filtros {"error":"SQLSTATE[42S02]: Base table or view not found: 1146 Table 'compras.internet' doesn't exist","trace":"#0 C:\\wamp64\\www\\compras\\src\\models\\Internet.php(59): PDO->prepare('SELECT * FROM i...')\n#1 C:\\wamp64\\www\\compras\\src\\controllers\\InternetController.php(30): Internet->buscarComFiltros(Array)\n#2 C:\\wamp64\\www\\compras\\public\\internet.php(26): InternetController->index()\n#3 {main}"}
Stack Trace:
Array
(
    [0] => Array
        (
            [file] => C:\wamp64\www\compras\src\models\Internet.php
            [line] => 66
            [function] => error
            [class] => Logger
            [type] => ->
        )

    [1] => Array
        (
            [file] => C:\wamp64\www\compras\src\controllers\InternetController.php
            [line] => 30
            [function] => buscarComFiltros
            [class] => Internet
            [type] => ->
        )

)

[2025-10-14 15:22:26] [ERROR] [IP: ::1] [User: 1] Erro ao calcular total pendente {"error":"SQLSTATE[42S02]: Base table or view not found: 1146 Table 'compras.internet' doesn't exist","trace":"#0 C:\\wamp64\\www\\compras\\src\\models\\Internet.php(128): PDO->query('SELECT SUM(valo...')\n#1 C:\\wamp64\\www\\compras\\src\\controllers\\InternetController.php(31): Internet->getTotalPendente()\n#2 C:\\wamp64\\www\\compras\\public\\internet.php(26): InternetController->index()\n#3 {main}"}
Stack Trace:
Array
(
    [0] => Array
        (
            [file] => C:\wamp64\www\compras\src\models\Internet.php
            [line] => 132
            [function] => error
            [class] => Logger
            [type] => ->
        )

    [1] => Array
        (
            [file] => C:\wamp64\www\compras\src\controllers\InternetController.php
            [line] => 31
            [function] => getTotalPendente
            [class] => Internet
            [type] => ->
        )

)

[2025-10-14 15:22:26] [ERROR] [IP: ::1] [User: 1] Erro ao calcular média de velocidade {"error":"SQLSTATE[42S02]: Base table or view not found: 1146 Table 'compras.internet' doesn't exist","trace":"#0 C:\\wamp64\\www\\compras\\src\\models\\Internet.php(110): PDO->query('SELECT AVG(\\r\\n  ...')\n#1 C:\\wamp64\\www\\compras\\src\\controllers\\InternetController.php(32): Internet->getMediaVelocidade()\n#2 C:\\wamp64\\www\\compras\\public\\internet.php(26): InternetController->index()\n#3 {main}"}
Stack Trace:
Array
(
    [0] => Array
        (
            [file] => C:\wamp64\www\compras\src\models\Internet.php
            [line] => 114
            [function] => error
            [class] => Logger
            [type] => ->
        )

    [1] => Array
        (
            [file] => C:\wamp64\www\compras\src\controllers\InternetController.php
            [line] => 32
            [function] => getMediaVelocidade
            [class] => Internet
            [type] => ->
        )

)

[2025-10-14 15:22:26] [ERROR] [IP: ::1] [User: 1] Erro ao buscar consumo mensal {"error":"SQLSTATE[42S02]: Base table or view not found: 1146 Table 'compras.internet' doesn't exist","trace":"#0 C:\\wamp64\\www\\compras\\src\\models\\Internet.php(85): PDO->query('SELECT\\r\\n       ...')\n#1 C:\\wamp64\\www\\compras\\src\\controllers\\InternetController.php(33): Internet->getConsumoMensal()\n#2 C:\\wamp64\\www\\compras\\public\\internet.php(26): InternetController->index()\n#3 {main}"}
Stack Trace:
Array
(
    [0] => Array
        (
            [file] => C:\wamp64\www\compras\src\models\Internet.php
            [line] => 88
            [function] => error
            [class] => Logger
            [type] => ->
        )

    [1] => Array
        (
            [file] => C:\wamp64\www\compras\src\controllers\InternetController.php
            [line] => 33
            [function] => getConsumoMensal
            [class] => Internet
            [type] => ->
        )

)

[2025-10-14 15:22:26] [ERROR] [IP: ::1] [User: 1] Erro ao calcular total anual {"error":"SQLSTATE[42S02]: Base table or view not found: 1146 Table 'compras.internet' doesn't exist","trace":"#0 C:\\wamp64\\www\\compras\\src\\models\\Internet.php(147): PDO->query('SELECT SUM(valo...')\n#1 C:\\wamp64\\www\\compras\\src\\controllers\\InternetController.php(34): Internet->getTotalAnual()\n#2 C:\\wamp64\\www\\compras\\public\\internet.php(26): InternetController->index()\n#3 {main}"}
Stack Trace:
Array
(
    [0] => Array
        (
            [file] => C:\wamp64\www\compras\src\models\Internet.php
            [line] => 151
            [function] => error
            [class] => Logger
            [type] => ->
        )

    [1] => Array
        (
            [file] => C:\wamp64\www\compras\src\controllers\InternetController.php
            [line] => 34
            [function] => getTotalAnual
            [class] => Internet
            [type] => ->
        )

)

[2025-10-14 15:30:44] [ERROR] [IP: ::1] [User: 1] Erro ao buscar registros com filtros {"error":"SQLSTATE[42S02]: Base table or view not found: 1146 Table 'compras.telefone' doesn't exist","trace":"#0 C:\\wamp64\\www\\compras\\src\\models\\Telefone.php(56): PDO->prepare('SELECT * FROM t...')\n#1 C:\\wamp64\\www\\compras\\src\\controllers\\BaseController.php(39): Telefone->buscarComFiltros(Array)\n#2 C:\\wamp64\\www\\compras\\public\\telefone.php(26): BaseController->index()\n#3 {main}"}
Stack Trace:
Array
(
    [0] => Array
        (
            [file] => C:\wamp64\www\compras\src\models\Telefone.php
            [line] => 63
            [function] => error
            [class] => Logger
            [type] => ->
        )

    [1] => Array
        (
            [file] => C:\wamp64\www\compras\src\controllers\BaseController.php
            [line] => 39
            [function] => buscarComFiltros
            [class] => Telefone
            [type] => ->
        )

)

[2025-10-14 15:30:44] [ERROR] [IP: ::1] [User: 1] Erro ao calcular total pendente {"error":"SQLSTATE[42S02]: Base table or view not found: 1146 Table 'compras.telefone' doesn't exist","trace":"#0 C:\\wamp64\\www\\compras\\src\\models\\Telefone.php(123): PDO->query('SELECT SUM(valo...')\n#1 C:\\wamp64\\www\\compras\\src\\controllers\\BaseController.php(40): Telefone->getTotalPendente()\n#2 C:\\wamp64\\www\\compras\\public\\telefone.php(26): BaseController->index()\n#3 {main}"}
Stack Trace:
Array
(
    [0] => Array
        (
            [file] => C:\wamp64\www\compras\src\models\Telefone.php
            [line] => 127
            [function] => error
            [class] => Logger
            [type] => ->
        )

    [1] => Array
        (
            [file] => C:\wamp64\www\compras\src\controllers\BaseController.php
            [line] => 40
            [function] => getTotalPendente
            [class] => Telefone
            [type] => ->
        )

)

[2025-10-14 15:30:44] [ERROR] [IP: ::1] [User: 1] Erro ao calcular média de consumo {"error":"SQLSTATE[42S02]: Base table or view not found: 1146 Table 'compras.telefone' doesn't exist","trace":"#0 C:\\wamp64\\www\\compras\\src\\models\\Telefone.php(102): PDO->query('SELECT \\r\\n      ...')\n#1 C:\\wamp64\\www\\compras\\src\\controllers\\BaseController.php(41): Telefone->getMediaConsumo()\n#2 C:\\wamp64\\www\\compras\\public\\telefone.php(26): BaseController->index()\n#3 {main}"}
Stack Trace:
Array
(
    [0] => Array
        (
            [file] => C:\wamp64\www\compras\src\models\Telefone.php
            [line] => 109
            [function] => error
            [class] => Logger
            [type] => ->
        )

    [1] => Array
        (
            [file] => C:\wamp64\www\compras\src\controllers\BaseController.php
            [line] => 41
            [function] => getMediaConsumo
            [class] => Telefone
            [type] => ->
        )

)

[2025-10-14 15:30:44] [ERROR] [IP: ::1] [User: 1] Erro ao buscar consumo mensal {"error":"SQLSTATE[42S02]: Base table or view not found: 1146 Table 'compras.telefone' doesn't exist","trace":"#0 C:\\wamp64\\www\\compras\\src\\models\\Telefone.php(83): PDO->query('SELECT\\r\\n       ...')\n#1 C:\\wamp64\\www\\compras\\src\\controllers\\BaseController.php(42): Telefone->getConsumoMensal()\n#2 C:\\wamp64\\www\\compras\\public\\telefone.php(26): BaseController->index()\n#3 {main}"}
Stack Trace:
Array
(
    [0] => Array
        (
            [file] => C:\wamp64\www\compras\src\models\Telefone.php
            [line] => 86
            [function] => error
            [class] => Logger
            [type] => ->
        )

    [1] => Array
        (
            [file] => C:\wamp64\www\compras\src\controllers\BaseController.php
            [line] => 42
            [function] => getConsumoMensal
            [class] => Telefone
            [type] => ->
        )

)

[2025-10-14 15:30:47] [ERROR] [IP: ::1] [User: 1] Erro ao buscar registros com filtros {"error":"SQLSTATE[42S02]: Base table or view not found: 1146 Table 'compras.semparar' doesn't exist","trace":"#0 C:\\wamp64\\www\\compras\\src\\models\\Semparar.php(54): PDO->prepare('SELECT * FROM s...')\n#1 C:\\wamp64\\www\\compras\\src\\controllers\\BaseController.php(39): Semparar->buscarComFiltros(Array)\n#2 C:\\wamp64\\www\\compras\\public\\semparar.php(26): BaseController->index()\n#3 {main}"}
Stack Trace:
Array
(
    [0] => Array
        (
            [file] => C:\wamp64\www\compras\src\models\Semparar.php
            [line] => 61
            [function] => error
            [class] => Logger
            [type] => ->
        )

    [1] => Array
        (
            [file] => C:\wamp64\www\compras\src\controllers\BaseController.php
            [line] => 39
            [function] => buscarComFiltros
            [class] => Semparar
            [type] => ->
        )

)

[2025-10-14 15:30:47] [ERROR] [IP: ::1] [User: 1] Erro ao calcular total pendente {"error":"SQLSTATE[42S02]: Base table or view not found: 1146 Table 'compras.semparar' doesn't exist","trace":"#0 C:\\wamp64\\www\\compras\\src\\models\\Semparar.php(120): PDO->query('SELECT SUM(valo...')\n#1 C:\\wamp64\\www\\compras\\src\\controllers\\BaseController.php(40): Semparar->getTotalPendente()\n#2 C:\\wamp64\\www\\compras\\public\\semparar.php(26): BaseController->index()\n#3 {main}"}
Stack Trace:
Array
(
    [0] => Array
        (
            [file] => C:\wamp64\www\compras\src\models\Semparar.php
            [line] => 124
            [function] => error
            [class] => Logger
            [type] => ->
        )

    [1] => Array
        (
            [file] => C:\wamp64\www\compras\src\controllers\BaseController.php
            [line] => 40
            [function] => getTotalPendente
            [class] => Semparar
            [type] => ->
        )

)

[2025-10-14 15:30:52] [ERROR] [IP: ::1] [User: 1] Erro ao buscar registros com filtros {"error":"SQLSTATE[42S02]: Base table or view not found: 1146 Table 'compras.internet' doesn't exist","trace":"#0 C:\\wamp64\\www\\compras\\src\\models\\Internet.php(59): PDO->prepare('SELECT * FROM i...')\n#1 C:\\wamp64\\www\\compras\\src\\controllers\\InternetController.php(30): Internet->buscarComFiltros(Array)\n#2 C:\\wamp64\\www\\compras\\public\\internet.php(26): InternetController->index()\n#3 {main}"}
Stack Trace:
Array
(
    [0] => Array
        (
            [file] => C:\wamp64\www\compras\src\models\Internet.php
            [line] => 66
            [function] => error
            [class] => Logger
            [type] => ->
        )

    [1] => Array
        (
            [file] => C:\wamp64\www\compras\src\controllers\InternetController.php
            [line] => 30
            [function] => buscarComFiltros
            [class] => Internet
            [type] => ->
        )

)

[2025-10-14 15:30:52] [ERROR] [IP: ::1] [User: 1] Erro ao calcular total pendente {"error":"SQLSTATE[42S02]: Base table or view not found: 1146 Table 'compras.internet' doesn't exist","trace":"#0 C:\\wamp64\\www\\compras\\src\\models\\Internet.php(128): PDO->query('SELECT SUM(valo...')\n#1 C:\\wamp64\\www\\compras\\src\\controllers\\InternetController.php(31): Internet->getTotalPendente()\n#2 C:\\wamp64\\www\\compras\\public\\internet.php(26): InternetController->index()\n#3 {main}"}
Stack Trace:
Array
(
    [0] => Array
        (
            [file] => C:\wamp64\www\compras\src\models\Internet.php
            [line] => 132
            [function] => error
            [class] => Logger
            [type] => ->
        )

    [1] => Array
        (
            [file] => C:\wamp64\www\compras\src\controllers\InternetController.php
            [line] => 31
            [function] => getTotalPendente
            [class] => Internet
            [type] => ->
        )

)

[2025-10-14 15:30:52] [ERROR] [IP: ::1] [User: 1] Erro ao calcular média de velocidade {"error":"SQLSTATE[42S02]: Base table or view not found: 1146 Table 'compras.internet' doesn't exist","trace":"#0 C:\\wamp64\\www\\compras\\src\\models\\Internet.php(110): PDO->query('SELECT AVG(\\r\\n  ...')\n#1 C:\\wamp64\\www\\compras\\src\\controllers\\InternetController.php(32): Internet->getMediaVelocidade()\n#2 C:\\wamp64\\www\\compras\\public\\internet.php(26): InternetController->index()\n#3 {main}"}
Stack Trace:
Array
(
    [0] => Array
        (
            [file] => C:\wamp64\www\compras\src\models\Internet.php
            [line] => 114
            [function] => error
            [class] => Logger
            [type] => ->
        )

    [1] => Array
        (
            [file] => C:\wamp64\www\compras\src\controllers\InternetController.php
            [line] => 32
            [function] => getMediaVelocidade
            [class] => Internet
            [type] => ->
        )

)

[2025-10-14 15:30:52] [ERROR] [IP: ::1] [User: 1] Erro ao buscar consumo mensal {"error":"SQLSTATE[42S02]: Base table or view not found: 1146 Table 'compras.internet' doesn't exist","trace":"#0 C:\\wamp64\\www\\compras\\src\\models\\Internet.php(85): PDO->query('SELECT\\r\\n       ...')\n#1 C:\\wamp64\\www\\compras\\src\\controllers\\InternetController.php(33): Internet->getConsumoMensal()\n#2 C:\\wamp64\\www\\compras\\public\\internet.php(26): InternetController->index()\n#3 {main}"}
Stack Trace:
Array
(
    [0] => Array
        (
            [file] => C:\wamp64\www\compras\src\models\Internet.php
            [line] => 88
            [function] => error
            [class] => Logger
            [type] => ->
        )

    [1] => Array
        (
            [file] => C:\wamp64\www\compras\src\controllers\InternetController.php
            [line] => 33
            [function] => getConsumoMensal
            [class] => Internet
            [type] => ->
        )

)

[2025-10-14 15:30:52] [ERROR] [IP: ::1] [User: 1] Erro ao calcular total anual {"error":"SQLSTATE[42S02]: Base table or view not found: 1146 Table 'compras.internet' doesn't exist","trace":"#0 C:\\wamp64\\www\\compras\\src\\models\\Internet.php(147): PDO->query('SELECT SUM(valo...')\n#1 C:\\wamp64\\www\\compras\\src\\controllers\\InternetController.php(34): Internet->getTotalAnual()\n#2 C:\\wamp64\\www\\compras\\public\\internet.php(26): InternetController->index()\n#3 {main}"}
Stack Trace:
Array
(
    [0] => Array
        (
            [file] => C:\wamp64\www\compras\src\models\Internet.php
            [line] => 151
            [function] => error
            [class] => Logger
            [type] => ->
        )

    [1] => Array
        (
            [file] => C:\wamp64\www\compras\src\controllers\InternetController.php
            [line] => 34
            [function] => getTotalAnual
            [class] => Internet
            [type] => ->
        )

)

[2025-10-14 15:31:01] [ERROR] [IP: ::1] [User: 1] Erro ao buscar registros com filtros {"error":"SQLSTATE[42S02]: Base table or view not found: 1146 Table 'compras.telefone' doesn't exist","trace":"#0 C:\\wamp64\\www\\compras\\src\\models\\Telefone.php(56): PDO->prepare('SELECT * FROM t...')\n#1 C:\\wamp64\\www\\compras\\src\\controllers\\BaseController.php(39): Telefone->buscarComFiltros(Array)\n#2 C:\\wamp64\\www\\compras\\public\\telefone.php(26): BaseController->index()\n#3 {main}"}
Stack Trace:
Array
(
    [0] => Array
        (
            [file] => C:\wamp64\www\compras\src\models\Telefone.php
            [line] => 63
            [function] => error
            [class] => Logger
            [type] => ->
        )

    [1] => Array
        (
            [file] => C:\wamp64\www\compras\src\controllers\BaseController.php
            [line] => 39
            [function] => buscarComFiltros
            [class] => Telefone
            [type] => ->
        )

)

[2025-10-14 15:31:01] [ERROR] [IP: ::1] [User: 1] Erro ao calcular total pendente {"error":"SQLSTATE[42S02]: Base table or view not found: 1146 Table 'compras.telefone' doesn't exist","trace":"#0 C:\\wamp64\\www\\compras\\src\\models\\Telefone.php(123): PDO->query('SELECT SUM(valo...')\n#1 C:\\wamp64\\www\\compras\\src\\controllers\\BaseController.php(40): Telefone->getTotalPendente()\n#2 C:\\wamp64\\www\\compras\\public\\telefone.php(26): BaseController->index()\n#3 {main}"}
Stack Trace:
Array
(
    [0] => Array
        (
            [file] => C:\wamp64\www\compras\src\models\Telefone.php
            [line] => 127
            [function] => error
            [class] => Logger
            [type] => ->
        )

    [1] => Array
        (
            [file] => C:\wamp64\www\compras\src\controllers\BaseController.php
            [line] => 40
            [function] => getTotalPendente
            [class] => Telefone
            [type] => ->
        )

)

[2025-10-14 15:31:01] [ERROR] [IP: ::1] [User: 1] Erro ao calcular média de consumo {"error":"SQLSTATE[42S02]: Base table or view not found: 1146 Table 'compras.telefone' doesn't exist","trace":"#0 C:\\wamp64\\www\\compras\\src\\models\\Telefone.php(102): PDO->query('SELECT \\r\\n      ...')\n#1 C:\\wamp64\\www\\compras\\src\\controllers\\BaseController.php(41): Telefone->getMediaConsumo()\n#2 C:\\wamp64\\www\\compras\\public\\telefone.php(26): BaseController->index()\n#3 {main}"}
Stack Trace:
Array
(
    [0] => Array
        (
            [file] => C:\wamp64\www\compras\src\models\Telefone.php
            [line] => 109
            [function] => error
            [class] => Logger
            [type] => ->
        )

    [1] => Array
        (
            [file] => C:\wamp64\www\compras\src\controllers\BaseController.php
            [line] => 41
            [function] => getMediaConsumo
            [class] => Telefone
            [type] => ->
        )

)

[2025-10-14 15:31:01] [ERROR] [IP: ::1] [User: 1] Erro ao buscar consumo mensal {"error":"SQLSTATE[42S02]: Base table or view not found: 1146 Table 'compras.telefone' doesn't exist","trace":"#0 C:\\wamp64\\www\\compras\\src\\models\\Telefone.php(83): PDO->query('SELECT\\r\\n       ...')\n#1 C:\\wamp64\\www\\compras\\src\\controllers\\BaseController.php(42): Telefone->getConsumoMensal()\n#2 C:\\wamp64\\www\\compras\\public\\telefone.php(26): BaseController->index()\n#3 {main}"}
Stack Trace:
Array
(
    [0] => Array
        (
            [file] => C:\wamp64\www\compras\src\models\Telefone.php
            [line] => 86
            [function] => error
            [class] => Logger
            [type] => ->
        )

    [1] => Array
        (
            [file] => C:\wamp64\www\compras\src\controllers\BaseController.php
            [line] => 42
            [function] => getConsumoMensal
            [class] => Telefone
            [type] => ->
        )

)

[2025-10-14 15:39:15] [ERROR] [IP: ::1] [User: 1] Erro ao buscar registros com filtros {"error":"SQLSTATE[42S02]: Base table or view not found: 1146 Table 'compras.internet' doesn't exist","trace":"#0 C:\\wamp64\\www\\compras\\src\\models\\Internet.php(59): PDO->prepare('SELECT * FROM i...')\n#1 C:\\wamp64\\www\\compras\\src\\controllers\\InternetController.php(30): Internet->buscarComFiltros(Array)\n#2 C:\\wamp64\\www\\compras\\public\\internet.php(26): InternetController->index()\n#3 {main}"}
Stack Trace:
Array
(
    [0] => Array
        (
            [file] => C:\wamp64\www\compras\src\models\Internet.php
            [line] => 66
            [function] => error
            [class] => Logger
            [type] => ->
        )

    [1] => Array
        (
            [file] => C:\wamp64\www\compras\src\controllers\InternetController.php
            [line] => 30
            [function] => buscarComFiltros
            [class] => Internet
            [type] => ->
        )

)

[2025-10-14 15:39:15] [ERROR] [IP: ::1] [User: 1] Erro ao calcular total pendente {"error":"SQLSTATE[42S02]: Base table or view not found: 1146 Table 'compras.internet' doesn't exist","trace":"#0 C:\\wamp64\\www\\compras\\src\\models\\Internet.php(128): PDO->query('SELECT SUM(valo...')\n#1 C:\\wamp64\\www\\compras\\src\\controllers\\InternetController.php(31): Internet->getTotalPendente()\n#2 C:\\wamp64\\www\\compras\\public\\internet.php(26): InternetController->index()\n#3 {main}"}
Stack Trace:
Array
(
    [0] => Array
        (
            [file] => C:\wamp64\www\compras\src\models\Internet.php
            [line] => 132
            [function] => error
            [class] => Logger
            [type] => ->
        )

    [1] => Array
        (
            [file] => C:\wamp64\www\compras\src\controllers\InternetController.php
            [line] => 31
            [function] => getTotalPendente
            [class] => Internet
            [type] => ->
        )

)

[2025-10-14 15:39:15] [ERROR] [IP: ::1] [User: 1] Erro ao calcular média de velocidade {"error":"SQLSTATE[42S02]: Base table or view not found: 1146 Table 'compras.internet' doesn't exist","trace":"#0 C:\\wamp64\\www\\compras\\src\\models\\Internet.php(110): PDO->query('SELECT AVG(\\r\\n  ...')\n#1 C:\\wamp64\\www\\compras\\src\\controllers\\InternetController.php(32): Internet->getMediaVelocidade()\n#2 C:\\wamp64\\www\\compras\\public\\internet.php(26): InternetController->index()\n#3 {main}"}
Stack Trace:
Array
(
    [0] => Array
        (
            [file] => C:\wamp64\www\compras\src\models\Internet.php
            [line] => 114
            [function] => error
            [class] => Logger
            [type] => ->
        )

    [1] => Array
        (
            [file] => C:\wamp64\www\compras\src\controllers\InternetController.php
            [line] => 32
            [function] => getMediaVelocidade
            [class] => Internet
            [type] => ->
        )

)

[2025-10-14 15:39:15] [ERROR] [IP: ::1] [User: 1] Erro ao buscar consumo mensal {"error":"SQLSTATE[42S02]: Base table or view not found: 1146 Table 'compras.internet' doesn't exist","trace":"#0 C:\\wamp64\\www\\compras\\src\\models\\Internet.php(85): PDO->query('SELECT\\r\\n       ...')\n#1 C:\\wamp64\\www\\compras\\src\\controllers\\InternetController.php(33): Internet->getConsumoMensal()\n#2 C:\\wamp64\\www\\compras\\public\\internet.php(26): InternetController->index()\n#3 {main}"}
Stack Trace:
Array
(
    [0] => Array
        (
            [file] => C:\wamp64\www\compras\src\models\Internet.php
            [line] => 88
            [function] => error
            [class] => Logger
            [type] => ->
        )

    [1] => Array
        (
            [file] => C:\wamp64\www\compras\src\controllers\InternetController.php
            [line] => 33
            [function] => getConsumoMensal
            [class] => Internet
            [type] => ->
        )

)

[2025-10-14 15:39:15] [ERROR] [IP: ::1] [User: 1] Erro ao calcular total anual {"error":"SQLSTATE[42S02]: Base table or view not found: 1146 Table 'compras.internet' doesn't exist","trace":"#0 C:\\wamp64\\www\\compras\\src\\models\\Internet.php(147): PDO->query('SELECT SUM(valo...')\n#1 C:\\wamp64\\www\\compras\\src\\controllers\\InternetController.php(34): Internet->getTotalAnual()\n#2 C:\\wamp64\\www\\compras\\public\\internet.php(26): InternetController->index()\n#3 {main}"}
Stack Trace:
Array
(
    [0] => Array
        (
            [file] => C:\wamp64\www\compras\src\models\Internet.php
            [line] => 151
            [function] => error
            [class] => Logger
            [type] => ->
        )

    [1] => Array
        (
            [file] => C:\wamp64\www\compras\src\controllers\InternetController.php
            [line] => 34
            [function] => getTotalAnual
            [class] => Internet
            [type] => ->
        )

)

[2025-10-14 15:39:20] [ERROR] [IP: ::1] [User: 1] Erro ao buscar registros com filtros {"error":"SQLSTATE[42S02]: Base table or view not found: 1146 Table 'compras.telefone' doesn't exist","trace":"#0 C:\\wamp64\\www\\compras\\src\\models\\Telefone.php(56): PDO->prepare('SELECT * FROM t...')\n#1 C:\\wamp64\\www\\compras\\src\\controllers\\BaseController.php(39): Telefone->buscarComFiltros(Array)\n#2 C:\\wamp64\\www\\compras\\public\\telefone.php(28): BaseController->index()\n#3 {main}"}
Stack Trace:
Array
(
    [0] => Array
        (
            [file] => C:\wamp64\www\compras\src\models\Telefone.php
            [line] => 63
            [function] => error
            [class] => Logger
            [type] => ->
        )

    [1] => Array
        (
            [file] => C:\wamp64\www\compras\src\controllers\BaseController.php
            [line] => 39
            [function] => buscarComFiltros
            [class] => Telefone
            [type] => ->
        )

)

[2025-10-14 15:39:20] [ERROR] [IP: ::1] [User: 1] Erro ao calcular total pendente {"error":"SQLSTATE[42S02]: Base table or view not found: 1146 Table 'compras.telefone' doesn't exist","trace":"#0 C:\\wamp64\\www\\compras\\src\\models\\Telefone.php(123): PDO->query('SELECT SUM(valo...')\n#1 C:\\wamp64\\www\\compras\\src\\controllers\\BaseController.php(40): Telefone->getTotalPendente()\n#2 C:\\wamp64\\www\\compras\\public\\telefone.php(28): BaseController->index()\n#3 {main}"}
Stack Trace:
Array
(
    [0] => Array
        (
            [file] => C:\wamp64\www\compras\src\models\Telefone.php
            [line] => 127
            [function] => error
            [class] => Logger
            [type] => ->
        )

    [1] => Array
        (
            [file] => C:\wamp64\www\compras\src\controllers\BaseController.php
            [line] => 40
            [function] => getTotalPendente
            [class] => Telefone
            [type] => ->
        )

)

[2025-10-14 15:39:20] [ERROR] [IP: ::1] [User: 1] Erro ao calcular média de consumo {"error":"SQLSTATE[42S02]: Base table or view not found: 1146 Table 'compras.telefone' doesn't exist","trace":"#0 C:\\wamp64\\www\\compras\\src\\models\\Telefone.php(102): PDO->query('SELECT \\r\\n      ...')\n#1 C:\\wamp64\\www\\compras\\src\\controllers\\BaseController.php(41): Telefone->getMediaConsumo()\n#2 C:\\wamp64\\www\\compras\\public\\telefone.php(28): BaseController->index()\n#3 {main}"}
Stack Trace:
Array
(
    [0] => Array
        (
            [file] => C:\wamp64\www\compras\src\models\Telefone.php
            [line] => 109
            [function] => error
            [class] => Logger
            [type] => ->
        )

    [1] => Array
        (
            [file] => C:\wamp64\www\compras\src\controllers\BaseController.php
            [line] => 41
            [function] => getMediaConsumo
            [class] => Telefone
            [type] => ->
        )

)

[2025-10-14 15:39:20] [ERROR] [IP: ::1] [User: 1] Erro ao buscar consumo mensal {"error":"SQLSTATE[42S02]: Base table or view not found: 1146 Table 'compras.telefone' doesn't exist","trace":"#0 C:\\wamp64\\www\\compras\\src\\models\\Telefone.php(83): PDO->query('SELECT\\r\\n       ...')\n#1 C:\\wamp64\\www\\compras\\src\\controllers\\BaseController.php(42): Telefone->getConsumoMensal()\n#2 C:\\wamp64\\www\\compras\\public\\telefone.php(28): BaseController->index()\n#3 {main}"}
Stack Trace:
Array
(
    [0] => Array
        (
            [file] => C:\wamp64\www\compras\src\models\Telefone.php
            [line] => 86
            [function] => error
            [class] => Logger
            [type] => ->
        )

    [1] => Array
        (
            [file] => C:\wamp64\www\compras\src\controllers\BaseController.php
            [line] => 42
            [function] => getConsumoMensal
            [class] => Telefone
            [type] => ->
        )

)

[2025-10-14 15:39:23] [ERROR] [IP: ::1] [User: 1] Erro ao buscar registros com filtros {"error":"SQLSTATE[42S02]: Base table or view not found: 1146 Table 'compras.semparar' doesn't exist","trace":"#0 C:\\wamp64\\www\\compras\\src\\models\\Semparar.php(54): PDO->prepare('SELECT * FROM s...')\n#1 C:\\wamp64\\www\\compras\\src\\controllers\\BaseController.php(39): Semparar->buscarComFiltros(Array)\n#2 C:\\wamp64\\www\\compras\\public\\semparar.php(28): BaseController->index()\n#3 {main}"}
Stack Trace:
Array
(
    [0] => Array
        (
            [file] => C:\wamp64\www\compras\src\models\Semparar.php
            [line] => 61
            [function] => error
            [class] => Logger
            [type] => ->
        )

    [1] => Array
        (
            [file] => C:\wamp64\www\compras\src\controllers\BaseController.php
            [line] => 39
            [function] => buscarComFiltros
            [class] => Semparar
            [type] => ->
        )

)

[2025-10-14 15:39:23] [ERROR] [IP: ::1] [User: 1] Erro ao calcular total pendente {"error":"SQLSTATE[42S02]: Base table or view not found: 1146 Table 'compras.semparar' doesn't exist","trace":"#0 C:\\wamp64\\www\\compras\\src\\models\\Semparar.php(120): PDO->query('SELECT SUM(valo...')\n#1 C:\\wamp64\\www\\compras\\src\\controllers\\BaseController.php(40): Semparar->getTotalPendente()\n#2 C:\\wamp64\\www\\compras\\public\\semparar.php(28): BaseController->index()\n#3 {main}"}
Stack Trace:
Array
(
    [0] => Array
        (
            [file] => C:\wamp64\www\compras\src\models\Semparar.php
            [line] => 124
            [function] => error
            [class] => Logger
            [type] => ->
        )

    [1] => Array
        (
            [file] => C:\wamp64\www\compras\src\controllers\BaseController.php
            [line] => 40
            [function] => getTotalPendente
            [class] => Semparar
            [type] => ->
        )

)

[2025-10-14 15:39:26] [ERROR] [IP: ::1] [User: 1] Erro ao buscar registros com filtros {"error":"SQLSTATE[42S02]: Base table or view not found: 1146 Table 'compras.semparar' doesn't exist","trace":"#0 C:\\wamp64\\www\\compras\\src\\models\\Semparar.php(54): PDO->prepare('SELECT * FROM s...')\n#1 C:\\wamp64\\www\\compras\\src\\controllers\\BaseController.php(39): Semparar->buscarComFiltros(Array)\n#2 C:\\wamp64\\www\\compras\\public\\semparar.php(28): BaseController->index()\n#3 {main}"}
Stack Trace:
Array
(
    [0] => Array
        (
            [file] => C:\wamp64\www\compras\src\models\Semparar.php
            [line] => 61
            [function] => error
            [class] => Logger
            [type] => ->
        )

    [1] => Array
        (
            [file] => C:\wamp64\www\compras\src\controllers\BaseController.php
            [line] => 39
            [function] => buscarComFiltros
            [class] => Semparar
            [type] => ->
        )

)

[2025-10-14 15:39:26] [ERROR] [IP: ::1] [User: 1] Erro ao calcular total pendente {"error":"SQLSTATE[42S02]: Base table or view not found: 1146 Table 'compras.semparar' doesn't exist","trace":"#0 C:\\wamp64\\www\\compras\\src\\models\\Semparar.php(120): PDO->query('SELECT SUM(valo...')\n#1 C:\\wamp64\\www\\compras\\src\\controllers\\BaseController.php(40): Semparar->getTotalPendente()\n#2 C:\\wamp64\\www\\compras\\public\\semparar.php(28): BaseController->index()\n#3 {main}"}
Stack Trace:
Array
(
    [0] => Array
        (
            [file] => C:\wamp64\www\compras\src\models\Semparar.php
            [line] => 124
            [function] => error
            [class] => Logger
            [type] => ->
        )

    [1] => Array
        (
            [file] => C:\wamp64\www\compras\src\controllers\BaseController.php
            [line] => 40
            [function] => getTotalPendente
            [class] => Semparar
            [type] => ->
        )

)

[2025-10-14 15:40:27] [ERROR] [IP: ::1] [User: 1] Erro ao buscar registros com filtros {"error":"SQLSTATE[42S02]: Base table or view not found: 1146 Table 'compras.semparar' doesn't exist","trace":"#0 C:\\wamp64\\www\\compras\\src\\models\\Semparar.php(54): PDO->prepare('SELECT * FROM s...')\n#1 C:\\wamp64\\www\\compras\\src\\controllers\\BaseController.php(39): Semparar->buscarComFiltros(Array)\n#2 C:\\wamp64\\www\\compras\\public\\semparar.php(28): BaseController->index()\n#3 {main}"}
Stack Trace:
Array
(
    [0] => Array
        (
            [file] => C:\wamp64\www\compras\src\models\Semparar.php
            [line] => 61
            [function] => error
            [class] => Logger
            [type] => ->
        )

    [1] => Array
        (
            [file] => C:\wamp64\www\compras\src\controllers\BaseController.php
            [line] => 39
            [function] => buscarComFiltros
            [class] => Semparar
            [type] => ->
        )

)

[2025-10-14 15:40:27] [ERROR] [IP: ::1] [User: 1] Erro ao calcular total pendente {"error":"SQLSTATE[42S02]: Base table or view not found: 1146 Table 'compras.semparar' doesn't exist","trace":"#0 C:\\wamp64\\www\\compras\\src\\models\\Semparar.php(120): PDO->query('SELECT SUM(valo...')\n#1 C:\\wamp64\\www\\compras\\src\\controllers\\BaseController.php(40): Semparar->getTotalPendente()\n#2 C:\\wamp64\\www\\compras\\public\\semparar.php(28): BaseController->index()\n#3 {main}"}
Stack Trace:
Array
(
    [0] => Array
        (
            [file] => C:\wamp64\www\compras\src\models\Semparar.php
            [line] => 124
            [function] => error
            [class] => Logger
            [type] => ->
        )

    [1] => Array
        (
            [file] => C:\wamp64\www\compras\src\controllers\BaseController.php
            [line] => 40
            [function] => getTotalPendente
            [class] => Semparar
            [type] => ->
        )

)

[2025-10-14 15:40:47] [ERROR] [IP: ::1] [User: 1] Erro ao buscar registros com filtros {"error":"SQLSTATE[42S02]: Base table or view not found: 1146 Table 'compras.telefone' doesn't exist","trace":"#0 C:\\wamp64\\www\\compras\\src\\models\\Telefone.php(56): PDO->prepare('SELECT * FROM t...')\n#1 C:\\wamp64\\www\\compras\\src\\controllers\\BaseController.php(39): Telefone->buscarComFiltros(Array)\n#2 C:\\wamp64\\www\\compras\\public\\telefone.php(28): BaseController->index()\n#3 {main}"}
Stack Trace:
Array
(
    [0] => Array
        (
            [file] => C:\wamp64\www\compras\src\models\Telefone.php
            [line] => 63
            [function] => error
            [class] => Logger
            [type] => ->
        )

    [1] => Array
        (
            [file] => C:\wamp64\www\compras\src\controllers\BaseController.php
            [line] => 39
            [function] => buscarComFiltros
            [class] => Telefone
            [type] => ->
        )

)

[2025-10-14 15:40:47] [ERROR] [IP: ::1] [User: 1] Erro ao calcular total pendente {"error":"SQLSTATE[42S02]: Base table or view not found: 1146 Table 'compras.telefone' doesn't exist","trace":"#0 C:\\wamp64\\www\\compras\\src\\models\\Telefone.php(123): PDO->query('SELECT SUM(valo...')\n#1 C:\\wamp64\\www\\compras\\src\\controllers\\BaseController.php(40): Telefone->getTotalPendente()\n#2 C:\\wamp64\\www\\compras\\public\\telefone.php(28): BaseController->index()\n#3 {main}"}
Stack Trace:
Array
(
    [0] => Array
        (
            [file] => C:\wamp64\www\compras\src\models\Telefone.php
            [line] => 127
            [function] => error
            [class] => Logger
            [type] => ->
        )

    [1] => Array
        (
            [file] => C:\wamp64\www\compras\src\controllers\BaseController.php
            [line] => 40
            [function] => getTotalPendente
            [class] => Telefone
            [type] => ->
        )

)

[2025-10-14 15:40:47] [ERROR] [IP: ::1] [User: 1] Erro ao calcular média de consumo {"error":"SQLSTATE[42S02]: Base table or view not found: 1146 Table 'compras.telefone' doesn't exist","trace":"#0 C:\\wamp64\\www\\compras\\src\\models\\Telefone.php(102): PDO->query('SELECT \\r\\n      ...')\n#1 C:\\wamp64\\www\\compras\\src\\controllers\\BaseController.php(41): Telefone->getMediaConsumo()\n#2 C:\\wamp64\\www\\compras\\public\\telefone.php(28): BaseController->index()\n#3 {main}"}
Stack Trace:
Array
(
    [0] => Array
        (
            [file] => C:\wamp64\www\compras\src\models\Telefone.php
            [line] => 109
            [function] => error
            [class] => Logger
            [type] => ->
        )

    [1] => Array
        (
            [file] => C:\wamp64\www\compras\src\controllers\BaseController.php
            [line] => 41
            [function] => getMediaConsumo
            [class] => Telefone
            [type] => ->
        )

)

[2025-10-14 15:40:47] [ERROR] [IP: ::1] [User: 1] Erro ao buscar consumo mensal {"error":"SQLSTATE[42S02]: Base table or view not found: 1146 Table 'compras.telefone' doesn't exist","trace":"#0 C:\\wamp64\\www\\compras\\src\\models\\Telefone.php(83): PDO->query('SELECT\\r\\n       ...')\n#1 C:\\wamp64\\www\\compras\\src\\controllers\\BaseController.php(42): Telefone->getConsumoMensal()\n#2 C:\\wamp64\\www\\compras\\public\\telefone.php(28): BaseController->index()\n#3 {main}"}
Stack Trace:
Array
(
    [0] => Array
        (
            [file] => C:\wamp64\www\compras\src\models\Telefone.php
            [line] => 86
            [function] => error
            [class] => Logger
            [type] => ->
        )

    [1] => Array
        (
            [file] => C:\wamp64\www\compras\src\controllers\BaseController.php
            [line] => 42
            [function] => getConsumoMensal
            [class] => Telefone
            [type] => ->
        )

)

[2025-10-14 15:47:51] [ERROR] [IP: ::1] [User: 1] Erro ao buscar registros com filtros {"error":"SQLSTATE[42S02]: Base table or view not found: 1146 Table 'compras.semparar' doesn't exist","trace":"#0 C:\\wamp64\\www\\compras\\src\\models\\Semparar.php(54): PDO->prepare('SELECT * FROM s...')\n#1 C:\\wamp64\\www\\compras\\src\\controllers\\BaseController.php(39): Semparar->buscarComFiltros(Array)\n#2 C:\\wamp64\\www\\compras\\public\\semparar.php(29): BaseController->index()\n#3 {main}"}
Stack Trace:
Array
(
    [0] => Array
        (
            [file] => C:\wamp64\www\compras\src\models\Semparar.php
            [line] => 61
            [function] => error
            [class] => Logger
            [type] => ->
        )

    [1] => Array
        (
            [file] => C:\wamp64\www\compras\src\controllers\BaseController.php
            [line] => 39
            [function] => buscarComFiltros
            [class] => Semparar
            [type] => ->
        )

)

[2025-10-14 15:47:51] [ERROR] [IP: ::1] [User: 1] Erro ao calcular total pendente {"error":"SQLSTATE[42S02]: Base table or view not found: 1146 Table 'compras.semparar' doesn't exist","trace":"#0 C:\\wamp64\\www\\compras\\src\\models\\Semparar.php(120): PDO->query('SELECT SUM(valo...')\n#1 C:\\wamp64\\www\\compras\\src\\controllers\\BaseController.php(40): Semparar->getTotalPendente()\n#2 C:\\wamp64\\www\\compras\\public\\semparar.php(29): BaseController->index()\n#3 {main}"}
Stack Trace:
Array
(
    [0] => Array
        (
            [file] => C:\wamp64\www\compras\src\models\Semparar.php
            [line] => 124
            [function] => error
            [class] => Logger
            [type] => ->
        )

    [1] => Array
        (
            [file] => C:\wamp64\www\compras\src\controllers\BaseController.php
            [line] => 40
            [function] => getTotalPendente
            [class] => Semparar
            [type] => ->
        )

)

[2025-10-14 15:47:53] [ERROR] [IP: ::1] [User: 1] Erro ao buscar registros com filtros {"error":"SQLSTATE[42S02]: Base table or view not found: 1146 Table 'compras.telefone' doesn't exist","trace":"#0 C:\\wamp64\\www\\compras\\src\\models\\Telefone.php(56): PDO->prepare('SELECT * FROM t...')\n#1 C:\\wamp64\\www\\compras\\src\\controllers\\BaseController.php(39): Telefone->buscarComFiltros(Array)\n#2 C:\\wamp64\\www\\compras\\public\\telefone.php(29): BaseController->index()\n#3 {main}"}
Stack Trace:
Array
(
    [0] => Array
        (
            [file] => C:\wamp64\www\compras\src\models\Telefone.php
            [line] => 63
            [function] => error
            [class] => Logger
            [type] => ->
        )

    [1] => Array
        (
            [file] => C:\wamp64\www\compras\src\controllers\BaseController.php
            [line] => 39
            [function] => buscarComFiltros
            [class] => Telefone
            [type] => ->
        )

)

[2025-10-14 15:47:53] [ERROR] [IP: ::1] [User: 1] Erro ao calcular total pendente {"error":"SQLSTATE[42S02]: Base table or view not found: 1146 Table 'compras.telefone' doesn't exist","trace":"#0 C:\\wamp64\\www\\compras\\src\\models\\Telefone.php(123): PDO->query('SELECT SUM(valo...')\n#1 C:\\wamp64\\www\\compras\\src\\controllers\\BaseController.php(40): Telefone->getTotalPendente()\n#2 C:\\wamp64\\www\\compras\\public\\telefone.php(29): BaseController->index()\n#3 {main}"}
Stack Trace:
Array
(
    [0] => Array
        (
            [file] => C:\wamp64\www\compras\src\models\Telefone.php
            [line] => 127
            [function] => error
            [class] => Logger
            [type] => ->
        )

    [1] => Array
        (
            [file] => C:\wamp64\www\compras\src\controllers\BaseController.php
            [line] => 40
            [function] => getTotalPendente
            [class] => Telefone
            [type] => ->
        )

)

[2025-10-14 15:47:53] [ERROR] [IP: ::1] [User: 1] Erro ao calcular média de consumo {"error":"SQLSTATE[42S02]: Base table or view not found: 1146 Table 'compras.telefone' doesn't exist","trace":"#0 C:\\wamp64\\www\\compras\\src\\models\\Telefone.php(102): PDO->query('SELECT \\r\\n      ...')\n#1 C:\\wamp64\\www\\compras\\src\\controllers\\BaseController.php(41): Telefone->getMediaConsumo()\n#2 C:\\wamp64\\www\\compras\\public\\telefone.php(29): BaseController->index()\n#3 {main}"}
Stack Trace:
Array
(
    [0] => Array
        (
            [file] => C:\wamp64\www\compras\src\models\Telefone.php
            [line] => 109
            [function] => error
            [class] => Logger
            [type] => ->
        )

    [1] => Array
        (
            [file] => C:\wamp64\www\compras\src\controllers\BaseController.php
            [line] => 41
            [function] => getMediaConsumo
            [class] => Telefone
            [type] => ->
        )

)

[2025-10-14 15:47:53] [ERROR] [IP: ::1] [User: 1] Erro ao buscar consumo mensal {"error":"SQLSTATE[42S02]: Base table or view not found: 1146 Table 'compras.telefone' doesn't exist","trace":"#0 C:\\wamp64\\www\\compras\\src\\models\\Telefone.php(83): PDO->query('SELECT\\r\\n       ...')\n#1 C:\\wamp64\\www\\compras\\src\\controllers\\BaseController.php(42): Telefone->getConsumoMensal()\n#2 C:\\wamp64\\www\\compras\\public\\telefone.php(29): BaseController->index()\n#3 {main}"}
Stack Trace:
Array
(
    [0] => Array
        (
            [file] => C:\wamp64\www\compras\src\models\Telefone.php
            [line] => 86
            [function] => error
            [class] => Logger
            [type] => ->
        )

    [1] => Array
        (
            [file] => C:\wamp64\www\compras\src\controllers\BaseController.php
            [line] => 42
            [function] => getConsumoMensal
            [class] => Telefone
            [type] => ->
        )

)

[2025-10-14 15:51:11] [ERROR] [IP: ::1] [User: 1] Erro ao buscar registros com filtros {"error":"SQLSTATE[42S02]: Base table or view not found: 1146 Table 'compras.semparar' doesn't exist","trace":"#0 C:\\wamp64\\www\\compras\\src\\models\\Semparar.php(54): PDO->prepare('SELECT * FROM s...')\n#1 C:\\wamp64\\www\\compras\\src\\controllers\\BaseController.php(39): Semparar->buscarComFiltros(Array)\n#2 C:\\wamp64\\www\\compras\\public\\semparar.php(30): BaseController->index()\n#3 {main}"}
Stack Trace:
Array
(
    [0] => Array
        (
            [file] => C:\wamp64\www\compras\src\models\Semparar.php
            [line] => 61
            [function] => error
            [class] => Logger
            [type] => ->
        )

    [1] => Array
        (
            [file] => C:\wamp64\www\compras\src\controllers\BaseController.php
            [line] => 39
            [function] => buscarComFiltros
            [class] => Semparar
            [type] => ->
        )

)

[2025-10-14 15:51:11] [ERROR] [IP: ::1] [User: 1] Erro ao calcular total pendente {"error":"SQLSTATE[42S02]: Base table or view not found: 1146 Table 'compras.semparar' doesn't exist","trace":"#0 C:\\wamp64\\www\\compras\\src\\models\\Semparar.php(120): PDO->query('SELECT SUM(valo...')\n#1 C:\\wamp64\\www\\compras\\src\\controllers\\BaseController.php(40): Semparar->getTotalPendente()\n#2 C:\\wamp64\\www\\compras\\public\\semparar.php(30): BaseController->index()\n#3 {main}"}
Stack Trace:
Array
(
    [0] => Array
        (
            [file] => C:\wamp64\www\compras\src\models\Semparar.php
            [line] => 124
            [function] => error
            [class] => Logger
            [type] => ->
        )

    [1] => Array
        (
            [file] => C:\wamp64\www\compras\src\controllers\BaseController.php
            [line] => 40
            [function] => getTotalPendente
            [class] => Semparar
            [type] => ->
        )

)

[2025-10-14 15:51:13] [ERROR] [IP: ::1] [User: 1] Erro ao buscar registros com filtros {"error":"SQLSTATE[42S02]: Base table or view not found: 1146 Table 'compras.telefone' doesn't exist","trace":"#0 C:\\wamp64\\www\\compras\\src\\models\\Telefone.php(56): PDO->prepare('SELECT * FROM t...')\n#1 C:\\wamp64\\www\\compras\\src\\controllers\\BaseController.php(39): Telefone->buscarComFiltros(Array)\n#2 C:\\wamp64\\www\\compras\\public\\telefone.php(30): BaseController->index()\n#3 {main}"}
Stack Trace:
Array
(
    [0] => Array
        (
            [file] => C:\wamp64\www\compras\src\models\Telefone.php
            [line] => 63
            [function] => error
            [class] => Logger
            [type] => ->
        )

    [1] => Array
        (
            [file] => C:\wamp64\www\compras\src\controllers\BaseController.php
            [line] => 39
            [function] => buscarComFiltros
            [class] => Telefone
            [type] => ->
        )

)

[2025-10-14 15:51:13] [ERROR] [IP: ::1] [User: 1] Erro ao calcular total pendente {"error":"SQLSTATE[42S02]: Base table or view not found: 1146 Table 'compras.telefone' doesn't exist","trace":"#0 C:\\wamp64\\www\\compras\\src\\models\\Telefone.php(123): PDO->query('SELECT SUM(valo...')\n#1 C:\\wamp64\\www\\compras\\src\\controllers\\BaseController.php(40): Telefone->getTotalPendente()\n#2 C:\\wamp64\\www\\compras\\public\\telefone.php(30): BaseController->index()\n#3 {main}"}
Stack Trace:
Array
(
    [0] => Array
        (
            [file] => C:\wamp64\www\compras\src\models\Telefone.php
            [line] => 127
            [function] => error
            [class] => Logger
            [type] => ->
        )

    [1] => Array
        (
            [file] => C:\wamp64\www\compras\src\controllers\BaseController.php
            [line] => 40
            [function] => getTotalPendente
            [class] => Telefone
            [type] => ->
        )

)

[2025-10-14 15:51:13] [ERROR] [IP: ::1] [User: 1] Erro ao calcular média de consumo {"error":"SQLSTATE[42S02]: Base table or view not found: 1146 Table 'compras.telefone' doesn't exist","trace":"#0 C:\\wamp64\\www\\compras\\src\\models\\Telefone.php(102): PDO->query('SELECT \\r\\n      ...')\n#1 C:\\wamp64\\www\\compras\\src\\controllers\\BaseController.php(41): Telefone->getMediaConsumo()\n#2 C:\\wamp64\\www\\compras\\public\\telefone.php(30): BaseController->index()\n#3 {main}"}
Stack Trace:
Array
(
    [0] => Array
        (
            [file] => C:\wamp64\www\compras\src\models\Telefone.php
            [line] => 109
            [function] => error
            [class] => Logger
            [type] => ->
        )

    [1] => Array
        (
            [file] => C:\wamp64\www\compras\src\controllers\BaseController.php
            [line] => 41
            [function] => getMediaConsumo
            [class] => Telefone
            [type] => ->
        )

)

[2025-10-14 15:51:13] [ERROR] [IP: ::1] [User: 1] Erro ao buscar consumo mensal {"error":"SQLSTATE[42S02]: Base table or view not found: 1146 Table 'compras.telefone' doesn't exist","trace":"#0 C:\\wamp64\\www\\compras\\src\\models\\Telefone.php(83): PDO->query('SELECT\\r\\n       ...')\n#1 C:\\wamp64\\www\\compras\\src\\controllers\\BaseController.php(42): Telefone->getConsumoMensal()\n#2 C:\\wamp64\\www\\compras\\public\\telefone.php(30): BaseController->index()\n#3 {main}"}
Stack Trace:
Array
(
    [0] => Array
        (
            [file] => C:\wamp64\www\compras\src\models\Telefone.php
            [line] => 86
            [function] => error
            [class] => Logger
            [type] => ->
        )

    [1] => Array
        (
            [file] => C:\wamp64\www\compras\src\controllers\BaseController.php
            [line] => 42
            [function] => getConsumoMensal
            [class] => Telefone
            [type] => ->
        )

)

[2025-10-14 15:51:25] [ERROR] [IP: ::1] [User: 1] Erro ao buscar registros com filtros {"error":"SQLSTATE[42S02]: Base table or view not found: 1146 Table 'compras.semparar' doesn't exist","trace":"#0 C:\\wamp64\\www\\compras\\src\\models\\Semparar.php(54): PDO->prepare('SELECT * FROM s...')\n#1 C:\\wamp64\\www\\compras\\src\\controllers\\BaseController.php(39): Semparar->buscarComFiltros(Array)\n#2 C:\\wamp64\\www\\compras\\public\\semparar.php(30): BaseController->index()\n#3 {main}"}
Stack Trace:
Array
(
    [0] => Array
        (
            [file] => C:\wamp64\www\compras\src\models\Semparar.php
            [line] => 61
            [function] => error
            [class] => Logger
            [type] => ->
        )

    [1] => Array
        (
            [file] => C:\wamp64\www\compras\src\controllers\BaseController.php
            [line] => 39
            [function] => buscarComFiltros
            [class] => Semparar
            [type] => ->
        )

)

[2025-10-14 15:51:25] [ERROR] [IP: ::1] [User: 1] Erro ao calcular total pendente {"error":"SQLSTATE[42S02]: Base table or view not found: 1146 Table 'compras.semparar' doesn't exist","trace":"#0 C:\\wamp64\\www\\compras\\src\\models\\Semparar.php(120): PDO->query('SELECT SUM(valo...')\n#1 C:\\wamp64\\www\\compras\\src\\controllers\\BaseController.php(40): Semparar->getTotalPendente()\n#2 C:\\wamp64\\www\\compras\\public\\semparar.php(30): BaseController->index()\n#3 {main}"}
Stack Trace:
Array
(
    [0] => Array
        (
            [file] => C:\wamp64\www\compras\src\models\Semparar.php
            [line] => 124
            [function] => error
            [class] => Logger
            [type] => ->
        )

    [1] => Array
        (
            [file] => C:\wamp64\www\compras\src\controllers\BaseController.php
            [line] => 40
            [function] => getTotalPendente
            [class] => Semparar
            [type] => ->
        )

)

[2025-10-14 15:53:30] [ERROR] [IP: ::1] [User: 1] Erro ao buscar registros com filtros {"error":"SQLSTATE[42S02]: Base table or view not found: 1146 Table 'compras.telefone' doesn't exist","trace":"#0 C:\\wamp64\\www\\compras\\src\\models\\Telefone.php(56): PDO->prepare('SELECT * FROM t...')\n#1 C:\\wamp64\\www\\compras\\src\\controllers\\BaseController.php(39): Telefone->buscarComFiltros(Array)\n#2 C:\\wamp64\\www\\compras\\public\\telefone.php(30): BaseController->index()\n#3 {main}"}
Stack Trace:
Array
(
    [0] => Array
        (
            [file] => C:\wamp64\www\compras\src\models\Telefone.php
            [line] => 63
            [function] => error
            [class] => Logger
            [type] => ->
        )

    [1] => Array
        (
            [file] => C:\wamp64\www\compras\src\controllers\BaseController.php
            [line] => 39
            [function] => buscarComFiltros
            [class] => Telefone
            [type] => ->
        )

)

[2025-10-14 15:53:30] [ERROR] [IP: ::1] [User: 1] Erro ao calcular total pendente {"error":"SQLSTATE[42S02]: Base table or view not found: 1146 Table 'compras.telefone' doesn't exist","trace":"#0 C:\\wamp64\\www\\compras\\src\\models\\Telefone.php(123): PDO->query('SELECT SUM(valo...')\n#1 C:\\wamp64\\www\\compras\\src\\controllers\\BaseController.php(40): Telefone->getTotalPendente()\n#2 C:\\wamp64\\www\\compras\\public\\telefone.php(30): BaseController->index()\n#3 {main}"}
Stack Trace:
Array
(
    [0] => Array
        (
            [file] => C:\wamp64\www\compras\src\models\Telefone.php
            [line] => 127
            [function] => error
            [class] => Logger
            [type] => ->
        )

    [1] => Array
        (
            [file] => C:\wamp64\www\compras\src\controllers\BaseController.php
            [line] => 40
            [function] => getTotalPendente
            [class] => Telefone
            [type] => ->
        )

)

[2025-10-14 15:53:30] [ERROR] [IP: ::1] [User: 1] Erro ao calcular média de consumo {"error":"SQLSTATE[42S02]: Base table or view not found: 1146 Table 'compras.telefone' doesn't exist","trace":"#0 C:\\wamp64\\www\\compras\\src\\models\\Telefone.php(102): PDO->query('SELECT \\r\\n      ...')\n#1 C:\\wamp64\\www\\compras\\src\\controllers\\BaseController.php(41): Telefone->getMediaConsumo()\n#2 C:\\wamp64\\www\\compras\\public\\telefone.php(30): BaseController->index()\n#3 {main}"}
Stack Trace:
Array
(
    [0] => Array
        (
            [file] => C:\wamp64\www\compras\src\models\Telefone.php
            [line] => 109
            [function] => error
            [class] => Logger
            [type] => ->
        )

    [1] => Array
        (
            [file] => C:\wamp64\www\compras\src\controllers\BaseController.php
            [line] => 41
            [function] => getMediaConsumo
            [class] => Telefone
            [type] => ->
        )

)

[2025-10-14 15:53:30] [ERROR] [IP: ::1] [User: 1] Erro ao buscar consumo mensal {"error":"SQLSTATE[42S02]: Base table or view not found: 1146 Table 'compras.telefone' doesn't exist","trace":"#0 C:\\wamp64\\www\\compras\\src\\models\\Telefone.php(83): PDO->query('SELECT\\r\\n       ...')\n#1 C:\\wamp64\\www\\compras\\src\\controllers\\BaseController.php(42): Telefone->getConsumoMensal()\n#2 C:\\wamp64\\www\\compras\\public\\telefone.php(30): BaseController->index()\n#3 {main}"}
Stack Trace:
Array
(
    [0] => Array
        (
            [file] => C:\wamp64\www\compras\src\models\Telefone.php
            [line] => 86
            [function] => error
            [class] => Logger
            [type] => ->
        )

    [1] => Array
        (
            [file] => C:\wamp64\www\compras\src\controllers\BaseController.php
            [line] => 42
            [function] => getConsumoMensal
            [class] => Telefone
            [type] => ->
        )

)

[2025-10-14 15:53:32] [ERROR] [IP: ::1] [User: 1] Erro ao buscar registros com filtros {"error":"SQLSTATE[42S02]: Base table or view not found: 1146 Table 'compras.semparar' doesn't exist","trace":"#0 C:\\wamp64\\www\\compras\\src\\models\\Semparar.php(54): PDO->prepare('SELECT * FROM s...')\n#1 C:\\wamp64\\www\\compras\\src\\controllers\\BaseController.php(39): Semparar->buscarComFiltros(Array)\n#2 C:\\wamp64\\www\\compras\\public\\semparar.php(30): BaseController->index()\n#3 {main}"}
Stack Trace:
Array
(
    [0] => Array
        (
            [file] => C:\wamp64\www\compras\src\models\Semparar.php
            [line] => 61
            [function] => error
            [class] => Logger
            [type] => ->
        )

    [1] => Array
        (
            [file] => C:\wamp64\www\compras\src\controllers\BaseController.php
            [line] => 39
            [function] => buscarComFiltros
            [class] => Semparar
            [type] => ->
        )

)

[2025-10-14 15:53:32] [ERROR] [IP: ::1] [User: 1] Erro ao calcular total pendente {"error":"SQLSTATE[42S02]: Base table or view not found: 1146 Table 'compras.semparar' doesn't exist","trace":"#0 C:\\wamp64\\www\\compras\\src\\models\\Semparar.php(120): PDO->query('SELECT SUM(valo...')\n#1 C:\\wamp64\\www\\compras\\src\\controllers\\BaseController.php(40): Semparar->getTotalPendente()\n#2 C:\\wamp64\\www\\compras\\public\\semparar.php(30): BaseController->index()\n#3 {main}"}
Stack Trace:
Array
(
    [0] => Array
        (
            [file] => C:\wamp64\www\compras\src\models\Semparar.php
            [line] => 124
            [function] => error
            [class] => Logger
            [type] => ->
        )

    [1] => Array
        (
            [file] => C:\wamp64\www\compras\src\controllers\BaseController.php
            [line] => 40
            [function] => getTotalPendente
            [class] => Semparar
            [type] => ->
        )

)

[2025-10-14 15:54:28] [ERROR] [IP: ::1] [User: 1] Erro ao buscar registros com filtros {"error":"SQLSTATE[42S02]: Base table or view not found: 1146 Table 'compras.semparar' doesn't exist","trace":"#0 C:\\wamp64\\www\\compras\\src\\models\\Semparar.php(54): PDO->prepare('SELECT * FROM s...')\n#1 C:\\wamp64\\www\\compras\\src\\controllers\\BaseController.php(39): Semparar->buscarComFiltros(Array)\n#2 C:\\wamp64\\www\\compras\\public\\semparar.php(30): BaseController->index()\n#3 {main}"}
Stack Trace:
Array
(
    [0] => Array
        (
            [file] => C:\wamp64\www\compras\src\models\Semparar.php
            [line] => 61
            [function] => error
            [class] => Logger
            [type] => ->
        )

    [1] => Array
        (
            [file] => C:\wamp64\www\compras\src\controllers\BaseController.php
            [line] => 39
            [function] => buscarComFiltros
            [class] => Semparar
            [type] => ->
        )

)

[2025-10-14 15:54:28] [ERROR] [IP: ::1] [User: 1] Erro ao calcular total pendente {"error":"SQLSTATE[42S02]: Base table or view not found: 1146 Table 'compras.semparar' doesn't exist","trace":"#0 C:\\wamp64\\www\\compras\\src\\models\\Semparar.php(120): PDO->query('SELECT SUM(valo...')\n#1 C:\\wamp64\\www\\compras\\src\\controllers\\BaseController.php(40): Semparar->getTotalPendente()\n#2 C:\\wamp64\\www\\compras\\public\\semparar.php(30): BaseController->index()\n#3 {main}"}
Stack Trace:
Array
(
    [0] => Array
        (
            [file] => C:\wamp64\www\compras\src\models\Semparar.php
            [line] => 124
            [function] => error
            [class] => Logger
            [type] => ->
        )

    [1] => Array
        (
            [file] => C:\wamp64\www\compras\src\controllers\BaseController.php
            [line] => 40
            [function] => getTotalPendente
            [class] => Semparar
            [type] => ->
        )

)

[2025-10-14 15:54:40] [ERROR] [IP: ::1] [User: 1] Erro ao buscar registros com filtros {"error":"SQLSTATE[42S02]: Base table or view not found: 1146 Table 'compras.telefone' doesn't exist","trace":"#0 C:\\wamp64\\www\\compras\\src\\models\\Telefone.php(56): PDO->prepare('SELECT * FROM t...')\n#1 C:\\wamp64\\www\\compras\\src\\controllers\\BaseController.php(39): Telefone->buscarComFiltros(Array)\n#2 C:\\wamp64\\www\\compras\\public\\telefone.php(30): BaseController->index()\n#3 {main}"}
Stack Trace:
Array
(
    [0] => Array
        (
            [file] => C:\wamp64\www\compras\src\models\Telefone.php
            [line] => 63
            [function] => error
            [class] => Logger
            [type] => ->
        )

    [1] => Array
        (
            [file] => C:\wamp64\www\compras\src\controllers\BaseController.php
            [line] => 39
            [function] => buscarComFiltros
            [class] => Telefone
            [type] => ->
        )

)

[2025-10-14 15:54:40] [ERROR] [IP: ::1] [User: 1] Erro ao calcular total pendente {"error":"SQLSTATE[42S02]: Base table or view not found: 1146 Table 'compras.telefone' doesn't exist","trace":"#0 C:\\wamp64\\www\\compras\\src\\models\\Telefone.php(123): PDO->query('SELECT SUM(valo...')\n#1 C:\\wamp64\\www\\compras\\src\\controllers\\BaseController.php(40): Telefone->getTotalPendente()\n#2 C:\\wamp64\\www\\compras\\public\\telefone.php(30): BaseController->index()\n#3 {main}"}
Stack Trace:
Array
(
    [0] => Array
        (
            [file] => C:\wamp64\www\compras\src\models\Telefone.php
            [line] => 127
            [function] => error
            [class] => Logger
            [type] => ->
        )

    [1] => Array
        (
            [file] => C:\wamp64\www\compras\src\controllers\BaseController.php
            [line] => 40
            [function] => getTotalPendente
            [class] => Telefone
            [type] => ->
        )

)

[2025-10-14 15:54:40] [ERROR] [IP: ::1] [User: 1] Erro ao calcular média de consumo {"error":"SQLSTATE[42S02]: Base table or view not found: 1146 Table 'compras.telefone' doesn't exist","trace":"#0 C:\\wamp64\\www\\compras\\src\\models\\Telefone.php(102): PDO->query('SELECT \\r\\n      ...')\n#1 C:\\wamp64\\www\\compras\\src\\controllers\\BaseController.php(41): Telefone->getMediaConsumo()\n#2 C:\\wamp64\\www\\compras\\public\\telefone.php(30): BaseController->index()\n#3 {main}"}
Stack Trace:
Array
(
    [0] => Array
        (
            [file] => C:\wamp64\www\compras\src\models\Telefone.php
            [line] => 109
            [function] => error
            [class] => Logger
            [type] => ->
        )

    [1] => Array
        (
            [file] => C:\wamp64\www\compras\src\controllers\BaseController.php
            [line] => 41
            [function] => getMediaConsumo
            [class] => Telefone
            [type] => ->
        )

)

[2025-10-14 15:54:40] [ERROR] [IP: ::1] [User: 1] Erro ao buscar consumo mensal {"error":"SQLSTATE[42S02]: Base table or view not found: 1146 Table 'compras.telefone' doesn't exist","trace":"#0 C:\\wamp64\\www\\compras\\src\\models\\Telefone.php(83): PDO->query('SELECT\\r\\n       ...')\n#1 C:\\wamp64\\www\\compras\\src\\controllers\\BaseController.php(42): Telefone->getConsumoMensal()\n#2 C:\\wamp64\\www\\compras\\public\\telefone.php(30): BaseController->index()\n#3 {main}"}
Stack Trace:
Array
(
    [0] => Array
        (
            [file] => C:\wamp64\www\compras\src\models\Telefone.php
            [line] => 86
            [function] => error
            [class] => Logger
            [type] => ->
        )

    [1] => Array
        (
            [file] => C:\wamp64\www\compras\src\controllers\BaseController.php
            [line] => 42
            [function] => getConsumoMensal
            [class] => Telefone
            [type] => ->
        )

)

[2025-10-14 15:58:39] [ERROR] [IP: ::1] [User: 1] Erro ao buscar registros com filtros {"error":"SQLSTATE[42S02]: Base table or view not found: 1146 Table 'compras.semparar' doesn't exist","trace":"#0 C:\\wamp64\\www\\compras\\src\\models\\Semparar.php(54): PDO->prepare('SELECT * FROM s...')\n#1 C:\\wamp64\\www\\compras\\src\\controllers\\BaseController.php(39): Semparar->buscarComFiltros(Array)\n#2 C:\\wamp64\\www\\compras\\public\\semparar.php(31): BaseController->index()\n#3 {main}"}
Stack Trace:
Array
(
    [0] => Array
        (
            [file] => C:\wamp64\www\compras\src\models\Semparar.php
            [line] => 61
            [function] => error
            [class] => Logger
            [type] => ->
        )

    [1] => Array
        (
            [file] => C:\wamp64\www\compras\src\controllers\BaseController.php
            [line] => 39
            [function] => buscarComFiltros
            [class] => Semparar
            [type] => ->
        )

)

[2025-10-14 15:58:39] [ERROR] [IP: ::1] [User: 1] Erro ao calcular total pendente {"error":"SQLSTATE[42S02]: Base table or view not found: 1146 Table 'compras.semparar' doesn't exist","trace":"#0 C:\\wamp64\\www\\compras\\src\\models\\Semparar.php(120): PDO->query('SELECT SUM(valo...')\n#1 C:\\wamp64\\www\\compras\\src\\controllers\\BaseController.php(40): Semparar->getTotalPendente()\n#2 C:\\wamp64\\www\\compras\\public\\semparar.php(31): BaseController->index()\n#3 {main}"}
Stack Trace:
Array
(
    [0] => Array
        (
            [file] => C:\wamp64\www\compras\src\models\Semparar.php
            [line] => 124
            [function] => error
            [class] => Logger
            [type] => ->
        )

    [1] => Array
        (
            [file] => C:\wamp64\www\compras\src\controllers\BaseController.php
            [line] => 40
            [function] => getTotalPendente
            [class] => Semparar
            [type] => ->
        )

)

[2025-10-14 15:58:40] [ERROR] [IP: ::1] [User: 1] Erro ao buscar registros com filtros {"error":"SQLSTATE[42S02]: Base table or view not found: 1146 Table 'compras.semparar' doesn't exist","trace":"#0 C:\\wamp64\\www\\compras\\src\\models\\Semparar.php(54): PDO->prepare('SELECT * FROM s...')\n#1 C:\\wamp64\\www\\compras\\src\\controllers\\BaseController.php(39): Semparar->buscarComFiltros(Array)\n#2 C:\\wamp64\\www\\compras\\public\\semparar.php(31): BaseController->index()\n#3 {main}"}
Stack Trace:
Array
(
    [0] => Array
        (
            [file] => C:\wamp64\www\compras\src\models\Semparar.php
            [line] => 61
            [function] => error
            [class] => Logger
            [type] => ->
        )

    [1] => Array
        (
            [file] => C:\wamp64\www\compras\src\controllers\BaseController.php
            [line] => 39
            [function] => buscarComFiltros
            [class] => Semparar
            [type] => ->
        )

)

[2025-10-14 15:58:40] [ERROR] [IP: ::1] [User: 1] Erro ao calcular total pendente {"error":"SQLSTATE[42S02]: Base table or view not found: 1146 Table 'compras.semparar' doesn't exist","trace":"#0 C:\\wamp64\\www\\compras\\src\\models\\Semparar.php(120): PDO->query('SELECT SUM(valo...')\n#1 C:\\wamp64\\www\\compras\\src\\controllers\\BaseController.php(40): Semparar->getTotalPendente()\n#2 C:\\wamp64\\www\\compras\\public\\semparar.php(31): BaseController->index()\n#3 {main}"}
Stack Trace:
Array
(
    [0] => Array
        (
            [file] => C:\wamp64\www\compras\src\models\Semparar.php
            [line] => 124
            [function] => error
            [class] => Logger
            [type] => ->
        )

    [1] => Array
        (
            [file] => C:\wamp64\www\compras\src\controllers\BaseController.php
            [line] => 40
            [function] => getTotalPendente
            [class] => Semparar
            [type] => ->
        )

)

[2025-10-14 15:58:40] [ERROR] [IP: ::1] [User: 1] Erro ao buscar registros com filtros {"error":"SQLSTATE[42S02]: Base table or view not found: 1146 Table 'compras.semparar' doesn't exist","trace":"#0 C:\\wamp64\\www\\compras\\src\\models\\Semparar.php(54): PDO->prepare('SELECT * FROM s...')\n#1 C:\\wamp64\\www\\compras\\src\\controllers\\BaseController.php(39): Semparar->buscarComFiltros(Array)\n#2 C:\\wamp64\\www\\compras\\public\\semparar.php(31): BaseController->index()\n#3 {main}"}
Stack Trace:
Array
(
    [0] => Array
        (
            [file] => C:\wamp64\www\compras\src\models\Semparar.php
            [line] => 61
            [function] => error
            [class] => Logger
            [type] => ->
        )

    [1] => Array
        (
            [file] => C:\wamp64\www\compras\src\controllers\BaseController.php
            [line] => 39
            [function] => buscarComFiltros
            [class] => Semparar
            [type] => ->
        )

)

[2025-10-14 15:58:40] [ERROR] [IP: ::1] [User: 1] Erro ao calcular total pendente {"error":"SQLSTATE[42S02]: Base table or view not found: 1146 Table 'compras.semparar' doesn't exist","trace":"#0 C:\\wamp64\\www\\compras\\src\\models\\Semparar.php(120): PDO->query('SELECT SUM(valo...')\n#1 C:\\wamp64\\www\\compras\\src\\controllers\\BaseController.php(40): Semparar->getTotalPendente()\n#2 C:\\wamp64\\www\\compras\\public\\semparar.php(31): BaseController->index()\n#3 {main}"}
Stack Trace:
Array
(
    [0] => Array
        (
            [file] => C:\wamp64\www\compras\src\models\Semparar.php
            [line] => 124
            [function] => error
            [class] => Logger
            [type] => ->
        )

    [1] => Array
        (
            [file] => C:\wamp64\www\compras\src\controllers\BaseController.php
            [line] => 40
            [function] => getTotalPendente
            [class] => Semparar
            [type] => ->
        )

)

[2025-10-14 15:58:41] [ERROR] [IP: ::1] [User: 1] Erro ao buscar registros com filtros {"error":"SQLSTATE[42S02]: Base table or view not found: 1146 Table 'compras.semparar' doesn't exist","trace":"#0 C:\\wamp64\\www\\compras\\src\\models\\Semparar.php(54): PDO->prepare('SELECT * FROM s...')\n#1 C:\\wamp64\\www\\compras\\src\\controllers\\BaseController.php(39): Semparar->buscarComFiltros(Array)\n#2 C:\\wamp64\\www\\compras\\public\\semparar.php(31): BaseController->index()\n#3 {main}"}
Stack Trace:
Array
(
    [0] => Array
        (
            [file] => C:\wamp64\www\compras\src\models\Semparar.php
            [line] => 61
            [function] => error
            [class] => Logger
            [type] => ->
        )

    [1] => Array
        (
            [file] => C:\wamp64\www\compras\src\controllers\BaseController.php
            [line] => 39
            [function] => buscarComFiltros
            [class] => Semparar
            [type] => ->
        )

)

[2025-10-14 15:58:41] [ERROR] [IP: ::1] [User: 1] Erro ao calcular total pendente {"error":"SQLSTATE[42S02]: Base table or view not found: 1146 Table 'compras.semparar' doesn't exist","trace":"#0 C:\\wamp64\\www\\compras\\src\\models\\Semparar.php(120): PDO->query('SELECT SUM(valo...')\n#1 C:\\wamp64\\www\\compras\\src\\controllers\\BaseController.php(40): Semparar->getTotalPendente()\n#2 C:\\wamp64\\www\\compras\\public\\semparar.php(31): BaseController->index()\n#3 {main}"}
Stack Trace:
Array
(
    [0] => Array
        (
            [file] => C:\wamp64\www\compras\src\models\Semparar.php
            [line] => 124
            [function] => error
            [class] => Logger
            [type] => ->
        )

    [1] => Array
        (
            [file] => C:\wamp64\www\compras\src\controllers\BaseController.php
            [line] => 40
            [function] => getTotalPendente
            [class] => Semparar
            [type] => ->
        )

)

[2025-10-14 15:58:41] [ERROR] [IP: ::1] [User: 1] Erro ao buscar registros com filtros {"error":"SQLSTATE[42S02]: Base table or view not found: 1146 Table 'compras.semparar' doesn't exist","trace":"#0 C:\\wamp64\\www\\compras\\src\\models\\Semparar.php(54): PDO->prepare('SELECT * FROM s...')\n#1 C:\\wamp64\\www\\compras\\src\\controllers\\BaseController.php(39): Semparar->buscarComFiltros(Array)\n#2 C:\\wamp64\\www\\compras\\public\\semparar.php(31): BaseController->index()\n#3 {main}"}
Stack Trace:
Array
(
    [0] => Array
        (
            [file] => C:\wamp64\www\compras\src\models\Semparar.php
            [line] => 61
            [function] => error
            [class] => Logger
            [type] => ->
        )

    [1] => Array
        (
            [file] => C:\wamp64\www\compras\src\controllers\BaseController.php
            [line] => 39
            [function] => buscarComFiltros
            [class] => Semparar
            [type] => ->
        )

)

[2025-10-14 15:58:41] [ERROR] [IP: ::1] [User: 1] Erro ao calcular total pendente {"error":"SQLSTATE[42S02]: Base table or view not found: 1146 Table 'compras.semparar' doesn't exist","trace":"#0 C:\\wamp64\\www\\compras\\src\\models\\Semparar.php(120): PDO->query('SELECT SUM(valo...')\n#1 C:\\wamp64\\www\\compras\\src\\controllers\\BaseController.php(40): Semparar->getTotalPendente()\n#2 C:\\wamp64\\www\\compras\\public\\semparar.php(31): BaseController->index()\n#3 {main}"}
Stack Trace:
Array
(
    [0] => Array
        (
            [file] => C:\wamp64\www\compras\src\models\Semparar.php
            [line] => 124
            [function] => error
            [class] => Logger
            [type] => ->
        )

    [1] => Array
        (
            [file] => C:\wamp64\www\compras\src\controllers\BaseController.php
            [line] => 40
            [function] => getTotalPendente
            [class] => Semparar
            [type] => ->
        )

)

[2025-10-14 15:58:41] [ERROR] [IP: ::1] [User: 1] Erro ao buscar registros com filtros {"error":"SQLSTATE[42S02]: Base table or view not found: 1146 Table 'compras.semparar' doesn't exist","trace":"#0 C:\\wamp64\\www\\compras\\src\\models\\Semparar.php(54): PDO->prepare('SELECT * FROM s...')\n#1 C:\\wamp64\\www\\compras\\src\\controllers\\BaseController.php(39): Semparar->buscarComFiltros(Array)\n#2 C:\\wamp64\\www\\compras\\public\\semparar.php(31): BaseController->index()\n#3 {main}"}
Stack Trace:
Array
(
    [0] => Array
        (
            [file] => C:\wamp64\www\compras\src\models\Semparar.php
            [line] => 61
            [function] => error
            [class] => Logger
            [type] => ->
        )

    [1] => Array
        (
            [file] => C:\wamp64\www\compras\src\controllers\BaseController.php
            [line] => 39
            [function] => buscarComFiltros
            [class] => Semparar
            [type] => ->
        )

)

[2025-10-14 15:58:41] [ERROR] [IP: ::1] [User: 1] Erro ao calcular total pendente {"error":"SQLSTATE[42S02]: Base table or view not found: 1146 Table 'compras.semparar' doesn't exist","trace":"#0 C:\\wamp64\\www\\compras\\src\\models\\Semparar.php(120): PDO->query('SELECT SUM(valo...')\n#1 C:\\wamp64\\www\\compras\\src\\controllers\\BaseController.php(40): Semparar->getTotalPendente()\n#2 C:\\wamp64\\www\\compras\\public\\semparar.php(31): BaseController->index()\n#3 {main}"}
Stack Trace:
Array
(
    [0] => Array
        (
            [file] => C:\wamp64\www\compras\src\models\Semparar.php
            [line] => 124
            [function] => error
            [class] => Logger
            [type] => ->
        )

    [1] => Array
        (
            [file] => C:\wamp64\www\compras\src\controllers\BaseController.php
            [line] => 40
            [function] => getTotalPendente
            [class] => Semparar
            [type] => ->
        )

)

[2025-10-14 15:58:41] [ERROR] [IP: ::1] [User: 1] Erro ao buscar registros com filtros {"error":"SQLSTATE[42S02]: Base table or view not found: 1146 Table 'compras.semparar' doesn't exist","trace":"#0 C:\\wamp64\\www\\compras\\src\\models\\Semparar.php(54): PDO->prepare('SELECT * FROM s...')\n#1 C:\\wamp64\\www\\compras\\src\\controllers\\BaseController.php(39): Semparar->buscarComFiltros(Array)\n#2 C:\\wamp64\\www\\compras\\public\\semparar.php(31): BaseController->index()\n#3 {main}"}
Stack Trace:
Array
(
    [0] => Array
        (
            [file] => C:\wamp64\www\compras\src\models\Semparar.php
            [line] => 61
            [function] => error
            [class] => Logger
            [type] => ->
        )

    [1] => Array
        (
            [file] => C:\wamp64\www\compras\src\controllers\BaseController.php
            [line] => 39
            [function] => buscarComFiltros
            [class] => Semparar
            [type] => ->
        )

)

[2025-10-14 15:58:41] [ERROR] [IP: ::1] [User: 1] Erro ao calcular total pendente {"error":"SQLSTATE[42S02]: Base table or view not found: 1146 Table 'compras.semparar' doesn't exist","trace":"#0 C:\\wamp64\\www\\compras\\src\\models\\Semparar.php(120): PDO->query('SELECT SUM(valo...')\n#1 C:\\wamp64\\www\\compras\\src\\controllers\\BaseController.php(40): Semparar->getTotalPendente()\n#2 C:\\wamp64\\www\\compras\\public\\semparar.php(31): BaseController->index()\n#3 {main}"}
Stack Trace:
Array
(
    [0] => Array
        (
            [file] => C:\wamp64\www\compras\src\models\Semparar.php
            [line] => 124
            [function] => error
            [class] => Logger
            [type] => ->
        )

    [1] => Array
        (
            [file] => C:\wamp64\www\compras\src\controllers\BaseController.php
            [line] => 40
            [function] => getTotalPendente
            [class] => Semparar
            [type] => ->
        )

)

[2025-10-14 15:58:43] [ERROR] [IP: ::1] [User: 1] Erro ao buscar registros com filtros {"error":"SQLSTATE[42S02]: Base table or view not found: 1146 Table 'compras.telefone' doesn't exist","trace":"#0 C:\\wamp64\\www\\compras\\src\\models\\Telefone.php(56): PDO->prepare('SELECT * FROM t...')\n#1 C:\\wamp64\\www\\compras\\src\\controllers\\BaseController.php(39): Telefone->buscarComFiltros(Array)\n#2 C:\\wamp64\\www\\compras\\public\\telefone.php(31): BaseController->index()\n#3 {main}"}
Stack Trace:
Array
(
    [0] => Array
        (
            [file] => C:\wamp64\www\compras\src\models\Telefone.php
            [line] => 63
            [function] => error
            [class] => Logger
            [type] => ->
        )

    [1] => Array
        (
            [file] => C:\wamp64\www\compras\src\controllers\BaseController.php
            [line] => 39
            [function] => buscarComFiltros
            [class] => Telefone
            [type] => ->
        )

)

[2025-10-14 15:58:43] [ERROR] [IP: ::1] [User: 1] Erro ao calcular total pendente {"error":"SQLSTATE[42S02]: Base table or view not found: 1146 Table 'compras.telefone' doesn't exist","trace":"#0 C:\\wamp64\\www\\compras\\src\\models\\Telefone.php(123): PDO->query('SELECT SUM(valo...')\n#1 C:\\wamp64\\www\\compras\\src\\controllers\\BaseController.php(40): Telefone->getTotalPendente()\n#2 C:\\wamp64\\www\\compras\\public\\telefone.php(31): BaseController->index()\n#3 {main}"}
Stack Trace:
Array
(
    [0] => Array
        (
            [file] => C:\wamp64\www\compras\src\models\Telefone.php
            [line] => 127
            [function] => error
            [class] => Logger
            [type] => ->
        )

    [1] => Array
        (
            [file] => C:\wamp64\www\compras\src\controllers\BaseController.php
            [line] => 40
            [function] => getTotalPendente
            [class] => Telefone
            [type] => ->
        )

)

[2025-10-14 15:58:43] [ERROR] [IP: ::1] [User: 1] Erro ao calcular média de consumo {"error":"SQLSTATE[42S02]: Base table or view not found: 1146 Table 'compras.telefone' doesn't exist","trace":"#0 C:\\wamp64\\www\\compras\\src\\models\\Telefone.php(102): PDO->query('SELECT \\r\\n      ...')\n#1 C:\\wamp64\\www\\compras\\src\\controllers\\BaseController.php(41): Telefone->getMediaConsumo()\n#2 C:\\wamp64\\www\\compras\\public\\telefone.php(31): BaseController->index()\n#3 {main}"}
Stack Trace:
Array
(
    [0] => Array
        (
            [file] => C:\wamp64\www\compras\src\models\Telefone.php
            [line] => 109
            [function] => error
            [class] => Logger
            [type] => ->
        )

    [1] => Array
        (
            [file] => C:\wamp64\www\compras\src\controllers\BaseController.php
            [line] => 41
            [function] => getMediaConsumo
            [class] => Telefone
            [type] => ->
        )

)

[2025-10-14 15:58:43] [ERROR] [IP: ::1] [User: 1] Erro ao buscar consumo mensal {"error":"SQLSTATE[42S02]: Base table or view not found: 1146 Table 'compras.telefone' doesn't exist","trace":"#0 C:\\wamp64\\www\\compras\\src\\models\\Telefone.php(83): PDO->query('SELECT\\r\\n       ...')\n#1 C:\\wamp64\\www\\compras\\src\\controllers\\BaseController.php(42): Telefone->getConsumoMensal()\n#2 C:\\wamp64\\www\\compras\\public\\telefone.php(31): BaseController->index()\n#3 {main}"}
Stack Trace:
Array
(
    [0] => Array
        (
            [file] => C:\wamp64\www\compras\src\models\Telefone.php
            [line] => 86
            [function] => error
            [class] => Logger
            [type] => ->
        )

    [1] => Array
        (
            [file] => C:\wamp64\www\compras\src\controllers\BaseController.php
            [line] => 42
            [function] => getConsumoMensal
            [class] => Telefone
            [type] => ->
        )

)

[2025-10-14 15:58:55] [ERROR] [IP: ::1] [User: 1] Erro ao buscar registros com filtros {"error":"SQLSTATE[42S02]: Base table or view not found: 1146 Table 'compras.semparar' doesn't exist","trace":"#0 C:\\wamp64\\www\\compras\\src\\models\\Semparar.php(54): PDO->prepare('SELECT * FROM s...')\n#1 C:\\wamp64\\www\\compras\\src\\controllers\\BaseController.php(39): Semparar->buscarComFiltros(Array)\n#2 C:\\wamp64\\www\\compras\\public\\semparar.php(31): BaseController->index()\n#3 {main}"}
Stack Trace:
Array
(
    [0] => Array
        (
            [file] => C:\wamp64\www\compras\src\models\Semparar.php
            [line] => 61
            [function] => error
            [class] => Logger
            [type] => ->
        )

    [1] => Array
        (
            [file] => C:\wamp64\www\compras\src\controllers\BaseController.php
            [line] => 39
            [function] => buscarComFiltros
            [class] => Semparar
            [type] => ->
        )

)

[2025-10-14 15:58:55] [ERROR] [IP: ::1] [User: 1] Erro ao calcular total pendente {"error":"SQLSTATE[42S02]: Base table or view not found: 1146 Table 'compras.semparar' doesn't exist","trace":"#0 C:\\wamp64\\www\\compras\\src\\models\\Semparar.php(120): PDO->query('SELECT SUM(valo...')\n#1 C:\\wamp64\\www\\compras\\src\\controllers\\BaseController.php(40): Semparar->getTotalPendente()\n#2 C:\\wamp64\\www\\compras\\public\\semparar.php(31): BaseController->index()\n#3 {main}"}
Stack Trace:
Array
(
    [0] => Array
        (
            [file] => C:\wamp64\www\compras\src\models\Semparar.php
            [line] => 124
            [function] => error
            [class] => Logger
            [type] => ->
        )

    [1] => Array
        (
            [file] => C:\wamp64\www\compras\src\controllers\BaseController.php
            [line] => 40
            [function] => getTotalPendente
            [class] => Semparar
            [type] => ->
        )

)

[2025-10-14 15:58:59] [ERROR] [IP: ::1] [User: 1] Erro ao buscar registros com filtros {"error":"SQLSTATE[42S02]: Base table or view not found: 1146 Table 'compras.telefone' doesn't exist","trace":"#0 C:\\wamp64\\www\\compras\\src\\models\\Telefone.php(56): PDO->prepare('SELECT * FROM t...')\n#1 C:\\wamp64\\www\\compras\\src\\controllers\\BaseController.php(39): Telefone->buscarComFiltros(Array)\n#2 C:\\wamp64\\www\\compras\\public\\telefone.php(31): BaseController->index()\n#3 {main}"}
Stack Trace:
Array
(
    [0] => Array
        (
            [file] => C:\wamp64\www\compras\src\models\Telefone.php
            [line] => 63
            [function] => error
            [class] => Logger
            [type] => ->
        )

    [1] => Array
        (
            [file] => C:\wamp64\www\compras\src\controllers\BaseController.php
            [line] => 39
            [function] => buscarComFiltros
            [class] => Telefone
            [type] => ->
        )

)

[2025-10-14 15:58:59] [ERROR] [IP: ::1] [User: 1] Erro ao calcular total pendente {"error":"SQLSTATE[42S02]: Base table or view not found: 1146 Table 'compras.telefone' doesn't exist","trace":"#0 C:\\wamp64\\www\\compras\\src\\models\\Telefone.php(123): PDO->query('SELECT SUM(valo...')\n#1 C:\\wamp64\\www\\compras\\src\\controllers\\BaseController.php(40): Telefone->getTotalPendente()\n#2 C:\\wamp64\\www\\compras\\public\\telefone.php(31): BaseController->index()\n#3 {main}"}
Stack Trace:
Array
(
    [0] => Array
        (
            [file] => C:\wamp64\www\compras\src\models\Telefone.php
            [line] => 127
            [function] => error
            [class] => Logger
            [type] => ->
        )

    [1] => Array
        (
            [file] => C:\wamp64\www\compras\src\controllers\BaseController.php
            [line] => 40
            [function] => getTotalPendente
            [class] => Telefone
            [type] => ->
        )

)

[2025-10-14 15:58:59] [ERROR] [IP: ::1] [User: 1] Erro ao calcular média de consumo {"error":"SQLSTATE[42S02]: Base table or view not found: 1146 Table 'compras.telefone' doesn't exist","trace":"#0 C:\\wamp64\\www\\compras\\src\\models\\Telefone.php(102): PDO->query('SELECT \\r\\n      ...')\n#1 C:\\wamp64\\www\\compras\\src\\controllers\\BaseController.php(41): Telefone->getMediaConsumo()\n#2 C:\\wamp64\\www\\compras\\public\\telefone.php(31): BaseController->index()\n#3 {main}"}
Stack Trace:
Array
(
    [0] => Array
        (
            [file] => C:\wamp64\www\compras\src\models\Telefone.php
            [line] => 109
            [function] => error
            [class] => Logger
            [type] => ->
        )

    [1] => Array
        (
            [file] => C:\wamp64\www\compras\src\controllers\BaseController.php
            [line] => 41
            [function] => getMediaConsumo
            [class] => Telefone
            [type] => ->
        )

)

[2025-10-14 15:58:59] [ERROR] [IP: ::1] [User: 1] Erro ao buscar consumo mensal {"error":"SQLSTATE[42S02]: Base table or view not found: 1146 Table 'compras.telefone' doesn't exist","trace":"#0 C:\\wamp64\\www\\compras\\src\\models\\Telefone.php(83): PDO->query('SELECT\\r\\n       ...')\n#1 C:\\wamp64\\www\\compras\\src\\controllers\\BaseController.php(42): Telefone->getConsumoMensal()\n#2 C:\\wamp64\\www\\compras\\public\\telefone.php(31): BaseController->index()\n#3 {main}"}
Stack Trace:
Array
(
    [0] => Array
        (
            [file] => C:\wamp64\www\compras\src\models\Telefone.php
            [line] => 86
            [function] => error
            [class] => Logger
            [type] => ->
        )

    [1] => Array
        (
            [file] => C:\wamp64\www\compras\src\controllers\BaseController.php
            [line] => 42
            [function] => getConsumoMensal
            [class] => Telefone
            [type] => ->
        )

)

[2025-10-14 16:00:24] [ERROR] [IP: ::1] [User: 1] Erro ao buscar registros com filtros {"error":"SQLSTATE[42S02]: Base table or view not found: 1146 Table 'compras.semparar' doesn't exist","trace":"#0 C:\\wamp64\\www\\compras\\src\\models\\Semparar.php(54): PDO->prepare('SELECT * FROM s...')\n#1 C:\\wamp64\\www\\compras\\src\\controllers\\BaseController.php(39): Semparar->buscarComFiltros(Array)\n#2 C:\\wamp64\\www\\compras\\public\\semparar.php(31): BaseController->index()\n#3 {main}"}
Stack Trace:
Array
(
    [0] => Array
        (
            [file] => C:\wamp64\www\compras\src\models\Semparar.php
            [line] => 61
            [function] => error
            [class] => Logger
            [type] => ->
        )

    [1] => Array
        (
            [file] => C:\wamp64\www\compras\src\controllers\BaseController.php
            [line] => 39
            [function] => buscarComFiltros
            [class] => Semparar
            [type] => ->
        )

)

[2025-10-14 16:00:24] [ERROR] [IP: ::1] [User: 1] Erro ao calcular total pendente {"error":"SQLSTATE[42S02]: Base table or view not found: 1146 Table 'compras.semparar' doesn't exist","trace":"#0 C:\\wamp64\\www\\compras\\src\\models\\Semparar.php(120): PDO->query('SELECT SUM(valo...')\n#1 C:\\wamp64\\www\\compras\\src\\controllers\\BaseController.php(40): Semparar->getTotalPendente()\n#2 C:\\wamp64\\www\\compras\\public\\semparar.php(31): BaseController->index()\n#3 {main}"}
Stack Trace:
Array
(
    [0] => Array
        (
            [file] => C:\wamp64\www\compras\src\models\Semparar.php
            [line] => 124
            [function] => error
            [class] => Logger
            [type] => ->
        )

    [1] => Array
        (
            [file] => C:\wamp64\www\compras\src\controllers\BaseController.php
            [line] => 40
            [function] => getTotalPendente
            [class] => Semparar
            [type] => ->
        )

)

[2025-10-14 16:00:25] [ERROR] [IP: ::1] [User: 1] Erro ao buscar registros com filtros {"error":"SQLSTATE[42S02]: Base table or view not found: 1146 Table 'compras.telefone' doesn't exist","trace":"#0 C:\\wamp64\\www\\compras\\src\\models\\Telefone.php(56): PDO->prepare('SELECT * FROM t...')\n#1 C:\\wamp64\\www\\compras\\src\\controllers\\BaseController.php(39): Telefone->buscarComFiltros(Array)\n#2 C:\\wamp64\\www\\compras\\public\\telefone.php(31): BaseController->index()\n#3 {main}"}
Stack Trace:
Array
(
    [0] => Array
        (
            [file] => C:\wamp64\www\compras\src\models\Telefone.php
            [line] => 63
            [function] => error
            [class] => Logger
            [type] => ->
        )

    [1] => Array
        (
            [file] => C:\wamp64\www\compras\src\controllers\BaseController.php
            [line] => 39
            [function] => buscarComFiltros
            [class] => Telefone
            [type] => ->
        )

)

[2025-10-14 16:00:25] [ERROR] [IP: ::1] [User: 1] Erro ao calcular total pendente {"error":"SQLSTATE[42S02]: Base table or view not found: 1146 Table 'compras.telefone' doesn't exist","trace":"#0 C:\\wamp64\\www\\compras\\src\\models\\Telefone.php(123): PDO->query('SELECT SUM(valo...')\n#1 C:\\wamp64\\www\\compras\\src\\controllers\\BaseController.php(40): Telefone->getTotalPendente()\n#2 C:\\wamp64\\www\\compras\\public\\telefone.php(31): BaseController->index()\n#3 {main}"}
Stack Trace:
Array
(
    [0] => Array
        (
            [file] => C:\wamp64\www\compras\src\models\Telefone.php
            [line] => 127
            [function] => error
            [class] => Logger
            [type] => ->
        )

    [1] => Array
        (
            [file] => C:\wamp64\www\compras\src\controllers\BaseController.php
            [line] => 40
            [function] => getTotalPendente
            [class] => Telefone
            [type] => ->
        )

)

[2025-10-14 16:00:25] [ERROR] [IP: ::1] [User: 1] Erro ao calcular média de consumo {"error":"SQLSTATE[42S02]: Base table or view not found: 1146 Table 'compras.telefone' doesn't exist","trace":"#0 C:\\wamp64\\www\\compras\\src\\models\\Telefone.php(102): PDO->query('SELECT \\r\\n      ...')\n#1 C:\\wamp64\\www\\compras\\src\\controllers\\BaseController.php(41): Telefone->getMediaConsumo()\n#2 C:\\wamp64\\www\\compras\\public\\telefone.php(31): BaseController->index()\n#3 {main}"}
Stack Trace:
Array
(
    [0] => Array
        (
            [file] => C:\wamp64\www\compras\src\models\Telefone.php
            [line] => 109
            [function] => error
            [class] => Logger
            [type] => ->
        )

    [1] => Array
        (
            [file] => C:\wamp64\www\compras\src\controllers\BaseController.php
            [line] => 41
            [function] => getMediaConsumo
            [class] => Telefone
            [type] => ->
        )

)

[2025-10-14 16:00:25] [ERROR] [IP: ::1] [User: 1] Erro ao buscar consumo mensal {"error":"SQLSTATE[42S02]: Base table or view not found: 1146 Table 'compras.telefone' doesn't exist","trace":"#0 C:\\wamp64\\www\\compras\\src\\models\\Telefone.php(83): PDO->query('SELECT\\r\\n       ...')\n#1 C:\\wamp64\\www\\compras\\src\\controllers\\BaseController.php(42): Telefone->getConsumoMensal()\n#2 C:\\wamp64\\www\\compras\\public\\telefone.php(31): BaseController->index()\n#3 {main}"}
Stack Trace:
Array
(
    [0] => Array
        (
            [file] => C:\wamp64\www\compras\src\models\Telefone.php
            [line] => 86
            [function] => error
            [class] => Logger
            [type] => ->
        )

    [1] => Array
        (
            [file] => C:\wamp64\www\compras\src\controllers\BaseController.php
            [line] => 42
            [function] => getConsumoMensal
            [class] => Telefone
            [type] => ->
        )

)

[2025-10-14 16:03:56] [ERROR] [IP: ::1] [User: 1] Erro ao buscar registros com filtros {"error":"SQLSTATE[42S02]: Base table or view not found: 1146 Table 'compras.semparar' doesn't exist","trace":"#0 C:\\wamp64\\www\\compras\\src\\models\\Semparar.php(54): PDO->prepare('SELECT * FROM s...')\n#1 C:\\wamp64\\www\\compras\\src\\controllers\\BaseController.php(39): Semparar->buscarComFiltros(Array)\n#2 C:\\wamp64\\www\\compras\\public\\semparar.php(31): BaseController->index()\n#3 {main}"}
Stack Trace:
Array
(
    [0] => Array
        (
            [file] => C:\wamp64\www\compras\src\models\Semparar.php
            [line] => 61
            [function] => error
            [class] => Logger
            [type] => ->
        )

    [1] => Array
        (
            [file] => C:\wamp64\www\compras\src\controllers\BaseController.php
            [line] => 39
            [function] => buscarComFiltros
            [class] => Semparar
            [type] => ->
        )

)

[2025-10-14 16:03:56] [ERROR] [IP: ::1] [User: 1] Erro ao calcular total pendente {"error":"SQLSTATE[42S02]: Base table or view not found: 1146 Table 'compras.semparar' doesn't exist","trace":"#0 C:\\wamp64\\www\\compras\\src\\models\\Semparar.php(120): PDO->query('SELECT SUM(valo...')\n#1 C:\\wamp64\\www\\compras\\src\\controllers\\BaseController.php(42): Semparar->getTotalPendente()\n#2 C:\\wamp64\\www\\compras\\public\\semparar.php(31): BaseController->index()\n#3 {main}"}
Stack Trace:
Array
(
    [0] => Array
        (
            [file] => C:\wamp64\www\compras\src\models\Semparar.php
            [line] => 124
            [function] => error
            [class] => Logger
            [type] => ->
        )

    [1] => Array
        (
            [file] => C:\wamp64\www\compras\src\controllers\BaseController.php
            [line] => 42
            [function] => getTotalPendente
            [class] => Semparar
            [type] => ->
        )

)

[2025-10-14 16:03:56] [ERROR] [IP: ::1] [User: 1] Erro ao calcular média mensal {"error":"SQLSTATE[42S02]: Base table or view not found: 1146 Table 'compras.semparar' doesn't exist","trace":"#0 C:\\wamp64\\www\\compras\\src\\models\\Semparar.php(99): PDO->query('SELECT \\r\\n      ...')\n#1 C:\\wamp64\\www\\compras\\src\\controllers\\BaseController.php(67): Semparar->getMediaMensal()\n#2 C:\\wamp64\\www\\compras\\public\\semparar.php(31): BaseController->index()\n#3 {main}"}
Stack Trace:
Array
(
    [0] => Array
        (
            [file] => C:\wamp64\www\compras\src\models\Semparar.php
            [line] => 106
            [function] => error
            [class] => Logger
            [type] => ->
        )

    [1] => Array
        (
            [file] => C:\wamp64\www\compras\src\controllers\BaseController.php
            [line] => 67
            [function] => getMediaMensal
            [class] => Semparar
            [type] => ->
        )

)

[2025-10-14 16:03:56] [ERROR] [IP: ::1] [User: 1] Erro ao buscar consumo mensal {"error":"SQLSTATE[42S02]: Base table or view not found: 1146 Table 'compras.semparar' doesn't exist","trace":"#0 C:\\wamp64\\www\\compras\\src\\models\\Semparar.php(80): PDO->query('SELECT\\r\\n       ...')\n#1 C:\\wamp64\\www\\compras\\src\\controllers\\BaseController.php(83): Semparar->getConsumoMensal()\n#2 C:\\wamp64\\www\\compras\\public\\semparar.php(31): BaseController->index()\n#3 {main}"}
Stack Trace:
Array
(
    [0] => Array
        (
            [file] => C:\wamp64\www\compras\src\models\Semparar.php
            [line] => 83
            [function] => error
            [class] => Logger
            [type] => ->
        )

    [1] => Array
        (
            [file] => C:\wamp64\www\compras\src\controllers\BaseController.php
            [line] => 83
            [function] => getConsumoMensal
            [class] => Semparar
            [type] => ->
        )

)

[2025-10-14 16:03:56] [ERROR] [IP: ::1] [User: 1] Erro ao calcular total anual {"error":"SQLSTATE[42S02]: Base table or view not found: 1146 Table 'compras.semparar' doesn't exist","trace":"#0 C:\\wamp64\\www\\compras\\src\\models\\Semparar.php(177): PDO->query('SELECT SUM(valo...')\n#1 C:\\wamp64\\www\\compras\\src\\controllers\\BaseController.php(92): Semparar->getTotalAnual()\n#2 C:\\wamp64\\www\\compras\\public\\semparar.php(31): BaseController->index()\n#3 {main}"}
Stack Trace:
Array
(
    [0] => Array
        (
            [file] => C:\wamp64\www\compras\src\models\Semparar.php
            [line] => 181
            [function] => error
            [class] => Logger
            [type] => ->
        )

    [1] => Array
        (
            [file] => C:\wamp64\www\compras\src\controllers\BaseController.php
            [line] => 92
            [function] => getTotalAnual
            [class] => Semparar
            [type] => ->
        )

)

[2025-10-14 16:03:58] [ERROR] [IP: ::1] [User: 1] Erro ao buscar registros com filtros {"error":"SQLSTATE[42S02]: Base table or view not found: 1146 Table 'compras.telefone' doesn't exist","trace":"#0 C:\\wamp64\\www\\compras\\src\\models\\Telefone.php(56): PDO->prepare('SELECT * FROM t...')\n#1 C:\\wamp64\\www\\compras\\src\\controllers\\BaseController.php(39): Telefone->buscarComFiltros(Array)\n#2 C:\\wamp64\\www\\compras\\public\\telefone.php(31): BaseController->index()\n#3 {main}"}
Stack Trace:
Array
(
    [0] => Array
        (
            [file] => C:\wamp64\www\compras\src\models\Telefone.php
            [line] => 63
            [function] => error
            [class] => Logger
            [type] => ->
        )

    [1] => Array
        (
            [file] => C:\wamp64\www\compras\src\controllers\BaseController.php
            [line] => 39
            [function] => buscarComFiltros
            [class] => Telefone
            [type] => ->
        )

)

[2025-10-14 16:03:58] [ERROR] [IP: ::1] [User: 1] Erro ao calcular total pendente {"error":"SQLSTATE[42S02]: Base table or view not found: 1146 Table 'compras.telefone' doesn't exist","trace":"#0 C:\\wamp64\\www\\compras\\src\\models\\Telefone.php(123): PDO->query('SELECT SUM(valo...')\n#1 C:\\wamp64\\www\\compras\\src\\controllers\\BaseController.php(42): Telefone->getTotalPendente()\n#2 C:\\wamp64\\www\\compras\\public\\telefone.php(31): BaseController->index()\n#3 {main}"}
Stack Trace:
Array
(
    [0] => Array
        (
            [file] => C:\wamp64\www\compras\src\models\Telefone.php
            [line] => 127
            [function] => error
            [class] => Logger
            [type] => ->
        )

    [1] => Array
        (
            [file] => C:\wamp64\www\compras\src\controllers\BaseController.php
            [line] => 42
            [function] => getTotalPendente
            [class] => Telefone
            [type] => ->
        )

)

[2025-10-14 16:03:58] [ERROR] [IP: ::1] [User: 1] Erro ao calcular média de consumo {"error":"SQLSTATE[42S02]: Base table or view not found: 1146 Table 'compras.telefone' doesn't exist","trace":"#0 C:\\wamp64\\www\\compras\\src\\models\\Telefone.php(102): PDO->query('SELECT \\r\\n      ...')\n#1 C:\\wamp64\\www\\compras\\src\\controllers\\BaseController.php(47): Telefone->getMediaConsumo()\n#2 C:\\wamp64\\www\\compras\\public\\telefone.php(31): BaseController->index()\n#3 {main}"}
Stack Trace:
Array
(
    [0] => Array
        (
            [file] => C:\wamp64\www\compras\src\models\Telefone.php
            [line] => 109
            [function] => error
            [class] => Logger
            [type] => ->
        )

    [1] => Array
        (
            [file] => C:\wamp64\www\compras\src\controllers\BaseController.php
            [line] => 47
            [function] => getMediaConsumo
            [class] => Telefone
            [type] => ->
        )

)

[2025-10-14 16:03:58] [ERROR] [IP: ::1] [User: 1] Erro ao buscar consumo mensal {"error":"SQLSTATE[42S02]: Base table or view not found: 1146 Table 'compras.telefone' doesn't exist","trace":"#0 C:\\wamp64\\www\\compras\\src\\models\\Telefone.php(83): PDO->query('SELECT\\r\\n       ...')\n#1 C:\\wamp64\\www\\compras\\src\\controllers\\BaseController.php(83): Telefone->getConsumoMensal()\n#2 C:\\wamp64\\www\\compras\\public\\telefone.php(31): BaseController->index()\n#3 {main}"}
Stack Trace:
Array
(
    [0] => Array
        (
            [file] => C:\wamp64\www\compras\src\models\Telefone.php
            [line] => 86
            [function] => error
            [class] => Logger
            [type] => ->
        )

    [1] => Array
        (
            [file] => C:\wamp64\www\compras\src\controllers\BaseController.php
            [line] => 83
            [function] => getConsumoMensal
            [class] => Telefone
            [type] => ->
        )

)

[2025-10-14 16:04:02] [ERROR] [IP: ::1] [User: 1] Erro ao buscar registros com filtros {"error":"SQLSTATE[42S02]: Base table or view not found: 1146 Table 'compras.internet' doesn't exist","trace":"#0 C:\\wamp64\\www\\compras\\src\\models\\Internet.php(59): PDO->prepare('SELECT * FROM i...')\n#1 C:\\wamp64\\www\\compras\\src\\controllers\\InternetController.php(30): Internet->buscarComFiltros(Array)\n#2 C:\\wamp64\\www\\compras\\public\\internet.php(26): InternetController->index()\n#3 {main}"}
Stack Trace:
Array
(
    [0] => Array
        (
            [file] => C:\wamp64\www\compras\src\models\Internet.php
            [line] => 66
            [function] => error
            [class] => Logger
            [type] => ->
        )

    [1] => Array
        (
            [file] => C:\wamp64\www\compras\src\controllers\InternetController.php
            [line] => 30
            [function] => buscarComFiltros
            [class] => Internet
            [type] => ->
        )

)

[2025-10-14 16:04:02] [ERROR] [IP: ::1] [User: 1] Erro ao calcular total pendente {"error":"SQLSTATE[42S02]: Base table or view not found: 1146 Table 'compras.internet' doesn't exist","trace":"#0 C:\\wamp64\\www\\compras\\src\\models\\Internet.php(128): PDO->query('SELECT SUM(valo...')\n#1 C:\\wamp64\\www\\compras\\src\\controllers\\InternetController.php(31): Internet->getTotalPendente()\n#2 C:\\wamp64\\www\\compras\\public\\internet.php(26): InternetController->index()\n#3 {main}"}
Stack Trace:
Array
(
    [0] => Array
        (
            [file] => C:\wamp64\www\compras\src\models\Internet.php
            [line] => 132
            [function] => error
            [class] => Logger
            [type] => ->
        )

    [1] => Array
        (
            [file] => C:\wamp64\www\compras\src\controllers\InternetController.php
            [line] => 31
            [function] => getTotalPendente
            [class] => Internet
            [type] => ->
        )

)

[2025-10-14 16:04:02] [ERROR] [IP: ::1] [User: 1] Erro ao calcular média de velocidade {"error":"SQLSTATE[42S02]: Base table or view not found: 1146 Table 'compras.internet' doesn't exist","trace":"#0 C:\\wamp64\\www\\compras\\src\\models\\Internet.php(110): PDO->query('SELECT AVG(\\r\\n  ...')\n#1 C:\\wamp64\\www\\compras\\src\\controllers\\InternetController.php(32): Internet->getMediaVelocidade()\n#2 C:\\wamp64\\www\\compras\\public\\internet.php(26): InternetController->index()\n#3 {main}"}
Stack Trace:
Array
(
    [0] => Array
        (
            [file] => C:\wamp64\www\compras\src\models\Internet.php
            [line] => 114
            [function] => error
            [class] => Logger
            [type] => ->
        )

    [1] => Array
        (
            [file] => C:\wamp64\www\compras\src\controllers\InternetController.php
            [line] => 32
            [function] => getMediaVelocidade
            [class] => Internet
            [type] => ->
        )

)

[2025-10-14 16:04:02] [ERROR] [IP: ::1] [User: 1] Erro ao buscar consumo mensal {"error":"SQLSTATE[42S02]: Base table or view not found: 1146 Table 'compras.internet' doesn't exist","trace":"#0 C:\\wamp64\\www\\compras\\src\\models\\Internet.php(85): PDO->query('SELECT\\r\\n       ...')\n#1 C:\\wamp64\\www\\compras\\src\\controllers\\InternetController.php(33): Internet->getConsumoMensal()\n#2 C:\\wamp64\\www\\compras\\public\\internet.php(26): InternetController->index()\n#3 {main}"}
Stack Trace:
Array
(
    [0] => Array
        (
            [file] => C:\wamp64\www\compras\src\models\Internet.php
            [line] => 88
            [function] => error
            [class] => Logger
            [type] => ->
        )

    [1] => Array
        (
            [file] => C:\wamp64\www\compras\src\controllers\InternetController.php
            [line] => 33
            [function] => getConsumoMensal
            [class] => Internet
            [type] => ->
        )

)

[2025-10-14 16:04:02] [ERROR] [IP: ::1] [User: 1] Erro ao calcular total anual {"error":"SQLSTATE[42S02]: Base table or view not found: 1146 Table 'compras.internet' doesn't exist","trace":"#0 C:\\wamp64\\www\\compras\\src\\models\\Internet.php(147): PDO->query('SELECT SUM(valo...')\n#1 C:\\wamp64\\www\\compras\\src\\controllers\\InternetController.php(34): Internet->getTotalAnual()\n#2 C:\\wamp64\\www\\compras\\public\\internet.php(26): InternetController->index()\n#3 {main}"}
Stack Trace:
Array
(
    [0] => Array
        (
            [file] => C:\wamp64\www\compras\src\models\Internet.php
            [line] => 151
            [function] => error
            [class] => Logger
            [type] => ->
        )

    [1] => Array
        (
            [file] => C:\wamp64\www\compras\src\controllers\InternetController.php
            [line] => 34
            [function] => getTotalAnual
            [class] => Internet
            [type] => ->
        )

)

[2025-10-14 16:04:04] [ERROR] [IP: ::1] [User: 1] Erro ao buscar registros com filtros {"error":"SQLSTATE[42S02]: Base table or view not found: 1146 Table 'compras.telefone' doesn't exist","trace":"#0 C:\\wamp64\\www\\compras\\src\\models\\Telefone.php(56): PDO->prepare('SELECT * FROM t...')\n#1 C:\\wamp64\\www\\compras\\src\\controllers\\BaseController.php(39): Telefone->buscarComFiltros(Array)\n#2 C:\\wamp64\\www\\compras\\public\\telefone.php(31): BaseController->index()\n#3 {main}"}
Stack Trace:
Array
(
    [0] => Array
        (
            [file] => C:\wamp64\www\compras\src\models\Telefone.php
            [line] => 63
            [function] => error
            [class] => Logger
            [type] => ->
        )

    [1] => Array
        (
            [file] => C:\wamp64\www\compras\src\controllers\BaseController.php
            [line] => 39
            [function] => buscarComFiltros
            [class] => Telefone
            [type] => ->
        )

)

[2025-10-14 16:04:04] [ERROR] [IP: ::1] [User: 1] Erro ao calcular total pendente {"error":"SQLSTATE[42S02]: Base table or view not found: 1146 Table 'compras.telefone' doesn't exist","trace":"#0 C:\\wamp64\\www\\compras\\src\\models\\Telefone.php(123): PDO->query('SELECT SUM(valo...')\n#1 C:\\wamp64\\www\\compras\\src\\controllers\\BaseController.php(42): Telefone->getTotalPendente()\n#2 C:\\wamp64\\www\\compras\\public\\telefone.php(31): BaseController->index()\n#3 {main}"}
Stack Trace:
Array
(
    [0] => Array
        (
            [file] => C:\wamp64\www\compras\src\models\Telefone.php
            [line] => 127
            [function] => error
            [class] => Logger
            [type] => ->
        )

    [1] => Array
        (
            [file] => C:\wamp64\www\compras\src\controllers\BaseController.php
            [line] => 42
            [function] => getTotalPendente
            [class] => Telefone
            [type] => ->
        )

)

[2025-10-14 16:04:04] [ERROR] [IP: ::1] [User: 1] Erro ao calcular média de consumo {"error":"SQLSTATE[42S02]: Base table or view not found: 1146 Table 'compras.telefone' doesn't exist","trace":"#0 C:\\wamp64\\www\\compras\\src\\models\\Telefone.php(102): PDO->query('SELECT \\r\\n      ...')\n#1 C:\\wamp64\\www\\compras\\src\\controllers\\BaseController.php(47): Telefone->getMediaConsumo()\n#2 C:\\wamp64\\www\\compras\\public\\telefone.php(31): BaseController->index()\n#3 {main}"}
Stack Trace:
Array
(
    [0] => Array
        (
            [file] => C:\wamp64\www\compras\src\models\Telefone.php
            [line] => 109
            [function] => error
            [class] => Logger
            [type] => ->
        )

    [1] => Array
        (
            [file] => C:\wamp64\www\compras\src\controllers\BaseController.php
            [line] => 47
            [function] => getMediaConsumo
            [class] => Telefone
            [type] => ->
        )

)

[2025-10-14 16:04:04] [ERROR] [IP: ::1] [User: 1] Erro ao buscar consumo mensal {"error":"SQLSTATE[42S02]: Base table or view not found: 1146 Table 'compras.telefone' doesn't exist","trace":"#0 C:\\wamp64\\www\\compras\\src\\models\\Telefone.php(83): PDO->query('SELECT\\r\\n       ...')\n#1 C:\\wamp64\\www\\compras\\src\\controllers\\BaseController.php(83): Telefone->getConsumoMensal()\n#2 C:\\wamp64\\www\\compras\\public\\telefone.php(31): BaseController->index()\n#3 {main}"}
Stack Trace:
Array
(
    [0] => Array
        (
            [file] => C:\wamp64\www\compras\src\models\Telefone.php
            [line] => 86
            [function] => error
            [class] => Logger
            [type] => ->
        )

    [1] => Array
        (
            [file] => C:\wamp64\www\compras\src\controllers\BaseController.php
            [line] => 83
            [function] => getConsumoMensal
            [class] => Telefone
            [type] => ->
        )

)

[2025-10-15 09:56:24] [ERROR] [IP: ::1] [User: 1] Erro ao calcular média de velocidade {"error":"SQLSTATE[42S22]: Column not found: 1054 Unknown column 'velocidade' in 'field list'","trace":"#0 C:\\wamp64\\www\\compras\\src\\models\\Internet.php(110): PDO->query('SELECT AVG(\\r\\n  ...')\n#1 C:\\wamp64\\www\\compras\\src\\controllers\\InternetController.php(32): Internet->getMediaVelocidade()\n#2 C:\\wamp64\\www\\compras\\public\\internet.php(26): InternetController->index()\n#3 {main}"}
Stack Trace:
Array
(
    [0] => Array
        (
            [file] => C:\wamp64\www\compras\src\models\Internet.php
            [line] => 114
            [function] => error
            [class] => Logger
            [type] => ->
        )

    [1] => Array
        (
            [file] => C:\wamp64\www\compras\src\controllers\InternetController.php
            [line] => 32
            [function] => getMediaVelocidade
            [class] => Internet
            [type] => ->
        )

)

[2025-10-15 09:56:24] [ERROR] [IP: ::1] [User: 1] Erro ao buscar consumo mensal {"error":"SQLSTATE[42S22]: Column not found: 1054 Unknown column 'velocidade' in 'field list'","trace":"#0 C:\\wamp64\\www\\compras\\src\\models\\Internet.php(85): PDO->query('SELECT\\r\\n       ...')\n#1 C:\\wamp64\\www\\compras\\src\\controllers\\InternetController.php(33): Internet->getConsumoMensal()\n#2 C:\\wamp64\\www\\compras\\public\\internet.php(26): InternetController->index()\n#3 {main}"}
Stack Trace:
Array
(
    [0] => Array
        (
            [file] => C:\wamp64\www\compras\src\models\Internet.php
            [line] => 88
            [function] => error
            [class] => Logger
            [type] => ->
        )

    [1] => Array
        (
            [file] => C:\wamp64\www\compras\src\controllers\InternetController.php
            [line] => 33
            [function] => getConsumoMensal
            [class] => Internet
            [type] => ->
        )

)

[2025-10-15 16:43:09] [ERROR] [IP: ::1] [User: 1] Erro ao buscar registros com filtros {"error":"SQLSTATE[42S02]: Base table or view not found: 1146 Table 'compras.agua' doesn't exist","trace":"#0 C:\\wamp64\\www\\compras\\src\\models\\Agua.php(55): PDO->prepare('SELECT * FROM a...')\n#1 C:\\wamp64\\www\\compras\\src\\controllers\\BaseController.php(39): Agua->buscarComFiltros(Array)\n#2 C:\\wamp64\\www\\compras\\public\\agua.php(29): BaseController->index()\n#3 {main}"}
Stack Trace:
Array
(
    [0] => Array
        (
            [file] => C:\wamp64\www\compras\src\models\Agua.php
            [line] => 62
            [function] => error
            [class] => Logger
            [type] => ->
        )

    [1] => Array
        (
            [file] => C:\wamp64\www\compras\src\controllers\BaseController.php
            [line] => 39
            [function] => buscarComFiltros
            [class] => Agua
            [type] => ->
        )

)

[2025-10-15 16:43:09] [ERROR] [IP: ::1] [User: 1] Erro ao calcular total pendente {"error":"SQLSTATE[42S02]: Base table or view not found: 1146 Table 'compras.agua' doesn't exist","trace":"#0 C:\\wamp64\\www\\compras\\src\\models\\Agua.php(116): PDO->query('SELECT SUM(valo...')\n#1 C:\\wamp64\\www\\compras\\src\\controllers\\BaseController.php(42): Agua->getTotalPendente()\n#2 C:\\wamp64\\www\\compras\\public\\agua.php(29): BaseController->index()\n#3 {main}"}
Stack Trace:
Array
(
    [0] => Array
        (
            [file] => C:\wamp64\www\compras\src\models\Agua.php
            [line] => 120
            [function] => error
            [class] => Logger
            [type] => ->
        )

    [1] => Array
        (
            [file] => C:\wamp64\www\compras\src\controllers\BaseController.php
            [line] => 42
            [function] => getTotalPendente
            [class] => Agua
            [type] => ->
        )

)

[2025-10-15 16:43:09] [ERROR] [IP: ::1] [User: 1] Erro ao calcular média de consumo {"error":"SQLSTATE[42S02]: Base table or view not found: 1146 Table 'compras.agua' doesn't exist","trace":"#0 C:\\wamp64\\www\\compras\\src\\models\\Agua.php(98): PDO->query('SELECT AVG(cons...')\n#1 C:\\wamp64\\www\\compras\\src\\controllers\\BaseController.php(47): Agua->getMediaConsumo()\n#2 C:\\wamp64\\www\\compras\\public\\agua.php(29): BaseController->index()\n#3 {main}"}
Stack Trace:
Array
(
    [0] => Array
        (
            [file] => C:\wamp64\www\compras\src\models\Agua.php
            [line] => 102
            [function] => error
            [class] => Logger
            [type] => ->
        )

    [1] => Array
        (
            [file] => C:\wamp64\www\compras\src\controllers\BaseController.php
            [line] => 47
            [function] => getMediaConsumo
            [class] => Agua
            [type] => ->
        )

)

[2025-10-15 16:43:09] [ERROR] [IP: ::1] [User: 1] Erro ao buscar consumo mensal {"error":"SQLSTATE[42S02]: Base table or view not found: 1146 Table 'compras.agua' doesn't exist","trace":"#0 C:\\wamp64\\www\\compras\\src\\models\\Agua.php(81): PDO->query('SELECT\\r\\n       ...')\n#1 C:\\wamp64\\www\\compras\\src\\controllers\\BaseController.php(83): Agua->getConsumoMensal()\n#2 C:\\wamp64\\www\\compras\\public\\agua.php(29): BaseController->index()\n#3 {main}"}
Stack Trace:
Array
(
    [0] => Array
        (
            [file] => C:\wamp64\www\compras\src\models\Agua.php
            [line] => 84
            [function] => error
            [class] => Logger
            [type] => ->
        )

    [1] => Array
        (
            [file] => C:\wamp64\www\compras\src\controllers\BaseController.php
            [line] => 83
            [function] => getConsumoMensal
            [class] => Agua
            [type] => ->
        )

)

[2025-10-15 16:43:14] [ERROR] [IP: ::1] [User: 1] Erro ao buscar registros com filtros {"error":"SQLSTATE[42S02]: Base table or view not found: 1146 Table 'compras.energia' doesn't exist","trace":"#0 C:\\wamp64\\www\\compras\\src\\models\\Energia.php(59): PDO->prepare('SELECT * FROM e...')\n#1 C:\\wamp64\\www\\compras\\src\\controllers\\BaseController.php(39): Energia->buscarComFiltros(Array)\n#2 C:\\wamp64\\www\\compras\\public\\energia.php(26): BaseController->index()\n#3 {main}"}
Stack Trace:
Array
(
    [0] => Array
        (
            [file] => C:\wamp64\www\compras\src\models\Energia.php
            [line] => 66
            [function] => error
            [class] => Logger
            [type] => ->
        )

    [1] => Array
        (
            [file] => C:\wamp64\www\compras\src\controllers\BaseController.php
            [line] => 39
            [function] => buscarComFiltros
            [class] => Energia
            [type] => ->
        )

)

[2025-10-15 16:43:14] [ERROR] [IP: ::1] [User: 1] Erro ao calcular total pendente {"error":"SQLSTATE[42S02]: Base table or view not found: 1146 Table 'compras.energia' doesn't exist","trace":"#0 C:\\wamp64\\www\\compras\\src\\models\\Energia.php(120): PDO->query('SELECT SUM(valo...')\n#1 C:\\wamp64\\www\\compras\\src\\controllers\\BaseController.php(42): Energia->getTotalPendente()\n#2 C:\\wamp64\\www\\compras\\public\\energia.php(26): BaseController->index()\n#3 {main}"}
Stack Trace:
Array
(
    [0] => Array
        (
            [file] => C:\wamp64\www\compras\src\models\Energia.php
            [line] => 124
            [function] => error
            [class] => Logger
            [type] => ->
        )

    [1] => Array
        (
            [file] => C:\wamp64\www\compras\src\controllers\BaseController.php
            [line] => 42
            [function] => getTotalPendente
            [class] => Energia
            [type] => ->
        )

)

[2025-10-15 16:43:14] [ERROR] [IP: ::1] [User: 1] Erro ao calcular média de consumo {"error":"SQLSTATE[42S02]: Base table or view not found: 1146 Table 'compras.energia' doesn't exist","trace":"#0 C:\\wamp64\\www\\compras\\src\\models\\Energia.php(102): PDO->query('SELECT AVG(cons...')\n#1 C:\\wamp64\\www\\compras\\src\\controllers\\BaseController.php(47): Energia->getMediaConsumo()\n#2 C:\\wamp64\\www\\compras\\public\\energia.php(26): BaseController->index()\n#3 {main}"}
Stack Trace:
Array
(
    [0] => Array
        (
            [file] => C:\wamp64\www\compras\src\models\Energia.php
            [line] => 106
            [function] => error
            [class] => Logger
            [type] => ->
        )

    [1] => Array
        (
            [file] => C:\wamp64\www\compras\src\controllers\BaseController.php
            [line] => 47
            [function] => getMediaConsumo
            [class] => Energia
            [type] => ->
        )

)

[2025-10-15 16:43:14] [ERROR] [IP: ::1] [User: 1] Erro ao buscar consumo mensal {"error":"SQLSTATE[42S02]: Base table or view not found: 1146 Table 'compras.energia' doesn't exist","trace":"#0 C:\\wamp64\\www\\compras\\src\\models\\Energia.php(85): PDO->query('SELECT\\r\\n       ...')\n#1 C:\\wamp64\\www\\compras\\src\\controllers\\BaseController.php(83): Energia->getConsumoMensal()\n#2 C:\\wamp64\\www\\compras\\public\\energia.php(26): BaseController->index()\n#3 {main}"}
Stack Trace:
Array
(
    [0] => Array
        (
            [file] => C:\wamp64\www\compras\src\models\Energia.php
            [line] => 88
            [function] => error
            [class] => Logger
            [type] => ->
        )

    [1] => Array
        (
            [file] => C:\wamp64\www\compras\src\controllers\BaseController.php
            [line] => 83
            [function] => getConsumoMensal
            [class] => Energia
            [type] => ->
        )

)

[2025-10-15 16:43:17] [ERROR] [IP: ::1] [User: 1] Erro ao buscar registros com filtros {"error":"SQLSTATE[42S02]: Base table or view not found: 1146 Table 'compras.semparar' doesn't exist","trace":"#0 C:\\wamp64\\www\\compras\\src\\models\\Semparar.php(54): PDO->prepare('SELECT * FROM s...')\n#1 C:\\wamp64\\www\\compras\\src\\controllers\\BaseController.php(39): Semparar->buscarComFiltros(Array)\n#2 C:\\wamp64\\www\\compras\\public\\semparar.php(31): BaseController->index()\n#3 {main}"}
Stack Trace:
Array
(
    [0] => Array
        (
            [file] => C:\wamp64\www\compras\src\models\Semparar.php
            [line] => 61
            [function] => error
            [class] => Logger
            [type] => ->
        )

    [1] => Array
        (
            [file] => C:\wamp64\www\compras\src\controllers\BaseController.php
            [line] => 39
            [function] => buscarComFiltros
            [class] => Semparar
            [type] => ->
        )

)

[2025-10-15 16:43:17] [ERROR] [IP: ::1] [User: 1] Erro ao calcular total pendente {"error":"SQLSTATE[42S02]: Base table or view not found: 1146 Table 'compras.semparar' doesn't exist","trace":"#0 C:\\wamp64\\www\\compras\\src\\models\\Semparar.php(120): PDO->query('SELECT SUM(valo...')\n#1 C:\\wamp64\\www\\compras\\src\\controllers\\BaseController.php(42): Semparar->getTotalPendente()\n#2 C:\\wamp64\\www\\compras\\public\\semparar.php(31): BaseController->index()\n#3 {main}"}
Stack Trace:
Array
(
    [0] => Array
        (
            [file] => C:\wamp64\www\compras\src\models\Semparar.php
            [line] => 124
            [function] => error
            [class] => Logger
            [type] => ->
        )

    [1] => Array
        (
            [file] => C:\wamp64\www\compras\src\controllers\BaseController.php
            [line] => 42
            [function] => getTotalPendente
            [class] => Semparar
            [type] => ->
        )

)

[2025-10-15 16:43:17] [ERROR] [IP: ::1] [User: 1] Erro ao calcular média mensal {"error":"SQLSTATE[42S02]: Base table or view not found: 1146 Table 'compras.semparar' doesn't exist","trace":"#0 C:\\wamp64\\www\\compras\\src\\models\\Semparar.php(99): PDO->query('SELECT \\r\\n      ...')\n#1 C:\\wamp64\\www\\compras\\src\\controllers\\BaseController.php(67): Semparar->getMediaMensal()\n#2 C:\\wamp64\\www\\compras\\public\\semparar.php(31): BaseController->index()\n#3 {main}"}
Stack Trace:
Array
(
    [0] => Array
        (
            [file] => C:\wamp64\www\compras\src\models\Semparar.php
            [line] => 106
            [function] => error
            [class] => Logger
            [type] => ->
        )

    [1] => Array
        (
            [file] => C:\wamp64\www\compras\src\controllers\BaseController.php
            [line] => 67
            [function] => getMediaMensal
            [class] => Semparar
            [type] => ->
        )

)

[2025-10-15 16:43:17] [ERROR] [IP: ::1] [User: 1] Erro ao buscar consumo mensal {"error":"SQLSTATE[42S02]: Base table or view not found: 1146 Table 'compras.semparar' doesn't exist","trace":"#0 C:\\wamp64\\www\\compras\\src\\models\\Semparar.php(80): PDO->query('SELECT\\r\\n       ...')\n#1 C:\\wamp64\\www\\compras\\src\\controllers\\BaseController.php(83): Semparar->getConsumoMensal()\n#2 C:\\wamp64\\www\\compras\\public\\semparar.php(31): BaseController->index()\n#3 {main}"}
Stack Trace:
Array
(
    [0] => Array
        (
            [file] => C:\wamp64\www\compras\src\models\Semparar.php
            [line] => 83
            [function] => error
            [class] => Logger
            [type] => ->
        )

    [1] => Array
        (
            [file] => C:\wamp64\www\compras\src\controllers\BaseController.php
            [line] => 83
            [function] => getConsumoMensal
            [class] => Semparar
            [type] => ->
        )

)

[2025-10-15 16:43:17] [ERROR] [IP: ::1] [User: 1] Erro ao calcular total anual {"error":"SQLSTATE[42S02]: Base table or view not found: 1146 Table 'compras.semparar' doesn't exist","trace":"#0 C:\\wamp64\\www\\compras\\src\\models\\Semparar.php(177): PDO->query('SELECT SUM(valo...')\n#1 C:\\wamp64\\www\\compras\\src\\controllers\\BaseController.php(92): Semparar->getTotalAnual()\n#2 C:\\wamp64\\www\\compras\\public\\semparar.php(31): BaseController->index()\n#3 {main}"}
Stack Trace:
Array
(
    [0] => Array
        (
            [file] => C:\wamp64\www\compras\src\models\Semparar.php
            [line] => 181
            [function] => error
            [class] => Logger
            [type] => ->
        )

    [1] => Array
        (
            [file] => C:\wamp64\www\compras\src\controllers\BaseController.php
            [line] => 92
            [function] => getTotalAnual
            [class] => Semparar
            [type] => ->
        )

)

[2025-10-15 16:47:26] [ERROR] [IP: ::1] [User: 1] Erro ao buscar registros com filtros {"error":"SQLSTATE[42S02]: Base table or view not found: 1146 Table 'compras.telefone' doesn't exist","trace":"#0 C:\\wamp64\\www\\compras\\src\\models\\Telefone.php(56): PDO->prepare('SELECT * FROM t...')\n#1 C:\\wamp64\\www\\compras\\src\\controllers\\BaseController.php(39): Telefone->buscarComFiltros(Array)\n#2 C:\\wamp64\\www\\compras\\public\\telefone.php(31): BaseController->index()\n#3 {main}"}
Stack Trace:
Array
(
    [0] => Array
        (
            [file] => C:\wamp64\www\compras\src\models\Telefone.php
            [line] => 63
            [function] => error
            [class] => Logger
            [type] => ->
        )

    [1] => Array
        (
            [file] => C:\wamp64\www\compras\src\controllers\BaseController.php
            [line] => 39
            [function] => buscarComFiltros
            [class] => Telefone
            [type] => ->
        )

)

[2025-10-15 16:47:26] [ERROR] [IP: ::1] [User: 1] Erro ao calcular total pendente {"error":"SQLSTATE[42S02]: Base table or view not found: 1146 Table 'compras.telefone' doesn't exist","trace":"#0 C:\\wamp64\\www\\compras\\src\\models\\Telefone.php(123): PDO->query('SELECT SUM(valo...')\n#1 C:\\wamp64\\www\\compras\\src\\controllers\\BaseController.php(42): Telefone->getTotalPendente()\n#2 C:\\wamp64\\www\\compras\\public\\telefone.php(31): BaseController->index()\n#3 {main}"}
Stack Trace:
Array
(
    [0] => Array
        (
            [file] => C:\wamp64\www\compras\src\models\Telefone.php
            [line] => 127
            [function] => error
            [class] => Logger
            [type] => ->
        )

    [1] => Array
        (
            [file] => C:\wamp64\www\compras\src\controllers\BaseController.php
            [line] => 42
            [function] => getTotalPendente
            [class] => Telefone
            [type] => ->
        )

)

[2025-10-15 16:47:26] [ERROR] [IP: ::1] [User: 1] Erro ao calcular média de consumo {"error":"SQLSTATE[42S02]: Base table or view not found: 1146 Table 'compras.telefone' doesn't exist","trace":"#0 C:\\wamp64\\www\\compras\\src\\models\\Telefone.php(102): PDO->query('SELECT \\r\\n      ...')\n#1 C:\\wamp64\\www\\compras\\src\\controllers\\BaseController.php(47): Telefone->getMediaConsumo()\n#2 C:\\wamp64\\www\\compras\\public\\telefone.php(31): BaseController->index()\n#3 {main}"}
Stack Trace:
Array
(
    [0] => Array
        (
            [file] => C:\wamp64\www\compras\src\models\Telefone.php
            [line] => 109
            [function] => error
            [class] => Logger
            [type] => ->
        )

    [1] => Array
        (
            [file] => C:\wamp64\www\compras\src\controllers\BaseController.php
            [line] => 47
            [function] => getMediaConsumo
            [class] => Telefone
            [type] => ->
        )

)

[2025-10-15 16:47:26] [ERROR] [IP: ::1] [User: 1] Erro ao buscar consumo mensal {"error":"SQLSTATE[42S02]: Base table or view not found: 1146 Table 'compras.telefone' doesn't exist","trace":"#0 C:\\wamp64\\www\\compras\\src\\models\\Telefone.php(83): PDO->query('SELECT\\r\\n       ...')\n#1 C:\\wamp64\\www\\compras\\src\\controllers\\BaseController.php(83): Telefone->getConsumoMensal()\n#2 C:\\wamp64\\www\\compras\\public\\telefone.php(31): BaseController->index()\n#3 {main}"}
Stack Trace:
Array
(
    [0] => Array
        (
            [file] => C:\wamp64\www\compras\src\models\Telefone.php
            [line] => 86
            [function] => error
            [class] => Logger
            [type] => ->
        )

    [1] => Array
        (
            [file] => C:\wamp64\www\compras\src\controllers\BaseController.php
            [line] => 83
            [function] => getConsumoMensal
            [class] => Telefone
            [type] => ->
        )

)

[2025-10-15 16:47:31] [ERROR] [IP: ::1] [User: 1] Erro ao buscar registros com filtros {"error":"SQLSTATE[42S02]: Base table or view not found: 1146 Table 'compras.semparar' doesn't exist","trace":"#0 C:\\wamp64\\www\\compras\\src\\models\\Semparar.php(54): PDO->prepare('SELECT * FROM s...')\n#1 C:\\wamp64\\www\\compras\\src\\controllers\\BaseController.php(39): Semparar->buscarComFiltros(Array)\n#2 C:\\wamp64\\www\\compras\\public\\semparar.php(31): BaseController->index()\n#3 {main}"}
Stack Trace:
Array
(
    [0] => Array
        (
            [file] => C:\wamp64\www\compras\src\models\Semparar.php
            [line] => 61
            [function] => error
            [class] => Logger
            [type] => ->
        )

    [1] => Array
        (
            [file] => C:\wamp64\www\compras\src\controllers\BaseController.php
            [line] => 39
            [function] => buscarComFiltros
            [class] => Semparar
            [type] => ->
        )

)

[2025-10-15 16:47:31] [ERROR] [IP: ::1] [User: 1] Erro ao calcular total pendente {"error":"SQLSTATE[42S02]: Base table or view not found: 1146 Table 'compras.semparar' doesn't exist","trace":"#0 C:\\wamp64\\www\\compras\\src\\models\\Semparar.php(120): PDO->query('SELECT SUM(valo...')\n#1 C:\\wamp64\\www\\compras\\src\\controllers\\BaseController.php(42): Semparar->getTotalPendente()\n#2 C:\\wamp64\\www\\compras\\public\\semparar.php(31): BaseController->index()\n#3 {main}"}
Stack Trace:
Array
(
    [0] => Array
        (
            [file] => C:\wamp64\www\compras\src\models\Semparar.php
            [line] => 124
            [function] => error
            [class] => Logger
            [type] => ->
        )

    [1] => Array
        (
            [file] => C:\wamp64\www\compras\src\controllers\BaseController.php
            [line] => 42
            [function] => getTotalPendente
            [class] => Semparar
            [type] => ->
        )

)

[2025-10-15 16:47:31] [ERROR] [IP: ::1] [User: 1] Erro ao calcular média mensal {"error":"SQLSTATE[42S02]: Base table or view not found: 1146 Table 'compras.semparar' doesn't exist","trace":"#0 C:\\wamp64\\www\\compras\\src\\models\\Semparar.php(99): PDO->query('SELECT \\r\\n      ...')\n#1 C:\\wamp64\\www\\compras\\src\\controllers\\BaseController.php(67): Semparar->getMediaMensal()\n#2 C:\\wamp64\\www\\compras\\public\\semparar.php(31): BaseController->index()\n#3 {main}"}
Stack Trace:
Array
(
    [0] => Array
        (
            [file] => C:\wamp64\www\compras\src\models\Semparar.php
            [line] => 106
            [function] => error
            [class] => Logger
            [type] => ->
        )

    [1] => Array
        (
            [file] => C:\wamp64\www\compras\src\controllers\BaseController.php
            [line] => 67
            [function] => getMediaMensal
            [class] => Semparar
            [type] => ->
        )

)

[2025-10-15 16:47:31] [ERROR] [IP: ::1] [User: 1] Erro ao buscar consumo mensal {"error":"SQLSTATE[42S02]: Base table or view not found: 1146 Table 'compras.semparar' doesn't exist","trace":"#0 C:\\wamp64\\www\\compras\\src\\models\\Semparar.php(80): PDO->query('SELECT\\r\\n       ...')\n#1 C:\\wamp64\\www\\compras\\src\\controllers\\BaseController.php(83): Semparar->getConsumoMensal()\n#2 C:\\wamp64\\www\\compras\\public\\semparar.php(31): BaseController->index()\n#3 {main}"}
Stack Trace:
Array
(
    [0] => Array
        (
            [file] => C:\wamp64\www\compras\src\models\Semparar.php
            [line] => 83
            [function] => error
            [class] => Logger
            [type] => ->
        )

    [1] => Array
        (
            [file] => C:\wamp64\www\compras\src\controllers\BaseController.php
            [line] => 83
            [function] => getConsumoMensal
            [class] => Semparar
            [type] => ->
        )

)

[2025-10-15 16:47:31] [ERROR] [IP: ::1] [User: 1] Erro ao calcular total anual {"error":"SQLSTATE[42S02]: Base table or view not found: 1146 Table 'compras.semparar' doesn't exist","trace":"#0 C:\\wamp64\\www\\compras\\src\\models\\Semparar.php(177): PDO->query('SELECT SUM(valo...')\n#1 C:\\wamp64\\www\\compras\\src\\controllers\\BaseController.php(92): Semparar->getTotalAnual()\n#2 C:\\wamp64\\www\\compras\\public\\semparar.php(31): BaseController->index()\n#3 {main}"}
Stack Trace:
Array
(
    [0] => Array
        (
            [file] => C:\wamp64\www\compras\src\models\Semparar.php
            [line] => 181
            [function] => error
            [class] => Logger
            [type] => ->
        )

    [1] => Array
        (
            [file] => C:\wamp64\www\compras\src\controllers\BaseController.php
            [line] => 92
            [function] => getTotalAnual
            [class] => Semparar
            [type] => ->
        )

)

[2025-10-15 16:47:34] [ERROR] [IP: ::1] [User: 1] Erro ao buscar registros com filtros {"error":"SQLSTATE[42S02]: Base table or view not found: 1146 Table 'compras.agua' doesn't exist","trace":"#0 C:\\wamp64\\www\\compras\\src\\models\\Agua.php(55): PDO->prepare('SELECT * FROM a...')\n#1 C:\\wamp64\\www\\compras\\src\\controllers\\BaseController.php(39): Agua->buscarComFiltros(Array)\n#2 C:\\wamp64\\www\\compras\\public\\agua.php(29): BaseController->index()\n#3 {main}"}
Stack Trace:
Array
(
    [0] => Array
        (
            [file] => C:\wamp64\www\compras\src\models\Agua.php
            [line] => 62
            [function] => error
            [class] => Logger
            [type] => ->
        )

    [1] => Array
        (
            [file] => C:\wamp64\www\compras\src\controllers\BaseController.php
            [line] => 39
            [function] => buscarComFiltros
            [class] => Agua
            [type] => ->
        )

)

[2025-10-15 16:47:34] [ERROR] [IP: ::1] [User: 1] Erro ao calcular total pendente {"error":"SQLSTATE[42S02]: Base table or view not found: 1146 Table 'compras.agua' doesn't exist","trace":"#0 C:\\wamp64\\www\\compras\\src\\models\\Agua.php(116): PDO->query('SELECT SUM(valo...')\n#1 C:\\wamp64\\www\\compras\\src\\controllers\\BaseController.php(42): Agua->getTotalPendente()\n#2 C:\\wamp64\\www\\compras\\public\\agua.php(29): BaseController->index()\n#3 {main}"}
Stack Trace:
Array
(
    [0] => Array
        (
            [file] => C:\wamp64\www\compras\src\models\Agua.php
            [line] => 120
            [function] => error
            [class] => Logger
            [type] => ->
        )

    [1] => Array
        (
            [file] => C:\wamp64\www\compras\src\controllers\BaseController.php
            [line] => 42
            [function] => getTotalPendente
            [class] => Agua
            [type] => ->
        )

)

[2025-10-15 16:47:34] [ERROR] [IP: ::1] [User: 1] Erro ao calcular média de consumo {"error":"SQLSTATE[42S02]: Base table or view not found: 1146 Table 'compras.agua' doesn't exist","trace":"#0 C:\\wamp64\\www\\compras\\src\\models\\Agua.php(98): PDO->query('SELECT AVG(cons...')\n#1 C:\\wamp64\\www\\compras\\src\\controllers\\BaseController.php(47): Agua->getMediaConsumo()\n#2 C:\\wamp64\\www\\compras\\public\\agua.php(29): BaseController->index()\n#3 {main}"}
Stack Trace:
Array
(
    [0] => Array
        (
            [file] => C:\wamp64\www\compras\src\models\Agua.php
            [line] => 102
            [function] => error
            [class] => Logger
            [type] => ->
        )

    [1] => Array
        (
            [file] => C:\wamp64\www\compras\src\controllers\BaseController.php
            [line] => 47
            [function] => getMediaConsumo
            [class] => Agua
            [type] => ->
        )

)

[2025-10-15 16:47:34] [ERROR] [IP: ::1] [User: 1] Erro ao buscar consumo mensal {"error":"SQLSTATE[42S02]: Base table or view not found: 1146 Table 'compras.agua' doesn't exist","trace":"#0 C:\\wamp64\\www\\compras\\src\\models\\Agua.php(81): PDO->query('SELECT\\r\\n       ...')\n#1 C:\\wamp64\\www\\compras\\src\\controllers\\BaseController.php(83): Agua->getConsumoMensal()\n#2 C:\\wamp64\\www\\compras\\public\\agua.php(29): BaseController->index()\n#3 {main}"}
Stack Trace:
Array
(
    [0] => Array
        (
            [file] => C:\wamp64\www\compras\src\models\Agua.php
            [line] => 84
            [function] => error
            [class] => Logger
            [type] => ->
        )

    [1] => Array
        (
            [file] => C:\wamp64\www\compras\src\controllers\BaseController.php
            [line] => 83
            [function] => getConsumoMensal
            [class] => Agua
            [type] => ->
        )

)

[2025-10-15 16:47:38] [ERROR] [IP: ::1] [User: 1] Erro ao buscar registros com filtros {"error":"SQLSTATE[42S02]: Base table or view not found: 1146 Table 'compras.internet' doesn't exist","trace":"#0 C:\\wamp64\\www\\compras\\src\\models\\Internet.php(59): PDO->prepare('SELECT * FROM i...')\n#1 C:\\wamp64\\www\\compras\\src\\controllers\\InternetController.php(30): Internet->buscarComFiltros(Array)\n#2 C:\\wamp64\\www\\compras\\public\\internet.php(26): InternetController->index()\n#3 {main}"}
Stack Trace:
Array
(
    [0] => Array
        (
            [file] => C:\wamp64\www\compras\src\models\Internet.php
            [line] => 66
            [function] => error
            [class] => Logger
            [type] => ->
        )

    [1] => Array
        (
            [file] => C:\wamp64\www\compras\src\controllers\InternetController.php
            [line] => 30
            [function] => buscarComFiltros
            [class] => Internet
            [type] => ->
        )

)

[2025-10-15 16:47:38] [ERROR] [IP: ::1] [User: 1] Erro ao calcular total pendente {"error":"SQLSTATE[42S02]: Base table or view not found: 1146 Table 'compras.internet' doesn't exist","trace":"#0 C:\\wamp64\\www\\compras\\src\\models\\Internet.php(128): PDO->query('SELECT SUM(valo...')\n#1 C:\\wamp64\\www\\compras\\src\\controllers\\InternetController.php(31): Internet->getTotalPendente()\n#2 C:\\wamp64\\www\\compras\\public\\internet.php(26): InternetController->index()\n#3 {main}"}
Stack Trace:
Array
(
    [0] => Array
        (
            [file] => C:\wamp64\www\compras\src\models\Internet.php
            [line] => 132
            [function] => error
            [class] => Logger
            [type] => ->
        )

    [1] => Array
        (
            [file] => C:\wamp64\www\compras\src\controllers\InternetController.php
            [line] => 31
            [function] => getTotalPendente
            [class] => Internet
            [type] => ->
        )

)

[2025-10-15 16:47:38] [ERROR] [IP: ::1] [User: 1] Erro ao calcular média de velocidade {"error":"SQLSTATE[42S02]: Base table or view not found: 1146 Table 'compras.internet' doesn't exist","trace":"#0 C:\\wamp64\\www\\compras\\src\\models\\Internet.php(110): PDO->query('SELECT AVG(\\r\\n  ...')\n#1 C:\\wamp64\\www\\compras\\src\\controllers\\InternetController.php(32): Internet->getMediaVelocidade()\n#2 C:\\wamp64\\www\\compras\\public\\internet.php(26): InternetController->index()\n#3 {main}"}
Stack Trace:
Array
(
    [0] => Array
        (
            [file] => C:\wamp64\www\compras\src\models\Internet.php
            [line] => 114
            [function] => error
            [class] => Logger
            [type] => ->
        )

    [1] => Array
        (
            [file] => C:\wamp64\www\compras\src\controllers\InternetController.php
            [line] => 32
            [function] => getMediaVelocidade
            [class] => Internet
            [type] => ->
        )

)

[2025-10-15 16:47:38] [ERROR] [IP: ::1] [User: 1] Erro ao buscar consumo mensal {"error":"SQLSTATE[42S02]: Base table or view not found: 1146 Table 'compras.internet' doesn't exist","trace":"#0 C:\\wamp64\\www\\compras\\src\\models\\Internet.php(85): PDO->query('SELECT\\r\\n       ...')\n#1 C:\\wamp64\\www\\compras\\src\\controllers\\InternetController.php(33): Internet->getConsumoMensal()\n#2 C:\\wamp64\\www\\compras\\public\\internet.php(26): InternetController->index()\n#3 {main}"}
Stack Trace:
Array
(
    [0] => Array
        (
            [file] => C:\wamp64\www\compras\src\models\Internet.php
            [line] => 88
            [function] => error
            [class] => Logger
            [type] => ->
        )

    [1] => Array
        (
            [file] => C:\wamp64\www\compras\src\controllers\InternetController.php
            [line] => 33
            [function] => getConsumoMensal
            [class] => Internet
            [type] => ->
        )

)

[2025-10-15 16:47:38] [ERROR] [IP: ::1] [User: 1] Erro ao calcular total anual {"error":"SQLSTATE[42S02]: Base table or view not found: 1146 Table 'compras.internet' doesn't exist","trace":"#0 C:\\wamp64\\www\\compras\\src\\models\\Internet.php(147): PDO->query('SELECT SUM(valo...')\n#1 C:\\wamp64\\www\\compras\\src\\controllers\\InternetController.php(34): Internet->getTotalAnual()\n#2 C:\\wamp64\\www\\compras\\public\\internet.php(26): InternetController->index()\n#3 {main}"}
Stack Trace:
Array
(
    [0] => Array
        (
            [file] => C:\wamp64\www\compras\src\models\Internet.php
            [line] => 151
            [function] => error
            [class] => Logger
            [type] => ->
        )

    [1] => Array
        (
            [file] => C:\wamp64\www\compras\src\controllers\InternetController.php
            [line] => 34
            [function] => getTotalAnual
            [class] => Internet
            [type] => ->
        )

)

[2025-10-16 10:01:53] [ERROR] [IP: ::1] [User: 1] Erro ao buscar registros com filtros {"error":"SQLSTATE[42S02]: Base table or view not found: 1146 Table 'compras.agua' doesn't exist","trace":"#0 C:\\wamp64\\www\\compras\\src\\models\\Agua.php(55): PDO->prepare('SELECT * FROM a...')\n#1 C:\\wamp64\\www\\compras\\src\\controllers\\BaseController.php(39): Agua->buscarComFiltros(Array)\n#2 C:\\wamp64\\www\\compras\\public\\agua.php(29): BaseController->index()\n#3 {main}"}
Stack Trace:
Array
(
    [0] => Array
        (
            [file] => C:\wamp64\www\compras\src\models\Agua.php
            [line] => 62
            [function] => error
            [class] => Logger
            [type] => ->
        )

    [1] => Array
        (
            [file] => C:\wamp64\www\compras\src\controllers\BaseController.php
            [line] => 39
            [function] => buscarComFiltros
            [class] => Agua
            [type] => ->
        )

)

[2025-10-16 10:01:53] [ERROR] [IP: ::1] [User: 1] Erro ao calcular total pendente {"error":"SQLSTATE[42S02]: Base table or view not found: 1146 Table 'compras.agua' doesn't exist","trace":"#0 C:\\wamp64\\www\\compras\\src\\models\\Agua.php(116): PDO->query('SELECT SUM(valo...')\n#1 C:\\wamp64\\www\\compras\\src\\controllers\\BaseController.php(42): Agua->getTotalPendente()\n#2 C:\\wamp64\\www\\compras\\public\\agua.php(29): BaseController->index()\n#3 {main}"}
Stack Trace:
Array
(
    [0] => Array
        (
            [file] => C:\wamp64\www\compras\src\models\Agua.php
            [line] => 120
            [function] => error
            [class] => Logger
            [type] => ->
        )

    [1] => Array
        (
            [file] => C:\wamp64\www\compras\src\controllers\BaseController.php
            [line] => 42
            [function] => getTotalPendente
            [class] => Agua
            [type] => ->
        )

)

[2025-10-16 10:01:53] [ERROR] [IP: ::1] [User: 1] Erro ao calcular média de consumo {"error":"SQLSTATE[42S02]: Base table or view not found: 1146 Table 'compras.agua' doesn't exist","trace":"#0 C:\\wamp64\\www\\compras\\src\\models\\Agua.php(98): PDO->query('SELECT AVG(cons...')\n#1 C:\\wamp64\\www\\compras\\src\\controllers\\BaseController.php(47): Agua->getMediaConsumo()\n#2 C:\\wamp64\\www\\compras\\public\\agua.php(29): BaseController->index()\n#3 {main}"}
Stack Trace:
Array
(
    [0] => Array
        (
            [file] => C:\wamp64\www\compras\src\models\Agua.php
            [line] => 102
            [function] => error
            [class] => Logger
            [type] => ->
        )

    [1] => Array
        (
            [file] => C:\wamp64\www\compras\src\controllers\BaseController.php
            [line] => 47
            [function] => getMediaConsumo
            [class] => Agua
            [type] => ->
        )

)

[2025-10-16 10:01:53] [ERROR] [IP: ::1] [User: 1] Erro ao buscar consumo mensal {"error":"SQLSTATE[42S02]: Base table or view not found: 1146 Table 'compras.agua' doesn't exist","trace":"#0 C:\\wamp64\\www\\compras\\src\\models\\Agua.php(81): PDO->query('SELECT\\r\\n       ...')\n#1 C:\\wamp64\\www\\compras\\src\\controllers\\BaseController.php(83): Agua->getConsumoMensal()\n#2 C:\\wamp64\\www\\compras\\public\\agua.php(29): BaseController->index()\n#3 {main}"}
Stack Trace:
Array
(
    [0] => Array
        (
            [file] => C:\wamp64\www\compras\src\models\Agua.php
            [line] => 84
            [function] => error
            [class] => Logger
            [type] => ->
        )

    [1] => Array
        (
            [file] => C:\wamp64\www\compras\src\controllers\BaseController.php
            [line] => 83
            [function] => getConsumoMensal
            [class] => Agua
            [type] => ->
        )

)

[2025-10-16 10:20:58] [ERROR] [IP: ::1] [User: 1] Erro ao buscar registros com filtros {"error":"SQLSTATE[42S02]: Base table or view not found: 1146 Table 'compras.agua' doesn't exist","trace":"#0 C:\\wamp64\\www\\compras\\src\\models\\Agua.php(55): PDO->prepare('SELECT * FROM a...')\n#1 C:\\wamp64\\www\\compras\\src\\controllers\\BaseController.php(39): Agua->buscarComFiltros(Array)\n#2 C:\\wamp64\\www\\compras\\public\\agua.php(29): BaseController->index()\n#3 {main}"}
Stack Trace:
Array
(
    [0] => Array
        (
            [file] => C:\wamp64\www\compras\src\models\Agua.php
            [line] => 62
            [function] => error
            [class] => Logger
            [type] => ->
        )

    [1] => Array
        (
            [file] => C:\wamp64\www\compras\src\controllers\BaseController.php
            [line] => 39
            [function] => buscarComFiltros
            [class] => Agua
            [type] => ->
        )

)

[2025-10-16 10:20:58] [ERROR] [IP: ::1] [User: 1] Erro ao calcular total pendente {"error":"SQLSTATE[42S02]: Base table or view not found: 1146 Table 'compras.agua' doesn't exist","trace":"#0 C:\\wamp64\\www\\compras\\src\\models\\Agua.php(116): PDO->query('SELECT SUM(valo...')\n#1 C:\\wamp64\\www\\compras\\src\\controllers\\BaseController.php(42): Agua->getTotalPendente()\n#2 C:\\wamp64\\www\\compras\\public\\agua.php(29): BaseController->index()\n#3 {main}"}
Stack Trace:
Array
(
    [0] => Array
        (
            [file] => C:\wamp64\www\compras\src\models\Agua.php
            [line] => 120
            [function] => error
            [class] => Logger
            [type] => ->
        )

    [1] => Array
        (
            [file] => C:\wamp64\www\compras\src\controllers\BaseController.php
            [line] => 42
            [function] => getTotalPendente
            [class] => Agua
            [type] => ->
        )

)

[2025-10-16 10:20:58] [ERROR] [IP: ::1] [User: 1] Erro ao calcular média de consumo {"error":"SQLSTATE[42S02]: Base table or view not found: 1146 Table 'compras.agua' doesn't exist","trace":"#0 C:\\wamp64\\www\\compras\\src\\models\\Agua.php(98): PDO->query('SELECT AVG(cons...')\n#1 C:\\wamp64\\www\\compras\\src\\controllers\\BaseController.php(47): Agua->getMediaConsumo()\n#2 C:\\wamp64\\www\\compras\\public\\agua.php(29): BaseController->index()\n#3 {main}"}
Stack Trace:
Array
(
    [0] => Array
        (
            [file] => C:\wamp64\www\compras\src\models\Agua.php
            [line] => 102
            [function] => error
            [class] => Logger
            [type] => ->
        )

    [1] => Array
        (
            [file] => C:\wamp64\www\compras\src\controllers\BaseController.php
            [line] => 47
            [function] => getMediaConsumo
            [class] => Agua
            [type] => ->
        )

)

[2025-10-16 10:20:58] [ERROR] [IP: ::1] [User: 1] Erro ao buscar consumo mensal {"error":"SQLSTATE[42S02]: Base table or view not found: 1146 Table 'compras.agua' doesn't exist","trace":"#0 C:\\wamp64\\www\\compras\\src\\models\\Agua.php(81): PDO->query('SELECT\\r\\n       ...')\n#1 C:\\wamp64\\www\\compras\\src\\controllers\\BaseController.php(83): Agua->getConsumoMensal()\n#2 C:\\wamp64\\www\\compras\\public\\agua.php(29): BaseController->index()\n#3 {main}"}
Stack Trace:
Array
(
    [0] => Array
        (
            [file] => C:\wamp64\www\compras\src\models\Agua.php
            [line] => 84
            [function] => error
            [class] => Logger
            [type] => ->
        )

    [1] => Array
        (
            [file] => C:\wamp64\www\compras\src\controllers\BaseController.php
            [line] => 83
            [function] => getConsumoMensal
            [class] => Agua
            [type] => ->
        )

)

[2025-10-16 10:21:03] [ERROR] [IP: ::1] [User: 1] Erro ao buscar registros com filtros {"error":"SQLSTATE[42S02]: Base table or view not found: 1146 Table 'compras.energia' doesn't exist","trace":"#0 C:\\wamp64\\www\\compras\\src\\models\\Energia.php(59): PDO->prepare('SELECT * FROM e...')\n#1 C:\\wamp64\\www\\compras\\src\\controllers\\BaseController.php(39): Energia->buscarComFiltros(Array)\n#2 C:\\wamp64\\www\\compras\\public\\energia.php(26): BaseController->index()\n#3 {main}"}
Stack Trace:
Array
(
    [0] => Array
        (
            [file] => C:\wamp64\www\compras\src\models\Energia.php
            [line] => 66
            [function] => error
            [class] => Logger
            [type] => ->
        )

    [1] => Array
        (
            [file] => C:\wamp64\www\compras\src\controllers\BaseController.php
            [line] => 39
            [function] => buscarComFiltros
            [class] => Energia
            [type] => ->
        )

)

[2025-10-16 10:21:03] [ERROR] [IP: ::1] [User: 1] Erro ao calcular total pendente {"error":"SQLSTATE[42S02]: Base table or view not found: 1146 Table 'compras.energia' doesn't exist","trace":"#0 C:\\wamp64\\www\\compras\\src\\models\\Energia.php(120): PDO->query('SELECT SUM(valo...')\n#1 C:\\wamp64\\www\\compras\\src\\controllers\\BaseController.php(42): Energia->getTotalPendente()\n#2 C:\\wamp64\\www\\compras\\public\\energia.php(26): BaseController->index()\n#3 {main}"}
Stack Trace:
Array
(
    [0] => Array
        (
            [file] => C:\wamp64\www\compras\src\models\Energia.php
            [line] => 124
            [function] => error
            [class] => Logger
            [type] => ->
        )

    [1] => Array
        (
            [file] => C:\wamp64\www\compras\src\controllers\BaseController.php
            [line] => 42
            [function] => getTotalPendente
            [class] => Energia
            [type] => ->
        )

)

[2025-10-16 10:21:03] [ERROR] [IP: ::1] [User: 1] Erro ao calcular média de consumo {"error":"SQLSTATE[42S02]: Base table or view not found: 1146 Table 'compras.energia' doesn't exist","trace":"#0 C:\\wamp64\\www\\compras\\src\\models\\Energia.php(102): PDO->query('SELECT AVG(cons...')\n#1 C:\\wamp64\\www\\compras\\src\\controllers\\BaseController.php(47): Energia->getMediaConsumo()\n#2 C:\\wamp64\\www\\compras\\public\\energia.php(26): BaseController->index()\n#3 {main}"}
Stack Trace:
Array
(
    [0] => Array
        (
            [file] => C:\wamp64\www\compras\src\models\Energia.php
            [line] => 106
            [function] => error
            [class] => Logger
            [type] => ->
        )

    [1] => Array
        (
            [file] => C:\wamp64\www\compras\src\controllers\BaseController.php
            [line] => 47
            [function] => getMediaConsumo
            [class] => Energia
            [type] => ->
        )

)

[2025-10-16 10:21:03] [ERROR] [IP: ::1] [User: 1] Erro ao buscar consumo mensal {"error":"SQLSTATE[42S02]: Base table or view not found: 1146 Table 'compras.energia' doesn't exist","trace":"#0 C:\\wamp64\\www\\compras\\src\\models\\Energia.php(85): PDO->query('SELECT\\r\\n       ...')\n#1 C:\\wamp64\\www\\compras\\src\\controllers\\BaseController.php(83): Energia->getConsumoMensal()\n#2 C:\\wamp64\\www\\compras\\public\\energia.php(26): BaseController->index()\n#3 {main}"}
Stack Trace:
Array
(
    [0] => Array
        (
            [file] => C:\wamp64\www\compras\src\models\Energia.php
            [line] => 88
            [function] => error
            [class] => Logger
            [type] => ->
        )

    [1] => Array
        (
            [file] => C:\wamp64\www\compras\src\controllers\BaseController.php
            [line] => 83
            [function] => getConsumoMensal
            [class] => Energia
            [type] => ->
        )

)

[2025-10-16 10:23:14] [ERROR] [IP: ::1] [User: 1] Erro ao buscar registros com filtros {"error":"SQLSTATE[42S02]: Base table or view not found: 1146 Table 'compras.agua' doesn't exist","trace":"#0 C:\\wamp64\\www\\compras\\src\\models\\Agua.php(55): PDO->prepare('SELECT * FROM a...')\n#1 C:\\wamp64\\www\\compras\\src\\controllers\\BaseController.php(39): Agua->buscarComFiltros(Array)\n#2 C:\\wamp64\\www\\compras\\public\\agua.php(29): BaseController->index()\n#3 {main}"}
Stack Trace:
Array
(
    [0] => Array
        (
            [file] => C:\wamp64\www\compras\src\models\Agua.php
            [line] => 62
            [function] => error
            [class] => Logger
            [type] => ->
        )

    [1] => Array
        (
            [file] => C:\wamp64\www\compras\src\controllers\BaseController.php
            [line] => 39
            [function] => buscarComFiltros
            [class] => Agua
            [type] => ->
        )

)

[2025-10-16 10:23:14] [ERROR] [IP: ::1] [User: 1] Erro ao calcular total pendente {"error":"SQLSTATE[42S02]: Base table or view not found: 1146 Table 'compras.agua' doesn't exist","trace":"#0 C:\\wamp64\\www\\compras\\src\\models\\Agua.php(116): PDO->query('SELECT SUM(valo...')\n#1 C:\\wamp64\\www\\compras\\src\\controllers\\BaseController.php(42): Agua->getTotalPendente()\n#2 C:\\wamp64\\www\\compras\\public\\agua.php(29): BaseController->index()\n#3 {main}"}
Stack Trace:
Array
(
    [0] => Array
        (
            [file] => C:\wamp64\www\compras\src\models\Agua.php
            [line] => 120
            [function] => error
            [class] => Logger
            [type] => ->
        )

    [1] => Array
        (
            [file] => C:\wamp64\www\compras\src\controllers\BaseController.php
            [line] => 42
            [function] => getTotalPendente
            [class] => Agua
            [type] => ->
        )

)

[2025-10-16 10:23:14] [ERROR] [IP: ::1] [User: 1] Erro ao calcular média de consumo {"error":"SQLSTATE[42S02]: Base table or view not found: 1146 Table 'compras.agua' doesn't exist","trace":"#0 C:\\wamp64\\www\\compras\\src\\models\\Agua.php(98): PDO->query('SELECT AVG(cons...')\n#1 C:\\wamp64\\www\\compras\\src\\controllers\\BaseController.php(47): Agua->getMediaConsumo()\n#2 C:\\wamp64\\www\\compras\\public\\agua.php(29): BaseController->index()\n#3 {main}"}
Stack Trace:
Array
(
    [0] => Array
        (
            [file] => C:\wamp64\www\compras\src\models\Agua.php
            [line] => 102
            [function] => error
            [class] => Logger
            [type] => ->
        )

    [1] => Array
        (
            [file] => C:\wamp64\www\compras\src\controllers\BaseController.php
            [line] => 47
            [function] => getMediaConsumo
            [class] => Agua
            [type] => ->
        )

)

[2025-10-16 10:23:14] [ERROR] [IP: ::1] [User: 1] Erro ao buscar consumo mensal {"error":"SQLSTATE[42S02]: Base table or view not found: 1146 Table 'compras.agua' doesn't exist","trace":"#0 C:\\wamp64\\www\\compras\\src\\models\\Agua.php(81): PDO->query('SELECT\\r\\n       ...')\n#1 C:\\wamp64\\www\\compras\\src\\controllers\\BaseController.php(83): Agua->getConsumoMensal()\n#2 C:\\wamp64\\www\\compras\\public\\agua.php(29): BaseController->index()\n#3 {main}"}
Stack Trace:
Array
(
    [0] => Array
        (
            [file] => C:\wamp64\www\compras\src\models\Agua.php
            [line] => 84
            [function] => error
            [class] => Logger
            [type] => ->
        )

    [1] => Array
        (
            [file] => C:\wamp64\www\compras\src\controllers\BaseController.php
            [line] => 83
            [function] => getConsumoMensal
            [class] => Agua
            [type] => ->
        )

)

[2025-10-16 10:41:59] [ERROR] [IP: ::1] [User: 1] Erro ao buscar registros com filtros {"error":"SQLSTATE[42S02]: Base table or view not found: 1146 Table 'compras.agua' doesn't exist","trace":"#0 C:\\wamp64\\www\\compras\\src\\models\\Agua.php(55): PDO->prepare('SELECT * FROM a...')\n#1 C:\\wamp64\\www\\compras\\src\\controllers\\BaseController.php(39): Agua->buscarComFiltros(Array)\n#2 C:\\wamp64\\www\\compras\\public\\agua.php(29): BaseController->index()\n#3 {main}"}
Stack Trace:
Array
(
    [0] => Array
        (
            [file] => C:\wamp64\www\compras\src\models\Agua.php
            [line] => 62
            [function] => error
            [class] => Logger
            [type] => ->
        )

    [1] => Array
        (
            [file] => C:\wamp64\www\compras\src\controllers\BaseController.php
            [line] => 39
            [function] => buscarComFiltros
            [class] => Agua
            [type] => ->
        )

)

[2025-10-16 10:41:59] [ERROR] [IP: ::1] [User: 1] Erro ao calcular total pendente {"error":"SQLSTATE[42S02]: Base table or view not found: 1146 Table 'compras.agua' doesn't exist","trace":"#0 C:\\wamp64\\www\\compras\\src\\models\\Agua.php(116): PDO->query('SELECT SUM(valo...')\n#1 C:\\wamp64\\www\\compras\\src\\controllers\\BaseController.php(42): Agua->getTotalPendente()\n#2 C:\\wamp64\\www\\compras\\public\\agua.php(29): BaseController->index()\n#3 {main}"}
Stack Trace:
Array
(
    [0] => Array
        (
            [file] => C:\wamp64\www\compras\src\models\Agua.php
            [line] => 120
            [function] => error
            [class] => Logger
            [type] => ->
        )

    [1] => Array
        (
            [file] => C:\wamp64\www\compras\src\controllers\BaseController.php
            [line] => 42
            [function] => getTotalPendente
            [class] => Agua
            [type] => ->
        )

)

[2025-10-16 10:41:59] [ERROR] [IP: ::1] [User: 1] Erro ao calcular média de consumo {"error":"SQLSTATE[42S02]: Base table or view not found: 1146 Table 'compras.agua' doesn't exist","trace":"#0 C:\\wamp64\\www\\compras\\src\\models\\Agua.php(98): PDO->query('SELECT AVG(cons...')\n#1 C:\\wamp64\\www\\compras\\src\\controllers\\BaseController.php(47): Agua->getMediaConsumo()\n#2 C:\\wamp64\\www\\compras\\public\\agua.php(29): BaseController->index()\n#3 {main}"}
Stack Trace:
Array
(
    [0] => Array
        (
            [file] => C:\wamp64\www\compras\src\models\Agua.php
            [line] => 102
            [function] => error
            [class] => Logger
            [type] => ->
        )

    [1] => Array
        (
            [file] => C:\wamp64\www\compras\src\controllers\BaseController.php
            [line] => 47
            [function] => getMediaConsumo
            [class] => Agua
            [type] => ->
        )

)

[2025-10-16 10:41:59] [ERROR] [IP: ::1] [User: 1] Erro ao buscar consumo mensal {"error":"SQLSTATE[42S02]: Base table or view not found: 1146 Table 'compras.agua' doesn't exist","trace":"#0 C:\\wamp64\\www\\compras\\src\\models\\Agua.php(81): PDO->query('SELECT\\r\\n       ...')\n#1 C:\\wamp64\\www\\compras\\src\\controllers\\BaseController.php(83): Agua->getConsumoMensal()\n#2 C:\\wamp64\\www\\compras\\public\\agua.php(29): BaseController->index()\n#3 {main}"}
Stack Trace:
Array
(
    [0] => Array
        (
            [file] => C:\wamp64\www\compras\src\models\Agua.php
            [line] => 84
            [function] => error
            [class] => Logger
            [type] => ->
        )

    [1] => Array
        (
            [file] => C:\wamp64\www\compras\src\controllers\BaseController.php
            [line] => 83
            [function] => getConsumoMensal
            [class] => Agua
            [type] => ->
        )

)

[2025-10-16 10:44:32] [ERROR] [IP: ::1] [User: 1] Erro ao buscar registros com filtros {"error":"SQLSTATE[42S02]: Base table or view not found: 1146 Table 'compras.agua' doesn't exist","trace":"#0 C:\\wamp64\\www\\compras\\src\\models\\Agua.php(55): PDO->prepare('SELECT * FROM a...')\n#1 C:\\wamp64\\www\\compras\\src\\controllers\\BaseController.php(39): Agua->buscarComFiltros(Array)\n#2 C:\\wamp64\\www\\compras\\public\\agua.php(29): BaseController->index()\n#3 {main}"}
Stack Trace:
Array
(
    [0] => Array
        (
            [file] => C:\wamp64\www\compras\src\models\Agua.php
            [line] => 62
            [function] => error
            [class] => Logger
            [type] => ->
        )

    [1] => Array
        (
            [file] => C:\wamp64\www\compras\src\controllers\BaseController.php
            [line] => 39
            [function] => buscarComFiltros
            [class] => Agua
            [type] => ->
        )

)

[2025-10-16 10:44:32] [ERROR] [IP: ::1] [User: 1] Erro ao calcular total pendente {"error":"SQLSTATE[42S02]: Base table or view not found: 1146 Table 'compras.agua' doesn't exist","trace":"#0 C:\\wamp64\\www\\compras\\src\\models\\Agua.php(116): PDO->query('SELECT SUM(valo...')\n#1 C:\\wamp64\\www\\compras\\src\\controllers\\BaseController.php(42): Agua->getTotalPendente()\n#2 C:\\wamp64\\www\\compras\\public\\agua.php(29): BaseController->index()\n#3 {main}"}
Stack Trace:
Array
(
    [0] => Array
        (
            [file] => C:\wamp64\www\compras\src\models\Agua.php
            [line] => 120
            [function] => error
            [class] => Logger
            [type] => ->
        )

    [1] => Array
        (
            [file] => C:\wamp64\www\compras\src\controllers\BaseController.php
            [line] => 42
            [function] => getTotalPendente
            [class] => Agua
            [type] => ->
        )

)

[2025-10-16 10:44:32] [ERROR] [IP: ::1] [User: 1] Erro ao calcular média de consumo {"error":"SQLSTATE[42S02]: Base table or view not found: 1146 Table 'compras.agua' doesn't exist","trace":"#0 C:\\wamp64\\www\\compras\\src\\models\\Agua.php(98): PDO->query('SELECT AVG(cons...')\n#1 C:\\wamp64\\www\\compras\\src\\controllers\\BaseController.php(47): Agua->getMediaConsumo()\n#2 C:\\wamp64\\www\\compras\\public\\agua.php(29): BaseController->index()\n#3 {main}"}
Stack Trace:
Array
(
    [0] => Array
        (
            [file] => C:\wamp64\www\compras\src\models\Agua.php
            [line] => 102
            [function] => error
            [class] => Logger
            [type] => ->
        )

    [1] => Array
        (
            [file] => C:\wamp64\www\compras\src\controllers\BaseController.php
            [line] => 47
            [function] => getMediaConsumo
            [class] => Agua
            [type] => ->
        )

)

[2025-10-16 10:44:32] [ERROR] [IP: ::1] [User: 1] Erro ao buscar consumo mensal {"error":"SQLSTATE[42S02]: Base table or view not found: 1146 Table 'compras.agua' doesn't exist","trace":"#0 C:\\wamp64\\www\\compras\\src\\models\\Agua.php(81): PDO->query('SELECT\\r\\n       ...')\n#1 C:\\wamp64\\www\\compras\\src\\controllers\\BaseController.php(83): Agua->getConsumoMensal()\n#2 C:\\wamp64\\www\\compras\\public\\agua.php(29): BaseController->index()\n#3 {main}"}
Stack Trace:
Array
(
    [0] => Array
        (
            [file] => C:\wamp64\www\compras\src\models\Agua.php
            [line] => 84
            [function] => error
            [class] => Logger
            [type] => ->
        )

    [1] => Array
        (
            [file] => C:\wamp64\www\compras\src\controllers\BaseController.php
            [line] => 83
            [function] => getConsumoMensal
            [class] => Agua
            [type] => ->
        )

)

[2025-10-16 11:41:02] [ERROR] [IP: ::1] [User: 1] Erro ao buscar registros com filtros {"error":"SQLSTATE[42S02]: Base table or view not found: 1146 Table 'compras.agua' doesn't exist","trace":"#0 C:\\wamp64\\www\\compras\\src\\models\\Agua.php(55): PDO->prepare('SELECT * FROM a...')\n#1 C:\\wamp64\\www\\compras\\src\\controllers\\BaseController.php(39): Agua->buscarComFiltros(Array)\n#2 C:\\wamp64\\www\\compras\\public\\agua.php(29): BaseController->index()\n#3 {main}"}
Stack Trace:
Array
(
    [0] => Array
        (
            [file] => C:\wamp64\www\compras\src\models\Agua.php
            [line] => 62
            [function] => error
            [class] => Logger
            [type] => ->
        )

    [1] => Array
        (
            [file] => C:\wamp64\www\compras\src\controllers\BaseController.php
            [line] => 39
            [function] => buscarComFiltros
            [class] => Agua
            [type] => ->
        )

)

[2025-10-16 11:41:02] [ERROR] [IP: ::1] [User: 1] Erro ao calcular total pendente {"error":"SQLSTATE[42S02]: Base table or view not found: 1146 Table 'compras.agua' doesn't exist","trace":"#0 C:\\wamp64\\www\\compras\\src\\models\\Agua.php(116): PDO->query('SELECT SUM(valo...')\n#1 C:\\wamp64\\www\\compras\\src\\controllers\\BaseController.php(42): Agua->getTotalPendente()\n#2 C:\\wamp64\\www\\compras\\public\\agua.php(29): BaseController->index()\n#3 {main}"}
Stack Trace:
Array
(
    [0] => Array
        (
            [file] => C:\wamp64\www\compras\src\models\Agua.php
            [line] => 120
            [function] => error
            [class] => Logger
            [type] => ->
        )

    [1] => Array
        (
            [file] => C:\wamp64\www\compras\src\controllers\BaseController.php
            [line] => 42
            [function] => getTotalPendente
            [class] => Agua
            [type] => ->
        )

)

[2025-10-16 11:41:02] [ERROR] [IP: ::1] [User: 1] Erro ao calcular média de consumo {"error":"SQLSTATE[42S02]: Base table or view not found: 1146 Table 'compras.agua' doesn't exist","trace":"#0 C:\\wamp64\\www\\compras\\src\\models\\Agua.php(98): PDO->query('SELECT AVG(cons...')\n#1 C:\\wamp64\\www\\compras\\src\\controllers\\BaseController.php(47): Agua->getMediaConsumo()\n#2 C:\\wamp64\\www\\compras\\public\\agua.php(29): BaseController->index()\n#3 {main}"}
Stack Trace:
Array
(
    [0] => Array
        (
            [file] => C:\wamp64\www\compras\src\models\Agua.php
            [line] => 102
            [function] => error
            [class] => Logger
            [type] => ->
        )

    [1] => Array
        (
            [file] => C:\wamp64\www\compras\src\controllers\BaseController.php
            [line] => 47
            [function] => getMediaConsumo
            [class] => Agua
            [type] => ->
        )

)

[2025-10-16 11:41:02] [ERROR] [IP: ::1] [User: 1] Erro ao buscar consumo mensal {"error":"SQLSTATE[42S02]: Base table or view not found: 1146 Table 'compras.agua' doesn't exist","trace":"#0 C:\\wamp64\\www\\compras\\src\\models\\Agua.php(81): PDO->query('SELECT\\r\\n       ...')\n#1 C:\\wamp64\\www\\compras\\src\\controllers\\BaseController.php(83): Agua->getConsumoMensal()\n#2 C:\\wamp64\\www\\compras\\public\\agua.php(29): BaseController->index()\n#3 {main}"}
Stack Trace:
Array
(
    [0] => Array
        (
            [file] => C:\wamp64\www\compras\src\models\Agua.php
            [line] => 84
            [function] => error
            [class] => Logger
            [type] => ->
        )

    [1] => Array
        (
            [file] => C:\wamp64\www\compras\src\controllers\BaseController.php
            [line] => 83
            [function] => getConsumoMensal
            [class] => Agua
            [type] => ->
        )

)

[2025-10-16 11:45:24] [ERROR] [IP: ::1] [User: 1] Erro ao buscar registros com filtros {"error":"SQLSTATE[42S02]: Base table or view not found: 1146 Table 'compras.agua' doesn't exist","trace":"#0 C:\\wamp64\\www\\compras\\src\\models\\Agua.php(55): PDO->prepare('SELECT * FROM a...')\n#1 C:\\wamp64\\www\\compras\\src\\controllers\\BaseController.php(39): Agua->buscarComFiltros(Array)\n#2 C:\\wamp64\\www\\compras\\public\\agua.php(29): BaseController->index()\n#3 {main}"}
Stack Trace:
Array
(
    [0] => Array
        (
            [file] => C:\wamp64\www\compras\src\models\Agua.php
            [line] => 62
            [function] => error
            [class] => Logger
            [type] => ->
        )

    [1] => Array
        (
            [file] => C:\wamp64\www\compras\src\controllers\BaseController.php
            [line] => 39
            [function] => buscarComFiltros
            [class] => Agua
            [type] => ->
        )

)

[2025-10-16 11:45:24] [ERROR] [IP: ::1] [User: 1] Erro ao calcular total pendente {"error":"SQLSTATE[42S02]: Base table or view not found: 1146 Table 'compras.agua' doesn't exist","trace":"#0 C:\\wamp64\\www\\compras\\src\\models\\Agua.php(116): PDO->query('SELECT SUM(valo...')\n#1 C:\\wamp64\\www\\compras\\src\\controllers\\BaseController.php(42): Agua->getTotalPendente()\n#2 C:\\wamp64\\www\\compras\\public\\agua.php(29): BaseController->index()\n#3 {main}"}
Stack Trace:
Array
(
    [0] => Array
        (
            [file] => C:\wamp64\www\compras\src\models\Agua.php
            [line] => 120
            [function] => error
            [class] => Logger
            [type] => ->
        )

    [1] => Array
        (
            [file] => C:\wamp64\www\compras\src\controllers\BaseController.php
            [line] => 42
            [function] => getTotalPendente
            [class] => Agua
            [type] => ->
        )

)

[2025-10-16 11:45:24] [ERROR] [IP: ::1] [User: 1] Erro ao calcular média de consumo {"error":"SQLSTATE[42S02]: Base table or view not found: 1146 Table 'compras.agua' doesn't exist","trace":"#0 C:\\wamp64\\www\\compras\\src\\models\\Agua.php(98): PDO->query('SELECT AVG(cons...')\n#1 C:\\wamp64\\www\\compras\\src\\controllers\\BaseController.php(47): Agua->getMediaConsumo()\n#2 C:\\wamp64\\www\\compras\\public\\agua.php(29): BaseController->index()\n#3 {main}"}
Stack Trace:
Array
(
    [0] => Array
        (
            [file] => C:\wamp64\www\compras\src\models\Agua.php
            [line] => 102
            [function] => error
            [class] => Logger
            [type] => ->
        )

    [1] => Array
        (
            [file] => C:\wamp64\www\compras\src\controllers\BaseController.php
            [line] => 47
            [function] => getMediaConsumo
            [class] => Agua
            [type] => ->
        )

)

[2025-10-16 11:45:24] [ERROR] [IP: ::1] [User: 1] Erro ao buscar consumo mensal {"error":"SQLSTATE[42S02]: Base table or view not found: 1146 Table 'compras.agua' doesn't exist","trace":"#0 C:\\wamp64\\www\\compras\\src\\models\\Agua.php(81): PDO->query('SELECT\\r\\n       ...')\n#1 C:\\wamp64\\www\\compras\\src\\controllers\\BaseController.php(83): Agua->getConsumoMensal()\n#2 C:\\wamp64\\www\\compras\\public\\agua.php(29): BaseController->index()\n#3 {main}"}
Stack Trace:
Array
(
    [0] => Array
        (
            [file] => C:\wamp64\www\compras\src\models\Agua.php
            [line] => 84
            [function] => error
            [class] => Logger
            [type] => ->
        )

    [1] => Array
        (
            [file] => C:\wamp64\www\compras\src\controllers\BaseController.php
            [line] => 83
            [function] => getConsumoMensal
            [class] => Agua
            [type] => ->
        )

)

[2025-10-16 11:53:54] [ERROR] [IP: ::1] [User: 1] Erro ao buscar registros com filtros {"error":"SQLSTATE[42S02]: Base table or view not found: 1146 Table 'compras.agua' doesn't exist","trace":"#0 C:\\wamp64\\www\\compras\\src\\models\\Agua.php(55): PDO->prepare('SELECT * FROM a...')\n#1 C:\\wamp64\\www\\compras\\src\\controllers\\BaseController.php(39): Agua->buscarComFiltros(Array)\n#2 C:\\wamp64\\www\\compras\\public\\agua.php(29): BaseController->index()\n#3 {main}"}
Stack Trace:
Array
(
    [0] => Array
        (
            [file] => C:\wamp64\www\compras\src\models\Agua.php
            [line] => 62
            [function] => error
            [class] => Logger
            [type] => ->
        )

    [1] => Array
        (
            [file] => C:\wamp64\www\compras\src\controllers\BaseController.php
            [line] => 39
            [function] => buscarComFiltros
            [class] => Agua
            [type] => ->
        )

)

[2025-10-16 11:53:54] [ERROR] [IP: ::1] [User: 1] Erro ao calcular total pendente {"error":"SQLSTATE[42S02]: Base table or view not found: 1146 Table 'compras.agua' doesn't exist","trace":"#0 C:\\wamp64\\www\\compras\\src\\models\\Agua.php(116): PDO->query('SELECT SUM(valo...')\n#1 C:\\wamp64\\www\\compras\\src\\controllers\\BaseController.php(42): Agua->getTotalPendente()\n#2 C:\\wamp64\\www\\compras\\public\\agua.php(29): BaseController->index()\n#3 {main}"}
Stack Trace:
Array
(
    [0] => Array
        (
            [file] => C:\wamp64\www\compras\src\models\Agua.php
            [line] => 120
            [function] => error
            [class] => Logger
            [type] => ->
        )

    [1] => Array
        (
            [file] => C:\wamp64\www\compras\src\controllers\BaseController.php
            [line] => 42
            [function] => getTotalPendente
            [class] => Agua
            [type] => ->
        )

)

[2025-10-16 11:53:54] [ERROR] [IP: ::1] [User: 1] Erro ao calcular média de consumo {"error":"SQLSTATE[42S02]: Base table or view not found: 1146 Table 'compras.agua' doesn't exist","trace":"#0 C:\\wamp64\\www\\compras\\src\\models\\Agua.php(98): PDO->query('SELECT AVG(cons...')\n#1 C:\\wamp64\\www\\compras\\src\\controllers\\BaseController.php(47): Agua->getMediaConsumo()\n#2 C:\\wamp64\\www\\compras\\public\\agua.php(29): BaseController->index()\n#3 {main}"}
Stack Trace:
Array
(
    [0] => Array
        (
            [file] => C:\wamp64\www\compras\src\models\Agua.php
            [line] => 102
            [function] => error
            [class] => Logger
            [type] => ->
        )

    [1] => Array
        (
            [file] => C:\wamp64\www\compras\src\controllers\BaseController.php
            [line] => 47
            [function] => getMediaConsumo
            [class] => Agua
            [type] => ->
        )

)

[2025-10-16 11:53:54] [ERROR] [IP: ::1] [User: 1] Erro ao buscar consumo mensal {"error":"SQLSTATE[42S02]: Base table or view not found: 1146 Table 'compras.agua' doesn't exist","trace":"#0 C:\\wamp64\\www\\compras\\src\\models\\Agua.php(81): PDO->query('SELECT\\r\\n       ...')\n#1 C:\\wamp64\\www\\compras\\src\\controllers\\BaseController.php(83): Agua->getConsumoMensal()\n#2 C:\\wamp64\\www\\compras\\public\\agua.php(29): BaseController->index()\n#3 {main}"}
Stack Trace:
Array
(
    [0] => Array
        (
            [file] => C:\wamp64\www\compras\src\models\Agua.php
            [line] => 84
            [function] => error
            [class] => Logger
            [type] => ->
        )

    [1] => Array
        (
            [file] => C:\wamp64\www\compras\src\controllers\BaseController.php
            [line] => 83
            [function] => getConsumoMensal
            [class] => Agua
            [type] => ->
        )

)

[2025-10-16 11:54:20] [ERROR] [IP: ::1] [User: 1] Erro ao buscar registros com filtros {"error":"SQLSTATE[42S02]: Base table or view not found: 1146 Table 'compras.agua' doesn't exist","trace":"#0 C:\\wamp64\\www\\compras\\src\\models\\Agua.php(55): PDO->prepare('SELECT * FROM a...')\n#1 C:\\wamp64\\www\\compras\\src\\controllers\\BaseController.php(39): Agua->buscarComFiltros(Array)\n#2 C:\\wamp64\\www\\compras\\public\\agua.php(29): BaseController->index()\n#3 {main}"}
Stack Trace:
Array
(
    [0] => Array
        (
            [file] => C:\wamp64\www\compras\src\models\Agua.php
            [line] => 62
            [function] => error
            [class] => Logger
            [type] => ->
        )

    [1] => Array
        (
            [file] => C:\wamp64\www\compras\src\controllers\BaseController.php
            [line] => 39
            [function] => buscarComFiltros
            [class] => Agua
            [type] => ->
        )

)

[2025-10-16 11:54:20] [ERROR] [IP: ::1] [User: 1] Erro ao calcular total pendente {"error":"SQLSTATE[42S02]: Base table or view not found: 1146 Table 'compras.agua' doesn't exist","trace":"#0 C:\\wamp64\\www\\compras\\src\\models\\Agua.php(116): PDO->query('SELECT SUM(valo...')\n#1 C:\\wamp64\\www\\compras\\src\\controllers\\BaseController.php(42): Agua->getTotalPendente()\n#2 C:\\wamp64\\www\\compras\\public\\agua.php(29): BaseController->index()\n#3 {main}"}
Stack Trace:
Array
(
    [0] => Array
        (
            [file] => C:\wamp64\www\compras\src\models\Agua.php
            [line] => 120
            [function] => error
            [class] => Logger
            [type] => ->
        )

    [1] => Array
        (
            [file] => C:\wamp64\www\compras\src\controllers\BaseController.php
            [line] => 42
            [function] => getTotalPendente
            [class] => Agua
            [type] => ->
        )

)

[2025-10-16 11:54:20] [ERROR] [IP: ::1] [User: 1] Erro ao calcular média de consumo {"error":"SQLSTATE[42S02]: Base table or view not found: 1146 Table 'compras.agua' doesn't exist","trace":"#0 C:\\wamp64\\www\\compras\\src\\models\\Agua.php(98): PDO->query('SELECT AVG(cons...')\n#1 C:\\wamp64\\www\\compras\\src\\controllers\\BaseController.php(47): Agua->getMediaConsumo()\n#2 C:\\wamp64\\www\\compras\\public\\agua.php(29): BaseController->index()\n#3 {main}"}
Stack Trace:
Array
(
    [0] => Array
        (
            [file] => C:\wamp64\www\compras\src\models\Agua.php
            [line] => 102
            [function] => error
            [class] => Logger
            [type] => ->
        )

    [1] => Array
        (
            [file] => C:\wamp64\www\compras\src\controllers\BaseController.php
            [line] => 47
            [function] => getMediaConsumo
            [class] => Agua
            [type] => ->
        )

)

[2025-10-16 11:54:20] [ERROR] [IP: ::1] [User: 1] Erro ao buscar consumo mensal {"error":"SQLSTATE[42S02]: Base table or view not found: 1146 Table 'compras.agua' doesn't exist","trace":"#0 C:\\wamp64\\www\\compras\\src\\models\\Agua.php(81): PDO->query('SELECT\\r\\n       ...')\n#1 C:\\wamp64\\www\\compras\\src\\controllers\\BaseController.php(83): Agua->getConsumoMensal()\n#2 C:\\wamp64\\www\\compras\\public\\agua.php(29): BaseController->index()\n#3 {main}"}
Stack Trace:
Array
(
    [0] => Array
        (
            [file] => C:\wamp64\www\compras\src\models\Agua.php
            [line] => 84
            [function] => error
            [class] => Logger
            [type] => ->
        )

    [1] => Array
        (
            [file] => C:\wamp64\www\compras\src\controllers\BaseController.php
            [line] => 83
            [function] => getConsumoMensal
            [class] => Agua
            [type] => ->
        )

)

[2025-10-16 11:54:39] [ERROR] [IP: ::1] [User: 1] Erro ao buscar registros com filtros {"error":"SQLSTATE[42S02]: Base table or view not found: 1146 Table 'compras.agua' doesn't exist","trace":"#0 C:\\wamp64\\www\\compras\\src\\models\\Agua.php(55): PDO->prepare('SELECT * FROM a...')\n#1 C:\\wamp64\\www\\compras\\src\\controllers\\BaseController.php(39): Agua->buscarComFiltros(Array)\n#2 C:\\wamp64\\www\\compras\\public\\agua.php(29): BaseController->index()\n#3 {main}"}
Stack Trace:
Array
(
    [0] => Array
        (
            [file] => C:\wamp64\www\compras\src\models\Agua.php
            [line] => 62
            [function] => error
            [class] => Logger
            [type] => ->
        )

    [1] => Array
        (
            [file] => C:\wamp64\www\compras\src\controllers\BaseController.php
            [line] => 39
            [function] => buscarComFiltros
            [class] => Agua
            [type] => ->
        )

)

[2025-10-16 11:54:39] [ERROR] [IP: ::1] [User: 1] Erro ao calcular total pendente {"error":"SQLSTATE[42S02]: Base table or view not found: 1146 Table 'compras.agua' doesn't exist","trace":"#0 C:\\wamp64\\www\\compras\\src\\models\\Agua.php(116): PDO->query('SELECT SUM(valo...')\n#1 C:\\wamp64\\www\\compras\\src\\controllers\\BaseController.php(42): Agua->getTotalPendente()\n#2 C:\\wamp64\\www\\compras\\public\\agua.php(29): BaseController->index()\n#3 {main}"}
Stack Trace:
Array
(
    [0] => Array
        (
            [file] => C:\wamp64\www\compras\src\models\Agua.php
            [line] => 120
            [function] => error
            [class] => Logger
            [type] => ->
        )

    [1] => Array
        (
            [file] => C:\wamp64\www\compras\src\controllers\BaseController.php
            [line] => 42
            [function] => getTotalPendente
            [class] => Agua
            [type] => ->
        )

)

[2025-10-16 11:54:39] [ERROR] [IP: ::1] [User: 1] Erro ao calcular média de consumo {"error":"SQLSTATE[42S02]: Base table or view not found: 1146 Table 'compras.agua' doesn't exist","trace":"#0 C:\\wamp64\\www\\compras\\src\\models\\Agua.php(98): PDO->query('SELECT AVG(cons...')\n#1 C:\\wamp64\\www\\compras\\src\\controllers\\BaseController.php(47): Agua->getMediaConsumo()\n#2 C:\\wamp64\\www\\compras\\public\\agua.php(29): BaseController->index()\n#3 {main}"}
Stack Trace:
Array
(
    [0] => Array
        (
            [file] => C:\wamp64\www\compras\src\models\Agua.php
            [line] => 102
            [function] => error
            [class] => Logger
            [type] => ->
        )

    [1] => Array
        (
            [file] => C:\wamp64\www\compras\src\controllers\BaseController.php
            [line] => 47
            [function] => getMediaConsumo
            [class] => Agua
            [type] => ->
        )

)

[2025-10-16 11:54:39] [ERROR] [IP: ::1] [User: 1] Erro ao buscar consumo mensal {"error":"SQLSTATE[42S02]: Base table or view not found: 1146 Table 'compras.agua' doesn't exist","trace":"#0 C:\\wamp64\\www\\compras\\src\\models\\Agua.php(81): PDO->query('SELECT\\r\\n       ...')\n#1 C:\\wamp64\\www\\compras\\src\\controllers\\BaseController.php(83): Agua->getConsumoMensal()\n#2 C:\\wamp64\\www\\compras\\public\\agua.php(29): BaseController->index()\n#3 {main}"}
Stack Trace:
Array
(
    [0] => Array
        (
            [file] => C:\wamp64\www\compras\src\models\Agua.php
            [line] => 84
            [function] => error
            [class] => Logger
            [type] => ->
        )

    [1] => Array
        (
            [file] => C:\wamp64\www\compras\src\controllers\BaseController.php
            [line] => 83
            [function] => getConsumoMensal
            [class] => Agua
            [type] => ->
        )

)

[2025-10-16 11:55:06] [ERROR] [IP: ::1] [User: 1] Erro ao buscar registros com filtros {"error":"SQLSTATE[42S02]: Base table or view not found: 1146 Table 'compras.agua' doesn't exist","trace":"#0 C:\\wamp64\\www\\compras\\src\\models\\Agua.php(55): PDO->prepare('SELECT * FROM a...')\n#1 C:\\wamp64\\www\\compras\\src\\controllers\\BaseController.php(39): Agua->buscarComFiltros(Array)\n#2 C:\\wamp64\\www\\compras\\public\\agua.php(29): BaseController->index()\n#3 {main}"}
Stack Trace:
Array
(
    [0] => Array
        (
            [file] => C:\wamp64\www\compras\src\models\Agua.php
            [line] => 62
            [function] => error
            [class] => Logger
            [type] => ->
        )

    [1] => Array
        (
            [file] => C:\wamp64\www\compras\src\controllers\BaseController.php
            [line] => 39
            [function] => buscarComFiltros
            [class] => Agua
            [type] => ->
        )

)

[2025-10-16 11:55:06] [ERROR] [IP: ::1] [User: 1] Erro ao calcular total pendente {"error":"SQLSTATE[42S02]: Base table or view not found: 1146 Table 'compras.agua' doesn't exist","trace":"#0 C:\\wamp64\\www\\compras\\src\\models\\Agua.php(116): PDO->query('SELECT SUM(valo...')\n#1 C:\\wamp64\\www\\compras\\src\\controllers\\BaseController.php(42): Agua->getTotalPendente()\n#2 C:\\wamp64\\www\\compras\\public\\agua.php(29): BaseController->index()\n#3 {main}"}
Stack Trace:
Array
(
    [0] => Array
        (
            [file] => C:\wamp64\www\compras\src\models\Agua.php
            [line] => 120
            [function] => error
            [class] => Logger
            [type] => ->
        )

    [1] => Array
        (
            [file] => C:\wamp64\www\compras\src\controllers\BaseController.php
            [line] => 42
            [function] => getTotalPendente
            [class] => Agua
            [type] => ->
        )

)

[2025-10-16 11:55:06] [ERROR] [IP: ::1] [User: 1] Erro ao calcular média de consumo {"error":"SQLSTATE[42S02]: Base table or view not found: 1146 Table 'compras.agua' doesn't exist","trace":"#0 C:\\wamp64\\www\\compras\\src\\models\\Agua.php(98): PDO->query('SELECT AVG(cons...')\n#1 C:\\wamp64\\www\\compras\\src\\controllers\\BaseController.php(47): Agua->getMediaConsumo()\n#2 C:\\wamp64\\www\\compras\\public\\agua.php(29): BaseController->index()\n#3 {main}"}
Stack Trace:
Array
(
    [0] => Array
        (
            [file] => C:\wamp64\www\compras\src\models\Agua.php
            [line] => 102
            [function] => error
            [class] => Logger
            [type] => ->
        )

    [1] => Array
        (
            [file] => C:\wamp64\www\compras\src\controllers\BaseController.php
            [line] => 47
            [function] => getMediaConsumo
            [class] => Agua
            [type] => ->
        )

)

[2025-10-16 11:55:06] [ERROR] [IP: ::1] [User: 1] Erro ao buscar consumo mensal {"error":"SQLSTATE[42S02]: Base table or view not found: 1146 Table 'compras.agua' doesn't exist","trace":"#0 C:\\wamp64\\www\\compras\\src\\models\\Agua.php(81): PDO->query('SELECT\\r\\n       ...')\n#1 C:\\wamp64\\www\\compras\\src\\controllers\\BaseController.php(83): Agua->getConsumoMensal()\n#2 C:\\wamp64\\www\\compras\\public\\agua.php(29): BaseController->index()\n#3 {main}"}
Stack Trace:
Array
(
    [0] => Array
        (
            [file] => C:\wamp64\www\compras\src\models\Agua.php
            [line] => 84
            [function] => error
            [class] => Logger
            [type] => ->
        )

    [1] => Array
        (
            [file] => C:\wamp64\www\compras\src\controllers\BaseController.php
            [line] => 83
            [function] => getConsumoMensal
            [class] => Agua
            [type] => ->
        )

)

[2025-10-16 11:57:25] [ERROR] [IP: ::1] [User: 1] Erro ao buscar registros com filtros {"error":"SQLSTATE[42S02]: Base table or view not found: 1146 Table 'compras.energia' doesn't exist","trace":"#0 C:\\wamp64\\www\\compras\\src\\models\\Energia.php(59): PDO->prepare('SELECT * FROM e...')\n#1 C:\\wamp64\\www\\compras\\src\\controllers\\BaseController.php(39): Energia->buscarComFiltros(Array)\n#2 C:\\wamp64\\www\\compras\\public\\energia.php(26): BaseController->index()\n#3 {main}"}
Stack Trace:
Array
(
    [0] => Array
        (
            [file] => C:\wamp64\www\compras\src\models\Energia.php
            [line] => 66
            [function] => error
            [class] => Logger
            [type] => ->
        )

    [1] => Array
        (
            [file] => C:\wamp64\www\compras\src\controllers\BaseController.php
            [line] => 39
            [function] => buscarComFiltros
            [class] => Energia
            [type] => ->
        )

)

[2025-10-16 11:57:25] [ERROR] [IP: ::1] [User: 1] Erro ao calcular total pendente {"error":"SQLSTATE[42S02]: Base table or view not found: 1146 Table 'compras.energia' doesn't exist","trace":"#0 C:\\wamp64\\www\\compras\\src\\models\\Energia.php(120): PDO->query('SELECT SUM(valo...')\n#1 C:\\wamp64\\www\\compras\\src\\controllers\\BaseController.php(42): Energia->getTotalPendente()\n#2 C:\\wamp64\\www\\compras\\public\\energia.php(26): BaseController->index()\n#3 {main}"}
Stack Trace:
Array
(
    [0] => Array
        (
            [file] => C:\wamp64\www\compras\src\models\Energia.php
            [line] => 124
            [function] => error
            [class] => Logger
            [type] => ->
        )

    [1] => Array
        (
            [file] => C:\wamp64\www\compras\src\controllers\BaseController.php
            [line] => 42
            [function] => getTotalPendente
            [class] => Energia
            [type] => ->
        )

)

[2025-10-16 11:57:25] [ERROR] [IP: ::1] [User: 1] Erro ao calcular média de consumo {"error":"SQLSTATE[42S02]: Base table or view not found: 1146 Table 'compras.energia' doesn't exist","trace":"#0 C:\\wamp64\\www\\compras\\src\\models\\Energia.php(102): PDO->query('SELECT AVG(cons...')\n#1 C:\\wamp64\\www\\compras\\src\\controllers\\BaseController.php(47): Energia->getMediaConsumo()\n#2 C:\\wamp64\\www\\compras\\public\\energia.php(26): BaseController->index()\n#3 {main}"}
Stack Trace:
Array
(
    [0] => Array
        (
            [file] => C:\wamp64\www\compras\src\models\Energia.php
            [line] => 106
            [function] => error
            [class] => Logger
            [type] => ->
        )

    [1] => Array
        (
            [file] => C:\wamp64\www\compras\src\controllers\BaseController.php
            [line] => 47
            [function] => getMediaConsumo
            [class] => Energia
            [type] => ->
        )

)

[2025-10-16 11:57:25] [ERROR] [IP: ::1] [User: 1] Erro ao buscar consumo mensal {"error":"SQLSTATE[42S02]: Base table or view not found: 1146 Table 'compras.energia' doesn't exist","trace":"#0 C:\\wamp64\\www\\compras\\src\\models\\Energia.php(85): PDO->query('SELECT\\r\\n       ...')\n#1 C:\\wamp64\\www\\compras\\src\\controllers\\BaseController.php(83): Energia->getConsumoMensal()\n#2 C:\\wamp64\\www\\compras\\public\\energia.php(26): BaseController->index()\n#3 {main}"}
Stack Trace:
Array
(
    [0] => Array
        (
            [file] => C:\wamp64\www\compras\src\models\Energia.php
            [line] => 88
            [function] => error
            [class] => Logger
            [type] => ->
        )

    [1] => Array
        (
            [file] => C:\wamp64\www\compras\src\controllers\BaseController.php
            [line] => 83
            [function] => getConsumoMensal
            [class] => Energia
            [type] => ->
        )

)

[2025-10-16 11:57:28] [ERROR] [IP: ::1] [User: 1] Erro ao buscar registros com filtros {"error":"SQLSTATE[42S02]: Base table or view not found: 1146 Table 'compras.semparar' doesn't exist","trace":"#0 C:\\wamp64\\www\\compras\\src\\models\\Semparar.php(54): PDO->prepare('SELECT * FROM s...')\n#1 C:\\wamp64\\www\\compras\\src\\controllers\\BaseController.php(39): Semparar->buscarComFiltros(Array)\n#2 C:\\wamp64\\www\\compras\\public\\semparar.php(31): BaseController->index()\n#3 {main}"}
Stack Trace:
Array
(
    [0] => Array
        (
            [file] => C:\wamp64\www\compras\src\models\Semparar.php
            [line] => 61
            [function] => error
            [class] => Logger
            [type] => ->
        )

    [1] => Array
        (
            [file] => C:\wamp64\www\compras\src\controllers\BaseController.php
            [line] => 39
            [function] => buscarComFiltros
            [class] => Semparar
            [type] => ->
        )

)

[2025-10-16 11:57:28] [ERROR] [IP: ::1] [User: 1] Erro ao calcular total pendente {"error":"SQLSTATE[42S02]: Base table or view not found: 1146 Table 'compras.semparar' doesn't exist","trace":"#0 C:\\wamp64\\www\\compras\\src\\models\\Semparar.php(120): PDO->query('SELECT SUM(valo...')\n#1 C:\\wamp64\\www\\compras\\src\\controllers\\BaseController.php(42): Semparar->getTotalPendente()\n#2 C:\\wamp64\\www\\compras\\public\\semparar.php(31): BaseController->index()\n#3 {main}"}
Stack Trace:
Array
(
    [0] => Array
        (
            [file] => C:\wamp64\www\compras\src\models\Semparar.php
            [line] => 124
            [function] => error
            [class] => Logger
            [type] => ->
        )

    [1] => Array
        (
            [file] => C:\wamp64\www\compras\src\controllers\BaseController.php
            [line] => 42
            [function] => getTotalPendente
            [class] => Semparar
            [type] => ->
        )

)

[2025-10-16 11:57:28] [ERROR] [IP: ::1] [User: 1] Erro ao calcular média mensal {"error":"SQLSTATE[42S02]: Base table or view not found: 1146 Table 'compras.semparar' doesn't exist","trace":"#0 C:\\wamp64\\www\\compras\\src\\models\\Semparar.php(99): PDO->query('SELECT \\r\\n      ...')\n#1 C:\\wamp64\\www\\compras\\src\\controllers\\BaseController.php(67): Semparar->getMediaMensal()\n#2 C:\\wamp64\\www\\compras\\public\\semparar.php(31): BaseController->index()\n#3 {main}"}
Stack Trace:
Array
(
    [0] => Array
        (
            [file] => C:\wamp64\www\compras\src\models\Semparar.php
            [line] => 106
            [function] => error
            [class] => Logger
            [type] => ->
        )

    [1] => Array
        (
            [file] => C:\wamp64\www\compras\src\controllers\BaseController.php
            [line] => 67
            [function] => getMediaMensal
            [class] => Semparar
            [type] => ->
        )

)

[2025-10-16 11:57:28] [ERROR] [IP: ::1] [User: 1] Erro ao buscar consumo mensal {"error":"SQLSTATE[42S02]: Base table or view not found: 1146 Table 'compras.semparar' doesn't exist","trace":"#0 C:\\wamp64\\www\\compras\\src\\models\\Semparar.php(80): PDO->query('SELECT\\r\\n       ...')\n#1 C:\\wamp64\\www\\compras\\src\\controllers\\BaseController.php(83): Semparar->getConsumoMensal()\n#2 C:\\wamp64\\www\\compras\\public\\semparar.php(31): BaseController->index()\n#3 {main}"}
Stack Trace:
Array
(
    [0] => Array
        (
            [file] => C:\wamp64\www\compras\src\models\Semparar.php
            [line] => 83
            [function] => error
            [class] => Logger
            [type] => ->
        )

    [1] => Array
        (
            [file] => C:\wamp64\www\compras\src\controllers\BaseController.php
            [line] => 83
            [function] => getConsumoMensal
            [class] => Semparar
            [type] => ->
        )

)

[2025-10-16 11:57:28] [ERROR] [IP: ::1] [User: 1] Erro ao calcular total anual {"error":"SQLSTATE[42S02]: Base table or view not found: 1146 Table 'compras.semparar' doesn't exist","trace":"#0 C:\\wamp64\\www\\compras\\src\\models\\Semparar.php(177): PDO->query('SELECT SUM(valo...')\n#1 C:\\wamp64\\www\\compras\\src\\controllers\\BaseController.php(92): Semparar->getTotalAnual()\n#2 C:\\wamp64\\www\\compras\\public\\semparar.php(31): BaseController->index()\n#3 {main}"}
Stack Trace:
Array
(
    [0] => Array
        (
            [file] => C:\wamp64\www\compras\src\models\Semparar.php
            [line] => 181
            [function] => error
            [class] => Logger
            [type] => ->
        )

    [1] => Array
        (
            [file] => C:\wamp64\www\compras\src\controllers\BaseController.php
            [line] => 92
            [function] => getTotalAnual
            [class] => Semparar
            [type] => ->
        )

)

[2025-10-16 12:00:14] [ERROR] [IP: ::1] [User: 1] Erro ao buscar registros com filtros {"error":"SQLSTATE[42S02]: Base table or view not found: 1146 Table 'compras.agua' doesn't exist","trace":"#0 C:\\wamp64\\www\\compras\\src\\models\\Agua.php(55): PDO->prepare('SELECT * FROM a...')\n#1 C:\\wamp64\\www\\compras\\src\\controllers\\BaseController.php(39): Agua->buscarComFiltros(Array)\n#2 C:\\wamp64\\www\\compras\\public\\agua.php(29): BaseController->index()\n#3 {main}"}
Stack Trace:
Array
(
    [0] => Array
        (
            [file] => C:\wamp64\www\compras\src\models\Agua.php
            [line] => 62
            [function] => error
            [class] => Logger
            [type] => ->
        )

    [1] => Array
        (
            [file] => C:\wamp64\www\compras\src\controllers\BaseController.php
            [line] => 39
            [function] => buscarComFiltros
            [class] => Agua
            [type] => ->
        )

)

[2025-10-16 12:00:14] [ERROR] [IP: ::1] [User: 1] Erro ao calcular total pendente {"error":"SQLSTATE[42S02]: Base table or view not found: 1146 Table 'compras.agua' doesn't exist","trace":"#0 C:\\wamp64\\www\\compras\\src\\models\\Agua.php(116): PDO->query('SELECT SUM(valo...')\n#1 C:\\wamp64\\www\\compras\\src\\controllers\\BaseController.php(42): Agua->getTotalPendente()\n#2 C:\\wamp64\\www\\compras\\public\\agua.php(29): BaseController->index()\n#3 {main}"}
Stack Trace:
Array
(
    [0] => Array
        (
            [file] => C:\wamp64\www\compras\src\models\Agua.php
            [line] => 120
            [function] => error
            [class] => Logger
            [type] => ->
        )

    [1] => Array
        (
            [file] => C:\wamp64\www\compras\src\controllers\BaseController.php
            [line] => 42
            [function] => getTotalPendente
            [class] => Agua
            [type] => ->
        )

)

[2025-10-16 12:00:14] [ERROR] [IP: ::1] [User: 1] Erro ao calcular média de consumo {"error":"SQLSTATE[42S02]: Base table or view not found: 1146 Table 'compras.agua' doesn't exist","trace":"#0 C:\\wamp64\\www\\compras\\src\\models\\Agua.php(98): PDO->query('SELECT AVG(cons...')\n#1 C:\\wamp64\\www\\compras\\src\\controllers\\BaseController.php(47): Agua->getMediaConsumo()\n#2 C:\\wamp64\\www\\compras\\public\\agua.php(29): BaseController->index()\n#3 {main}"}
Stack Trace:
Array
(
    [0] => Array
        (
            [file] => C:\wamp64\www\compras\src\models\Agua.php
            [line] => 102
            [function] => error
            [class] => Logger
            [type] => ->
        )

    [1] => Array
        (
            [file] => C:\wamp64\www\compras\src\controllers\BaseController.php
            [line] => 47
            [function] => getMediaConsumo
            [class] => Agua
            [type] => ->
        )

)

[2025-10-16 12:00:14] [ERROR] [IP: ::1] [User: 1] Erro ao buscar consumo mensal {"error":"SQLSTATE[42S02]: Base table or view not found: 1146 Table 'compras.agua' doesn't exist","trace":"#0 C:\\wamp64\\www\\compras\\src\\models\\Agua.php(81): PDO->query('SELECT\\r\\n       ...')\n#1 C:\\wamp64\\www\\compras\\src\\controllers\\BaseController.php(83): Agua->getConsumoMensal()\n#2 C:\\wamp64\\www\\compras\\public\\agua.php(29): BaseController->index()\n#3 {main}"}
Stack Trace:
Array
(
    [0] => Array
        (
            [file] => C:\wamp64\www\compras\src\models\Agua.php
            [line] => 84
            [function] => error
            [class] => Logger
            [type] => ->
        )

    [1] => Array
        (
            [file] => C:\wamp64\www\compras\src\controllers\BaseController.php
            [line] => 83
            [function] => getConsumoMensal
            [class] => Agua
            [type] => ->
        )

)

[2025-10-16 12:00:15] [ERROR] [IP: ::1] [User: 1] Erro ao buscar registros com filtros {"error":"SQLSTATE[42S02]: Base table or view not found: 1146 Table 'compras.agua' doesn't exist","trace":"#0 C:\\wamp64\\www\\compras\\src\\models\\Agua.php(55): PDO->prepare('SELECT * FROM a...')\n#1 C:\\wamp64\\www\\compras\\src\\controllers\\BaseController.php(39): Agua->buscarComFiltros(Array)\n#2 C:\\wamp64\\www\\compras\\public\\agua.php(29): BaseController->index()\n#3 {main}"}
Stack Trace:
Array
(
    [0] => Array
        (
            [file] => C:\wamp64\www\compras\src\models\Agua.php
            [line] => 62
            [function] => error
            [class] => Logger
            [type] => ->
        )

    [1] => Array
        (
            [file] => C:\wamp64\www\compras\src\controllers\BaseController.php
            [line] => 39
            [function] => buscarComFiltros
            [class] => Agua
            [type] => ->
        )

)

[2025-10-16 12:00:15] [ERROR] [IP: ::1] [User: 1] Erro ao calcular total pendente {"error":"SQLSTATE[42S02]: Base table or view not found: 1146 Table 'compras.agua' doesn't exist","trace":"#0 C:\\wamp64\\www\\compras\\src\\models\\Agua.php(116): PDO->query('SELECT SUM(valo...')\n#1 C:\\wamp64\\www\\compras\\src\\controllers\\BaseController.php(42): Agua->getTotalPendente()\n#2 C:\\wamp64\\www\\compras\\public\\agua.php(29): BaseController->index()\n#3 {main}"}
Stack Trace:
Array
(
    [0] => Array
        (
            [file] => C:\wamp64\www\compras\src\models\Agua.php
            [line] => 120
            [function] => error
            [class] => Logger
            [type] => ->
        )

    [1] => Array
        (
            [file] => C:\wamp64\www\compras\src\controllers\BaseController.php
            [line] => 42
            [function] => getTotalPendente
            [class] => Agua
            [type] => ->
        )

)

[2025-10-16 12:00:15] [ERROR] [IP: ::1] [User: 1] Erro ao calcular média de consumo {"error":"SQLSTATE[42S02]: Base table or view not found: 1146 Table 'compras.agua' doesn't exist","trace":"#0 C:\\wamp64\\www\\compras\\src\\models\\Agua.php(98): PDO->query('SELECT AVG(cons...')\n#1 C:\\wamp64\\www\\compras\\src\\controllers\\BaseController.php(47): Agua->getMediaConsumo()\n#2 C:\\wamp64\\www\\compras\\public\\agua.php(29): BaseController->index()\n#3 {main}"}
Stack Trace:
Array
(
    [0] => Array
        (
            [file] => C:\wamp64\www\compras\src\models\Agua.php
            [line] => 102
            [function] => error
            [class] => Logger
            [type] => ->
        )

    [1] => Array
        (
            [file] => C:\wamp64\www\compras\src\controllers\BaseController.php
            [line] => 47
            [function] => getMediaConsumo
            [class] => Agua
            [type] => ->
        )

)

[2025-10-16 12:00:15] [ERROR] [IP: ::1] [User: 1] Erro ao buscar consumo mensal {"error":"SQLSTATE[42S02]: Base table or view not found: 1146 Table 'compras.agua' doesn't exist","trace":"#0 C:\\wamp64\\www\\compras\\src\\models\\Agua.php(81): PDO->query('SELECT\\r\\n       ...')\n#1 C:\\wamp64\\www\\compras\\src\\controllers\\BaseController.php(83): Agua->getConsumoMensal()\n#2 C:\\wamp64\\www\\compras\\public\\agua.php(29): BaseController->index()\n#3 {main}"}
Stack Trace:
Array
(
    [0] => Array
        (
            [file] => C:\wamp64\www\compras\src\models\Agua.php
            [line] => 84
            [function] => error
            [class] => Logger
            [type] => ->
        )

    [1] => Array
        (
            [file] => C:\wamp64\www\compras\src\controllers\BaseController.php
            [line] => 83
            [function] => getConsumoMensal
            [class] => Agua
            [type] => ->
        )

)

[2025-10-16 12:00:28] [ERROR] [IP: ::1] [User: 1] Erro ao buscar registros com filtros {"error":"SQLSTATE[42S02]: Base table or view not found: 1146 Table 'compras.agua' doesn't exist","trace":"#0 C:\\wamp64\\www\\compras\\src\\models\\Agua.php(55): PDO->prepare('SELECT * FROM a...')\n#1 C:\\wamp64\\www\\compras\\src\\controllers\\BaseController.php(39): Agua->buscarComFiltros(Array)\n#2 C:\\wamp64\\www\\compras\\public\\agua.php(33): BaseController->index()\n#3 {main}"}
Stack Trace:
Array
(
    [0] => Array
        (
            [file] => C:\wamp64\www\compras\src\models\Agua.php
            [line] => 62
            [function] => error
            [class] => Logger
            [type] => ->
        )

    [1] => Array
        (
            [file] => C:\wamp64\www\compras\src\controllers\BaseController.php
            [line] => 39
            [function] => buscarComFiltros
            [class] => Agua
            [type] => ->
        )

)

[2025-10-16 12:00:28] [ERROR] [IP: ::1] [User: 1] Erro ao calcular total pendente {"error":"SQLSTATE[42S02]: Base table or view not found: 1146 Table 'compras.agua' doesn't exist","trace":"#0 C:\\wamp64\\www\\compras\\src\\models\\Agua.php(116): PDO->query('SELECT SUM(valo...')\n#1 C:\\wamp64\\www\\compras\\src\\controllers\\BaseController.php(42): Agua->getTotalPendente()\n#2 C:\\wamp64\\www\\compras\\public\\agua.php(33): BaseController->index()\n#3 {main}"}
Stack Trace:
Array
(
    [0] => Array
        (
            [file] => C:\wamp64\www\compras\src\models\Agua.php
            [line] => 120
            [function] => error
            [class] => Logger
            [type] => ->
        )

    [1] => Array
        (
            [file] => C:\wamp64\www\compras\src\controllers\BaseController.php
            [line] => 42
            [function] => getTotalPendente
            [class] => Agua
            [type] => ->
        )

)

[2025-10-16 12:00:28] [ERROR] [IP: ::1] [User: 1] Erro ao calcular média de consumo {"error":"SQLSTATE[42S02]: Base table or view not found: 1146 Table 'compras.agua' doesn't exist","trace":"#0 C:\\wamp64\\www\\compras\\src\\models\\Agua.php(98): PDO->query('SELECT AVG(cons...')\n#1 C:\\wamp64\\www\\compras\\src\\controllers\\BaseController.php(47): Agua->getMediaConsumo()\n#2 C:\\wamp64\\www\\compras\\public\\agua.php(33): BaseController->index()\n#3 {main}"}
Stack Trace:
Array
(
    [0] => Array
        (
            [file] => C:\wamp64\www\compras\src\models\Agua.php
            [line] => 102
            [function] => error
            [class] => Logger
            [type] => ->
        )

    [1] => Array
        (
            [file] => C:\wamp64\www\compras\src\controllers\BaseController.php
            [line] => 47
            [function] => getMediaConsumo
            [class] => Agua
            [type] => ->
        )

)

[2025-10-16 12:00:28] [ERROR] [IP: ::1] [User: 1] Erro ao buscar consumo mensal {"error":"SQLSTATE[42S02]: Base table or view not found: 1146 Table 'compras.agua' doesn't exist","trace":"#0 C:\\wamp64\\www\\compras\\src\\models\\Agua.php(81): PDO->query('SELECT\\r\\n       ...')\n#1 C:\\wamp64\\www\\compras\\src\\controllers\\BaseController.php(83): Agua->getConsumoMensal()\n#2 C:\\wamp64\\www\\compras\\public\\agua.php(33): BaseController->index()\n#3 {main}"}
Stack Trace:
Array
(
    [0] => Array
        (
            [file] => C:\wamp64\www\compras\src\models\Agua.php
            [line] => 84
            [function] => error
            [class] => Logger
            [type] => ->
        )

    [1] => Array
        (
            [file] => C:\wamp64\www\compras\src\controllers\BaseController.php
            [line] => 83
            [function] => getConsumoMensal
            [class] => Agua
            [type] => ->
        )

)

[2025-10-16 12:00:33] [ERROR] [IP: ::1] [User: 1] Erro ao buscar registros com filtros {"error":"SQLSTATE[42S02]: Base table or view not found: 1146 Table 'compras.agua' doesn't exist","trace":"#0 C:\\wamp64\\www\\compras\\src\\models\\Agua.php(55): PDO->prepare('SELECT * FROM a...')\n#1 C:\\wamp64\\www\\compras\\src\\controllers\\BaseController.php(39): Agua->buscarComFiltros(Array)\n#2 C:\\wamp64\\www\\compras\\public\\agua.php(29): BaseController->index()\n#3 {main}"}
Stack Trace:
Array
(
    [0] => Array
        (
            [file] => C:\wamp64\www\compras\src\models\Agua.php
            [line] => 62
            [function] => error
            [class] => Logger
            [type] => ->
        )

    [1] => Array
        (
            [file] => C:\wamp64\www\compras\src\controllers\BaseController.php
            [line] => 39
            [function] => buscarComFiltros
            [class] => Agua
            [type] => ->
        )

)

[2025-10-16 12:00:33] [ERROR] [IP: ::1] [User: 1] Erro ao calcular total pendente {"error":"SQLSTATE[42S02]: Base table or view not found: 1146 Table 'compras.agua' doesn't exist","trace":"#0 C:\\wamp64\\www\\compras\\src\\models\\Agua.php(116): PDO->query('SELECT SUM(valo...')\n#1 C:\\wamp64\\www\\compras\\src\\controllers\\BaseController.php(42): Agua->getTotalPendente()\n#2 C:\\wamp64\\www\\compras\\public\\agua.php(29): BaseController->index()\n#3 {main}"}
Stack Trace:
Array
(
    [0] => Array
        (
            [file] => C:\wamp64\www\compras\src\models\Agua.php
            [line] => 120
            [function] => error
            [class] => Logger
            [type] => ->
        )

    [1] => Array
        (
            [file] => C:\wamp64\www\compras\src\controllers\BaseController.php
            [line] => 42
            [function] => getTotalPendente
            [class] => Agua
            [type] => ->
        )

)

[2025-10-16 12:00:33] [ERROR] [IP: ::1] [User: 1] Erro ao calcular média de consumo {"error":"SQLSTATE[42S02]: Base table or view not found: 1146 Table 'compras.agua' doesn't exist","trace":"#0 C:\\wamp64\\www\\compras\\src\\models\\Agua.php(98): PDO->query('SELECT AVG(cons...')\n#1 C:\\wamp64\\www\\compras\\src\\controllers\\BaseController.php(47): Agua->getMediaConsumo()\n#2 C:\\wamp64\\www\\compras\\public\\agua.php(29): BaseController->index()\n#3 {main}"}
Stack Trace:
Array
(
    [0] => Array
        (
            [file] => C:\wamp64\www\compras\src\models\Agua.php
            [line] => 102
            [function] => error
            [class] => Logger
            [type] => ->
        )

    [1] => Array
        (
            [file] => C:\wamp64\www\compras\src\controllers\BaseController.php
            [line] => 47
            [function] => getMediaConsumo
            [class] => Agua
            [type] => ->
        )

)

[2025-10-16 12:00:33] [ERROR] [IP: ::1] [User: 1] Erro ao buscar consumo mensal {"error":"SQLSTATE[42S02]: Base table or view not found: 1146 Table 'compras.agua' doesn't exist","trace":"#0 C:\\wamp64\\www\\compras\\src\\models\\Agua.php(81): PDO->query('SELECT\\r\\n       ...')\n#1 C:\\wamp64\\www\\compras\\src\\controllers\\BaseController.php(83): Agua->getConsumoMensal()\n#2 C:\\wamp64\\www\\compras\\public\\agua.php(29): BaseController->index()\n#3 {main}"}
Stack Trace:
Array
(
    [0] => Array
        (
            [file] => C:\wamp64\www\compras\src\models\Agua.php
            [line] => 84
            [function] => error
            [class] => Logger
            [type] => ->
        )

    [1] => Array
        (
            [file] => C:\wamp64\www\compras\src\controllers\BaseController.php
            [line] => 83
            [function] => getConsumoMensal
            [class] => Agua
            [type] => ->
        )

)

[2025-10-16 12:00:40] [ERROR] [IP: ::1] [User: 1] Erro ao buscar registros com filtros {"error":"SQLSTATE[42S02]: Base table or view not found: 1146 Table 'compras.agua' doesn't exist","trace":"#0 C:\\wamp64\\www\\compras\\src\\models\\Agua.php(55): PDO->prepare('SELECT * FROM a...')\n#1 C:\\wamp64\\www\\compras\\src\\controllers\\BaseController.php(39): Agua->buscarComFiltros(Array)\n#2 C:\\wamp64\\www\\compras\\public\\agua.php(33): BaseController->index()\n#3 {main}"}
Stack Trace:
Array
(
    [0] => Array
        (
            [file] => C:\wamp64\www\compras\src\models\Agua.php
            [line] => 62
            [function] => error
            [class] => Logger
            [type] => ->
        )

    [1] => Array
        (
            [file] => C:\wamp64\www\compras\src\controllers\BaseController.php
            [line] => 39
            [function] => buscarComFiltros
            [class] => Agua
            [type] => ->
        )

)

[2025-10-16 12:00:40] [ERROR] [IP: ::1] [User: 1] Erro ao calcular total pendente {"error":"SQLSTATE[42S02]: Base table or view not found: 1146 Table 'compras.agua' doesn't exist","trace":"#0 C:\\wamp64\\www\\compras\\src\\models\\Agua.php(116): PDO->query('SELECT SUM(valo...')\n#1 C:\\wamp64\\www\\compras\\src\\controllers\\BaseController.php(42): Agua->getTotalPendente()\n#2 C:\\wamp64\\www\\compras\\public\\agua.php(33): BaseController->index()\n#3 {main}"}
Stack Trace:
Array
(
    [0] => Array
        (
            [file] => C:\wamp64\www\compras\src\models\Agua.php
            [line] => 120
            [function] => error
            [class] => Logger
            [type] => ->
        )

    [1] => Array
        (
            [file] => C:\wamp64\www\compras\src\controllers\BaseController.php
            [line] => 42
            [function] => getTotalPendente
            [class] => Agua
            [type] => ->
        )

)

[2025-10-16 12:00:40] [ERROR] [IP: ::1] [User: 1] Erro ao calcular média de consumo {"error":"SQLSTATE[42S02]: Base table or view not found: 1146 Table 'compras.agua' doesn't exist","trace":"#0 C:\\wamp64\\www\\compras\\src\\models\\Agua.php(98): PDO->query('SELECT AVG(cons...')\n#1 C:\\wamp64\\www\\compras\\src\\controllers\\BaseController.php(47): Agua->getMediaConsumo()\n#2 C:\\wamp64\\www\\compras\\public\\agua.php(33): BaseController->index()\n#3 {main}"}
Stack Trace:
Array
(
    [0] => Array
        (
            [file] => C:\wamp64\www\compras\src\models\Agua.php
            [line] => 102
            [function] => error
            [class] => Logger
            [type] => ->
        )

    [1] => Array
        (
            [file] => C:\wamp64\www\compras\src\controllers\BaseController.php
            [line] => 47
            [function] => getMediaConsumo
            [class] => Agua
            [type] => ->
        )

)

[2025-10-16 12:00:40] [ERROR] [IP: ::1] [User: 1] Erro ao buscar consumo mensal {"error":"SQLSTATE[42S02]: Base table or view not found: 1146 Table 'compras.agua' doesn't exist","trace":"#0 C:\\wamp64\\www\\compras\\src\\models\\Agua.php(81): PDO->query('SELECT\\r\\n       ...')\n#1 C:\\wamp64\\www\\compras\\src\\controllers\\BaseController.php(83): Agua->getConsumoMensal()\n#2 C:\\wamp64\\www\\compras\\public\\agua.php(33): BaseController->index()\n#3 {main}"}
Stack Trace:
Array
(
    [0] => Array
        (
            [file] => C:\wamp64\www\compras\src\models\Agua.php
            [line] => 84
            [function] => error
            [class] => Logger
            [type] => ->
        )

    [1] => Array
        (
            [file] => C:\wamp64\www\compras\src\controllers\BaseController.php
            [line] => 83
            [function] => getConsumoMensal
            [class] => Agua
            [type] => ->
        )

)

[2025-10-16 12:00:43] [ERROR] [IP: ::1] [User: 1] Erro ao buscar registros com filtros {"error":"SQLSTATE[42S02]: Base table or view not found: 1146 Table 'compras.agua' doesn't exist","trace":"#0 C:\\wamp64\\www\\compras\\src\\models\\Agua.php(55): PDO->prepare('SELECT * FROM a...')\n#1 C:\\wamp64\\www\\compras\\src\\controllers\\BaseController.php(39): Agua->buscarComFiltros(Array)\n#2 C:\\wamp64\\www\\compras\\public\\agua.php(29): BaseController->index()\n#3 {main}"}
Stack Trace:
Array
(
    [0] => Array
        (
            [file] => C:\wamp64\www\compras\src\models\Agua.php
            [line] => 62
            [function] => error
            [class] => Logger
            [type] => ->
        )

    [1] => Array
        (
            [file] => C:\wamp64\www\compras\src\controllers\BaseController.php
            [line] => 39
            [function] => buscarComFiltros
            [class] => Agua
            [type] => ->
        )

)

[2025-10-16 12:00:43] [ERROR] [IP: ::1] [User: 1] Erro ao calcular total pendente {"error":"SQLSTATE[42S02]: Base table or view not found: 1146 Table 'compras.agua' doesn't exist","trace":"#0 C:\\wamp64\\www\\compras\\src\\models\\Agua.php(116): PDO->query('SELECT SUM(valo...')\n#1 C:\\wamp64\\www\\compras\\src\\controllers\\BaseController.php(42): Agua->getTotalPendente()\n#2 C:\\wamp64\\www\\compras\\public\\agua.php(29): BaseController->index()\n#3 {main}"}
Stack Trace:
Array
(
    [0] => Array
        (
            [file] => C:\wamp64\www\compras\src\models\Agua.php
            [line] => 120
            [function] => error
            [class] => Logger
            [type] => ->
        )

    [1] => Array
        (
            [file] => C:\wamp64\www\compras\src\controllers\BaseController.php
            [line] => 42
            [function] => getTotalPendente
            [class] => Agua
            [type] => ->
        )

)

[2025-10-16 12:00:43] [ERROR] [IP: ::1] [User: 1] Erro ao calcular média de consumo {"error":"SQLSTATE[42S02]: Base table or view not found: 1146 Table 'compras.agua' doesn't exist","trace":"#0 C:\\wamp64\\www\\compras\\src\\models\\Agua.php(98): PDO->query('SELECT AVG(cons...')\n#1 C:\\wamp64\\www\\compras\\src\\controllers\\BaseController.php(47): Agua->getMediaConsumo()\n#2 C:\\wamp64\\www\\compras\\public\\agua.php(29): BaseController->index()\n#3 {main}"}
Stack Trace:
Array
(
    [0] => Array
        (
            [file] => C:\wamp64\www\compras\src\models\Agua.php
            [line] => 102
            [function] => error
            [class] => Logger
            [type] => ->
        )

    [1] => Array
        (
            [file] => C:\wamp64\www\compras\src\controllers\BaseController.php
            [line] => 47
            [function] => getMediaConsumo
            [class] => Agua
            [type] => ->
        )

)

[2025-10-16 12:00:43] [ERROR] [IP: ::1] [User: 1] Erro ao buscar consumo mensal {"error":"SQLSTATE[42S02]: Base table or view not found: 1146 Table 'compras.agua' doesn't exist","trace":"#0 C:\\wamp64\\www\\compras\\src\\models\\Agua.php(81): PDO->query('SELECT\\r\\n       ...')\n#1 C:\\wamp64\\www\\compras\\src\\controllers\\BaseController.php(83): Agua->getConsumoMensal()\n#2 C:\\wamp64\\www\\compras\\public\\agua.php(29): BaseController->index()\n#3 {main}"}
Stack Trace:
Array
(
    [0] => Array
        (
            [file] => C:\wamp64\www\compras\src\models\Agua.php
            [line] => 84
            [function] => error
            [class] => Logger
            [type] => ->
        )

    [1] => Array
        (
            [file] => C:\wamp64\www\compras\src\controllers\BaseController.php
            [line] => 83
            [function] => getConsumoMensal
            [class] => Agua
            [type] => ->
        )

)

[2025-10-17 18:04:26] [ERROR] [IP: ::1] [User: 1] Erro ao buscar registros com filtros {"error":"SQLSTATE[42S02]: Base table or view not found: 1146 Table 'compras.semparar' doesn't exist","trace":"#0 C:\\wamp64\\www\\compras\\src\\models\\Semparar.php(54): PDO->prepare('SELECT * FROM s...')\n#1 C:\\wamp64\\www\\compras\\src\\controllers\\BaseController.php(39): Semparar->buscarComFiltros(Array)\n#2 C:\\wamp64\\www\\compras\\public\\semparar.php(31): BaseController->index()\n#3 {main}"}
Stack Trace:
Array
(
    [0] => Array
        (
            [file] => C:\wamp64\www\compras\src\models\Semparar.php
            [line] => 61
            [function] => error
            [class] => Logger
            [type] => ->
        )

    [1] => Array
        (
            [file] => C:\wamp64\www\compras\src\controllers\BaseController.php
            [line] => 39
            [function] => buscarComFiltros
            [class] => Semparar
            [type] => ->
        )

)

[2025-10-17 18:04:26] [ERROR] [IP: ::1] [User: 1] Erro ao calcular total pendente {"error":"SQLSTATE[42S02]: Base table or view not found: 1146 Table 'compras.semparar' doesn't exist","trace":"#0 C:\\wamp64\\www\\compras\\src\\models\\Semparar.php(120): PDO->query('SELECT SUM(valo...')\n#1 C:\\wamp64\\www\\compras\\src\\controllers\\BaseController.php(42): Semparar->getTotalPendente()\n#2 C:\\wamp64\\www\\compras\\public\\semparar.php(31): BaseController->index()\n#3 {main}"}
Stack Trace:
Array
(
    [0] => Array
        (
            [file] => C:\wamp64\www\compras\src\models\Semparar.php
            [line] => 124
            [function] => error
            [class] => Logger
            [type] => ->
        )

    [1] => Array
        (
            [file] => C:\wamp64\www\compras\src\controllers\BaseController.php
            [line] => 42
            [function] => getTotalPendente
            [class] => Semparar
            [type] => ->
        )

)

[2025-10-17 18:04:26] [ERROR] [IP: ::1] [User: 1] Erro ao calcular média mensal {"error":"SQLSTATE[42S02]: Base table or view not found: 1146 Table 'compras.semparar' doesn't exist","trace":"#0 C:\\wamp64\\www\\compras\\src\\models\\Semparar.php(99): PDO->query('SELECT \\r\\n      ...')\n#1 C:\\wamp64\\www\\compras\\src\\controllers\\BaseController.php(67): Semparar->getMediaMensal()\n#2 C:\\wamp64\\www\\compras\\public\\semparar.php(31): BaseController->index()\n#3 {main}"}
Stack Trace:
Array
(
    [0] => Array
        (
            [file] => C:\wamp64\www\compras\src\models\Semparar.php
            [line] => 106
            [function] => error
            [class] => Logger
            [type] => ->
        )

    [1] => Array
        (
            [file] => C:\wamp64\www\compras\src\controllers\BaseController.php
            [line] => 67
            [function] => getMediaMensal
            [class] => Semparar
            [type] => ->
        )

)

[2025-10-17 18:04:26] [ERROR] [IP: ::1] [User: 1] Erro ao buscar consumo mensal {"error":"SQLSTATE[42S02]: Base table or view not found: 1146 Table 'compras.semparar' doesn't exist","trace":"#0 C:\\wamp64\\www\\compras\\src\\models\\Semparar.php(80): PDO->query('SELECT\\r\\n       ...')\n#1 C:\\wamp64\\www\\compras\\src\\controllers\\BaseController.php(83): Semparar->getConsumoMensal()\n#2 C:\\wamp64\\www\\compras\\public\\semparar.php(31): BaseController->index()\n#3 {main}"}
Stack Trace:
Array
(
    [0] => Array
        (
            [file] => C:\wamp64\www\compras\src\models\Semparar.php
            [line] => 83
            [function] => error
            [class] => Logger
            [type] => ->
        )

    [1] => Array
        (
            [file] => C:\wamp64\www\compras\src\controllers\BaseController.php
            [line] => 83
            [function] => getConsumoMensal
            [class] => Semparar
            [type] => ->
        )

)

[2025-10-17 18:04:26] [ERROR] [IP: ::1] [User: 1] Erro ao calcular total anual {"error":"SQLSTATE[42S02]: Base table or view not found: 1146 Table 'compras.semparar' doesn't exist","trace":"#0 C:\\wamp64\\www\\compras\\src\\models\\Semparar.php(177): PDO->query('SELECT SUM(valo...')\n#1 C:\\wamp64\\www\\compras\\src\\controllers\\BaseController.php(92): Semparar->getTotalAnual()\n#2 C:\\wamp64\\www\\compras\\public\\semparar.php(31): BaseController->index()\n#3 {main}"}
Stack Trace:
Array
(
    [0] => Array
        (
            [file] => C:\wamp64\www\compras\src\models\Semparar.php
            [line] => 181
            [function] => error
            [class] => Logger
            [type] => ->
        )

    [1] => Array
        (
            [file] => C:\wamp64\www\compras\src\controllers\BaseController.php
            [line] => 92
            [function] => getTotalAnual
            [class] => Semparar
            [type] => ->
        )

)

[2025-10-17 18:04:36] [ERROR] [IP: ::1] [User: 1] Erro ao buscar registros com filtros {"error":"SQLSTATE[42S22]: Column not found: 1054 Unknown column 'id_internet' in 'order clause'","trace":"#0 C:\\wamp64\\www\\compras\\src\\models\\Internet.php(59): PDO->prepare('SELECT * FROM i...')\n#1 C:\\wamp64\\www\\compras\\src\\controllers\\InternetController.php(30): Internet->buscarComFiltros(Array)\n#2 C:\\wamp64\\www\\compras\\public\\internet.php(26): InternetController->index()\n#3 {main}"}
Stack Trace:
Array
(
    [0] => Array
        (
            [file] => C:\wamp64\www\compras\src\models\Internet.php
            [line] => 66
            [function] => error
            [class] => Logger
            [type] => ->
        )

    [1] => Array
        (
            [file] => C:\wamp64\www\compras\src\controllers\InternetController.php
            [line] => 30
            [function] => buscarComFiltros
            [class] => Internet
            [type] => ->
        )

)

[2025-10-17 18:04:36] [ERROR] [IP: ::1] [User: 1] Erro ao calcular total pendente {"error":"SQLSTATE[42S22]: Column not found: 1054 Unknown column 'valor_fatura' in 'field list'","trace":"#0 C:\\wamp64\\www\\compras\\src\\models\\Internet.php(128): PDO->query('SELECT SUM(valo...')\n#1 C:\\wamp64\\www\\compras\\src\\controllers\\InternetController.php(31): Internet->getTotalPendente()\n#2 C:\\wamp64\\www\\compras\\public\\internet.php(26): InternetController->index()\n#3 {main}"}
Stack Trace:
Array
(
    [0] => Array
        (
            [file] => C:\wamp64\www\compras\src\models\Internet.php
            [line] => 132
            [function] => error
            [class] => Logger
            [type] => ->
        )

    [1] => Array
        (
            [file] => C:\wamp64\www\compras\src\controllers\InternetController.php
            [line] => 31
            [function] => getTotalPendente
            [class] => Internet
            [type] => ->
        )

)

[2025-10-17 18:04:36] [ERROR] [IP: ::1] [User: 1] Erro ao calcular média de velocidade {"error":"SQLSTATE[42S22]: Column not found: 1054 Unknown column 'velocidade' in 'field list'","trace":"#0 C:\\wamp64\\www\\compras\\src\\models\\Internet.php(110): PDO->query('SELECT AVG(\\r\\n  ...')\n#1 C:\\wamp64\\www\\compras\\src\\controllers\\InternetController.php(32): Internet->getMediaVelocidade()\n#2 C:\\wamp64\\www\\compras\\public\\internet.php(26): InternetController->index()\n#3 {main}"}
Stack Trace:
Array
(
    [0] => Array
        (
            [file] => C:\wamp64\www\compras\src\models\Internet.php
            [line] => 114
            [function] => error
            [class] => Logger
            [type] => ->
        )

    [1] => Array
        (
            [file] => C:\wamp64\www\compras\src\controllers\InternetController.php
            [line] => 32
            [function] => getMediaVelocidade
            [class] => Internet
            [type] => ->
        )

)

[2025-10-17 18:04:36] [ERROR] [IP: ::1] [User: 1] Erro ao buscar consumo mensal {"error":"SQLSTATE[42S22]: Column not found: 1054 Unknown column 'data_vencimento' in 'field list'","trace":"#0 C:\\wamp64\\www\\compras\\src\\models\\Internet.php(85): PDO->query('SELECT\\r\\n       ...')\n#1 C:\\wamp64\\www\\compras\\src\\controllers\\InternetController.php(33): Internet->getConsumoMensal()\n#2 C:\\wamp64\\www\\compras\\public\\internet.php(26): InternetController->index()\n#3 {main}"}
Stack Trace:
Array
(
    [0] => Array
        (
            [file] => C:\wamp64\www\compras\src\models\Internet.php
            [line] => 88
            [function] => error
            [class] => Logger
            [type] => ->
        )

    [1] => Array
        (
            [file] => C:\wamp64\www\compras\src\controllers\InternetController.php
            [line] => 33
            [function] => getConsumoMensal
            [class] => Internet
            [type] => ->
        )

)

[2025-10-17 18:04:36] [ERROR] [IP: ::1] [User: 1] Erro ao calcular total anual {"error":"SQLSTATE[42S22]: Column not found: 1054 Unknown column 'valor_fatura' in 'field list'","trace":"#0 C:\\wamp64\\www\\compras\\src\\models\\Internet.php(147): PDO->query('SELECT SUM(valo...')\n#1 C:\\wamp64\\www\\compras\\src\\controllers\\InternetController.php(34): Internet->getTotalAnual()\n#2 C:\\wamp64\\www\\compras\\public\\internet.php(26): InternetController->index()\n#3 {main}"}
Stack Trace:
Array
(
    [0] => Array
        (
            [file] => C:\wamp64\www\compras\src\models\Internet.php
            [line] => 151
            [function] => error
            [class] => Logger
            [type] => ->
        )

    [1] => Array
        (
            [file] => C:\wamp64\www\compras\src\controllers\InternetController.php
            [line] => 34
            [function] => getTotalAnual
            [class] => Internet
            [type] => ->
        )

)

[2025-10-17 18:04:39] [ERROR] [IP: ::1] [User: 1] Erro ao buscar registros com filtros {"error":"SQLSTATE[42S22]: Column not found: 1054 Unknown column 'id_telefone' in 'order clause'","trace":"#0 C:\\wamp64\\www\\compras\\src\\models\\Telefone.php(56): PDO->prepare('SELECT * FROM t...')\n#1 C:\\wamp64\\www\\compras\\src\\controllers\\BaseController.php(39): Telefone->buscarComFiltros(Array)\n#2 C:\\wamp64\\www\\compras\\public\\telefone.php(31): BaseController->index()\n#3 {main}"}
Stack Trace:
Array
(
    [0] => Array
        (
            [file] => C:\wamp64\www\compras\src\models\Telefone.php
            [line] => 63
            [function] => error
            [class] => Logger
            [type] => ->
        )

    [1] => Array
        (
            [file] => C:\wamp64\www\compras\src\controllers\BaseController.php
            [line] => 39
            [function] => buscarComFiltros
            [class] => Telefone
            [type] => ->
        )

)

[2025-10-17 18:04:39] [ERROR] [IP: ::1] [User: 1] Erro ao calcular total pendente {"error":"SQLSTATE[42S22]: Column not found: 1054 Unknown column 'valor_fatura' in 'field list'","trace":"#0 C:\\wamp64\\www\\compras\\src\\models\\Telefone.php(123): PDO->query('SELECT SUM(valo...')\n#1 C:\\wamp64\\www\\compras\\src\\controllers\\BaseController.php(42): Telefone->getTotalPendente()\n#2 C:\\wamp64\\www\\compras\\public\\telefone.php(31): BaseController->index()\n#3 {main}"}
Stack Trace:
Array
(
    [0] => Array
        (
            [file] => C:\wamp64\www\compras\src\models\Telefone.php
            [line] => 127
            [function] => error
            [class] => Logger
            [type] => ->
        )

    [1] => Array
        (
            [file] => C:\wamp64\www\compras\src\controllers\BaseController.php
            [line] => 42
            [function] => getTotalPendente
            [class] => Telefone
            [type] => ->
        )

)

[2025-10-17 18:04:39] [ERROR] [IP: ::1] [User: 1] Erro ao calcular média de consumo {"error":"SQLSTATE[42S22]: Column not found: 1054 Unknown column 'minutos_utilizados' in 'field list'","trace":"#0 C:\\wamp64\\www\\compras\\src\\models\\Telefone.php(102): PDO->query('SELECT \\r\\n      ...')\n#1 C:\\wamp64\\www\\compras\\src\\controllers\\BaseController.php(47): Telefone->getMediaConsumo()\n#2 C:\\wamp64\\www\\compras\\public\\telefone.php(31): BaseController->index()\n#3 {main}"}
Stack Trace:
Array
(
    [0] => Array
        (
            [file] => C:\wamp64\www\compras\src\models\Telefone.php
            [line] => 109
            [function] => error
            [class] => Logger
            [type] => ->
        )

    [1] => Array
        (
            [file] => C:\wamp64\www\compras\src\controllers\BaseController.php
            [line] => 47
            [function] => getMediaConsumo
            [class] => Telefone
            [type] => ->
        )

)

[2025-10-17 18:04:39] [ERROR] [IP: ::1] [User: 1] Erro ao buscar consumo mensal {"error":"SQLSTATE[42S22]: Column not found: 1054 Unknown column 'data_vencimento' in 'field list'","trace":"#0 C:\\wamp64\\www\\compras\\src\\models\\Telefone.php(83): PDO->query('SELECT\\r\\n       ...')\n#1 C:\\wamp64\\www\\compras\\src\\controllers\\BaseController.php(83): Telefone->getConsumoMensal()\n#2 C:\\wamp64\\www\\compras\\public\\telefone.php(31): BaseController->index()\n#3 {main}"}
Stack Trace:
Array
(
    [0] => Array
        (
            [file] => C:\wamp64\www\compras\src\models\Telefone.php
            [line] => 86
            [function] => error
            [class] => Logger
            [type] => ->
        )

    [1] => Array
        (
            [file] => C:\wamp64\www\compras\src\controllers\BaseController.php
            [line] => 83
            [function] => getConsumoMensal
            [class] => Telefone
            [type] => ->
        )

)

[2025-10-23 13:20:12] [ERROR] [IP: ::1] [User: 1] Erro ao buscar registros com filtros {"error":"SQLSTATE[42S22]: Column not found: 1054 Unknown column 'id_energia' in 'order clause'","trace":"#0 C:\\wamp64\\www\\compras\\src\\models\\Energia.php(59): PDO->prepare('SELECT * FROM e...')\n#1 C:\\wamp64\\www\\compras\\src\\controllers\\BaseController.php(39): Energia->buscarComFiltros(Array)\n#2 C:\\wamp64\\www\\compras\\public\\energia.php(26): BaseController->index()\n#3 {main}"}
Stack Trace:
Array
(
    [0] => Array
        (
            [file] => C:\wamp64\www\compras\src\models\Energia.php
            [line] => 66
            [function] => error
            [class] => Logger
            [type] => ->
        )

    [1] => Array
        (
            [file] => C:\wamp64\www\compras\src\controllers\BaseController.php
            [line] => 39
            [function] => buscarComFiltros
            [class] => Energia
            [type] => ->
        )

)

[2025-10-23 13:20:12] [ERROR] [IP: ::1] [User: 1] Erro ao calcular total pendente {"error":"SQLSTATE[42S22]: Column not found: 1054 Unknown column 'valor_fatura' in 'field list'","trace":"#0 C:\\wamp64\\www\\compras\\src\\models\\Energia.php(120): PDO->query('SELECT SUM(valo...')\n#1 C:\\wamp64\\www\\compras\\src\\controllers\\BaseController.php(42): Energia->getTotalPendente()\n#2 C:\\wamp64\\www\\compras\\public\\energia.php(26): BaseController->index()\n#3 {main}"}
Stack Trace:
Array
(
    [0] => Array
        (
            [file] => C:\wamp64\www\compras\src\models\Energia.php
            [line] => 124
            [function] => error
            [class] => Logger
            [type] => ->
        )

    [1] => Array
        (
            [file] => C:\wamp64\www\compras\src\controllers\BaseController.php
            [line] => 42
            [function] => getTotalPendente
            [class] => Energia
            [type] => ->
        )

)

[2025-10-23 13:20:12] [ERROR] [IP: ::1] [User: 1] Erro ao calcular média de consumo {"error":"SQLSTATE[42S22]: Column not found: 1054 Unknown column 'data_vencimento' in 'where clause'","trace":"#0 C:\\wamp64\\www\\compras\\src\\models\\Energia.php(102): PDO->query('SELECT AVG(cons...')\n#1 C:\\wamp64\\www\\compras\\src\\controllers\\BaseController.php(47): Energia->getMediaConsumo()\n#2 C:\\wamp64\\www\\compras\\public\\energia.php(26): BaseController->index()\n#3 {main}"}
Stack Trace:
Array
(
    [0] => Array
        (
            [file] => C:\wamp64\www\compras\src\models\Energia.php
            [line] => 106
            [function] => error
            [class] => Logger
            [type] => ->
        )

    [1] => Array
        (
            [file] => C:\wamp64\www\compras\src\controllers\BaseController.php
            [line] => 47
            [function] => getMediaConsumo
            [class] => Energia
            [type] => ->
        )

)

[2025-10-23 13:20:12] [ERROR] [IP: ::1] [User: 1] Erro ao buscar consumo mensal {"error":"SQLSTATE[42S22]: Column not found: 1054 Unknown column 'data_vencimento' in 'field list'","trace":"#0 C:\\wamp64\\www\\compras\\src\\models\\Energia.php(85): PDO->query('SELECT\\r\\n       ...')\n#1 C:\\wamp64\\www\\compras\\src\\controllers\\BaseController.php(83): Energia->getConsumoMensal()\n#2 C:\\wamp64\\www\\compras\\public\\energia.php(26): BaseController->index()\n#3 {main}"}
Stack Trace:
Array
(
    [0] => Array
        (
            [file] => C:\wamp64\www\compras\src\models\Energia.php
            [line] => 88
            [function] => error
            [class] => Logger
            [type] => ->
        )

    [1] => Array
        (
            [file] => C:\wamp64\www\compras\src\controllers\BaseController.php
            [line] => 83
            [function] => getConsumoMensal
            [class] => Energia
            [type] => ->
        )

)

[2025-10-23 14:17:12] [ERROR] [IP: ::1] [User: 1] Erro ao buscar registros com filtros {"error":"SQLSTATE[42S22]: Column not found: 1054 Unknown column 'id_energia' in 'order clause'","trace":"#0 C:\\wamp64\\www\\compras\\src\\models\\Energia.php(59): PDO->prepare('SELECT * FROM e...')\n#1 C:\\wamp64\\www\\compras\\src\\controllers\\BaseController.php(39): Energia->buscarComFiltros(Array)\n#2 C:\\wamp64\\www\\compras\\public\\energia.php(26): BaseController->index()\n#3 {main}"}
Stack Trace:
Array
(
    [0] => Array
        (
            [file] => C:\wamp64\www\compras\src\models\Energia.php
            [line] => 66
            [function] => error
            [class] => Logger
            [type] => ->
        )

    [1] => Array
        (
            [file] => C:\wamp64\www\compras\src\controllers\BaseController.php
            [line] => 39
            [function] => buscarComFiltros
            [class] => Energia
            [type] => ->
        )

)

[2025-10-23 14:17:12] [ERROR] [IP: ::1] [User: 1] Erro ao calcular total pendente {"error":"SQLSTATE[42S22]: Column not found: 1054 Unknown column 'valor_fatura' in 'field list'","trace":"#0 C:\\wamp64\\www\\compras\\src\\models\\Energia.php(120): PDO->query('SELECT SUM(valo...')\n#1 C:\\wamp64\\www\\compras\\src\\controllers\\BaseController.php(42): Energia->getTotalPendente()\n#2 C:\\wamp64\\www\\compras\\public\\energia.php(26): BaseController->index()\n#3 {main}"}
Stack Trace:
Array
(
    [0] => Array
        (
            [file] => C:\wamp64\www\compras\src\models\Energia.php
            [line] => 124
            [function] => error
            [class] => Logger
            [type] => ->
        )

    [1] => Array
        (
            [file] => C:\wamp64\www\compras\src\controllers\BaseController.php
            [line] => 42
            [function] => getTotalPendente
            [class] => Energia
            [type] => ->
        )

)

[2025-10-23 14:17:12] [ERROR] [IP: ::1] [User: 1] Erro ao calcular média de consumo {"error":"SQLSTATE[42S22]: Column not found: 1054 Unknown column 'data_vencimento' in 'where clause'","trace":"#0 C:\\wamp64\\www\\compras\\src\\models\\Energia.php(102): PDO->query('SELECT AVG(cons...')\n#1 C:\\wamp64\\www\\compras\\src\\controllers\\BaseController.php(47): Energia->getMediaConsumo()\n#2 C:\\wamp64\\www\\compras\\public\\energia.php(26): BaseController->index()\n#3 {main}"}
Stack Trace:
Array
(
    [0] => Array
        (
            [file] => C:\wamp64\www\compras\src\models\Energia.php
            [line] => 106
            [function] => error
            [class] => Logger
            [type] => ->
        )

    [1] => Array
        (
            [file] => C:\wamp64\www\compras\src\controllers\BaseController.php
            [line] => 47
            [function] => getMediaConsumo
            [class] => Energia
            [type] => ->
        )

)

[2025-10-23 14:17:12] [ERROR] [IP: ::1] [User: 1] Erro ao buscar consumo mensal {"error":"SQLSTATE[42S22]: Column not found: 1054 Unknown column 'data_vencimento' in 'field list'","trace":"#0 C:\\wamp64\\www\\compras\\src\\models\\Energia.php(85): PDO->query('SELECT\\r\\n       ...')\n#1 C:\\wamp64\\www\\compras\\src\\controllers\\BaseController.php(83): Energia->getConsumoMensal()\n#2 C:\\wamp64\\www\\compras\\public\\energia.php(26): BaseController->index()\n#3 {main}"}
Stack Trace:
Array
(
    [0] => Array
        (
            [file] => C:\wamp64\www\compras\src\models\Energia.php
            [line] => 88
            [function] => error
            [class] => Logger
            [type] => ->
        )

    [1] => Array
        (
            [file] => C:\wamp64\www\compras\src\controllers\BaseController.php
            [line] => 83
            [function] => getConsumoMensal
            [class] => Energia
            [type] => ->
        )

)

[2025-10-23 15:01:24] [ERROR] [IP: ::1] [User: 1] Erro ao buscar registros com filtros {"error":"SQLSTATE[42S22]: Column not found: 1054 Unknown column 'id_energia' in 'order clause'","trace":"#0 C:\\wamp64\\www\\compras\\src\\models\\Energia.php(59): PDO->prepare('SELECT * FROM e...')\n#1 C:\\wamp64\\www\\compras\\src\\controllers\\BaseController.php(39): Energia->buscarComFiltros(Array)\n#2 C:\\wamp64\\www\\compras\\public\\energia.php(26): BaseController->index()\n#3 {main}"}
Stack Trace:
Array
(
    [0] => Array
        (
            [file] => C:\wamp64\www\compras\src\models\Energia.php
            [line] => 66
            [function] => error
            [class] => Logger
            [type] => ->
        )

    [1] => Array
        (
            [file] => C:\wamp64\www\compras\src\controllers\BaseController.php
            [line] => 39
            [function] => buscarComFiltros
            [class] => Energia
            [type] => ->
        )

)

[2025-10-23 15:01:24] [ERROR] [IP: ::1] [User: 1] Erro ao calcular total pendente {"error":"SQLSTATE[42S22]: Column not found: 1054 Unknown column 'valor_fatura' in 'field list'","trace":"#0 C:\\wamp64\\www\\compras\\src\\models\\Energia.php(120): PDO->query('SELECT SUM(valo...')\n#1 C:\\wamp64\\www\\compras\\src\\controllers\\BaseController.php(42): Energia->getTotalPendente()\n#2 C:\\wamp64\\www\\compras\\public\\energia.php(26): BaseController->index()\n#3 {main}"}
Stack Trace:
Array
(
    [0] => Array
        (
            [file] => C:\wamp64\www\compras\src\models\Energia.php
            [line] => 124
            [function] => error
            [class] => Logger
            [type] => ->
        )

    [1] => Array
        (
            [file] => C:\wamp64\www\compras\src\controllers\BaseController.php
            [line] => 42
            [function] => getTotalPendente
            [class] => Energia
            [type] => ->
        )

)

[2025-10-23 15:01:24] [ERROR] [IP: ::1] [User: 1] Erro ao calcular média de consumo {"error":"SQLSTATE[42S22]: Column not found: 1054 Unknown column 'data_vencimento' in 'where clause'","trace":"#0 C:\\wamp64\\www\\compras\\src\\models\\Energia.php(102): PDO->query('SELECT AVG(cons...')\n#1 C:\\wamp64\\www\\compras\\src\\controllers\\BaseController.php(47): Energia->getMediaConsumo()\n#2 C:\\wamp64\\www\\compras\\public\\energia.php(26): BaseController->index()\n#3 {main}"}
Stack Trace:
Array
(
    [0] => Array
        (
            [file] => C:\wamp64\www\compras\src\models\Energia.php
            [line] => 106
            [function] => error
            [class] => Logger
            [type] => ->
        )

    [1] => Array
        (
            [file] => C:\wamp64\www\compras\src\controllers\BaseController.php
            [line] => 47
            [function] => getMediaConsumo
            [class] => Energia
            [type] => ->
        )

)

[2025-10-23 15:01:24] [ERROR] [IP: ::1] [User: 1] Erro ao buscar consumo mensal {"error":"SQLSTATE[42S22]: Column not found: 1054 Unknown column 'data_vencimento' in 'field list'","trace":"#0 C:\\wamp64\\www\\compras\\src\\models\\Energia.php(85): PDO->query('SELECT\\r\\n       ...')\n#1 C:\\wamp64\\www\\compras\\src\\controllers\\BaseController.php(83): Energia->getConsumoMensal()\n#2 C:\\wamp64\\www\\compras\\public\\energia.php(26): BaseController->index()\n#3 {main}"}
Stack Trace:
Array
(
    [0] => Array
        (
            [file] => C:\wamp64\www\compras\src\models\Energia.php
            [line] => 88
            [function] => error
            [class] => Logger
            [type] => ->
        )

    [1] => Array
        (
            [file] => C:\wamp64\www\compras\src\controllers\BaseController.php
            [line] => 83
            [function] => getConsumoMensal
            [class] => Energia
            [type] => ->
        )

)

[2025-10-23 15:01:43] [ERROR] [IP: ::1] [User: 1] Erro ao buscar registros com filtros {"error":"SQLSTATE[42S22]: Column not found: 1054 Unknown column 'id_energia' in 'order clause'","trace":"#0 C:\\wamp64\\www\\compras\\src\\models\\Energia.php(59): PDO->prepare('SELECT * FROM e...')\n#1 C:\\wamp64\\www\\compras\\src\\controllers\\BaseController.php(39): Energia->buscarComFiltros(Array)\n#2 C:\\wamp64\\www\\compras\\public\\energia.php(26): BaseController->index()\n#3 {main}"}
Stack Trace:
Array
(
    [0] => Array
        (
            [file] => C:\wamp64\www\compras\src\models\Energia.php
            [line] => 66
            [function] => error
            [class] => Logger
            [type] => ->
        )

    [1] => Array
        (
            [file] => C:\wamp64\www\compras\src\controllers\BaseController.php
            [line] => 39
            [function] => buscarComFiltros
            [class] => Energia
            [type] => ->
        )

)

[2025-10-23 15:01:43] [ERROR] [IP: ::1] [User: 1] Erro ao calcular total pendente {"error":"SQLSTATE[42S22]: Column not found: 1054 Unknown column 'valor_fatura' in 'field list'","trace":"#0 C:\\wamp64\\www\\compras\\src\\models\\Energia.php(120): PDO->query('SELECT SUM(valo...')\n#1 C:\\wamp64\\www\\compras\\src\\controllers\\BaseController.php(42): Energia->getTotalPendente()\n#2 C:\\wamp64\\www\\compras\\public\\energia.php(26): BaseController->index()\n#3 {main}"}
Stack Trace:
Array
(
    [0] => Array
        (
            [file] => C:\wamp64\www\compras\src\models\Energia.php
            [line] => 124
            [function] => error
            [class] => Logger
            [type] => ->
        )

    [1] => Array
        (
            [file] => C:\wamp64\www\compras\src\controllers\BaseController.php
            [line] => 42
            [function] => getTotalPendente
            [class] => Energia
            [type] => ->
        )

)

[2025-10-23 15:01:43] [ERROR] [IP: ::1] [User: 1] Erro ao calcular média de consumo {"error":"SQLSTATE[42S22]: Column not found: 1054 Unknown column 'data_vencimento' in 'where clause'","trace":"#0 C:\\wamp64\\www\\compras\\src\\models\\Energia.php(102): PDO->query('SELECT AVG(cons...')\n#1 C:\\wamp64\\www\\compras\\src\\controllers\\BaseController.php(47): Energia->getMediaConsumo()\n#2 C:\\wamp64\\www\\compras\\public\\energia.php(26): BaseController->index()\n#3 {main}"}
Stack Trace:
Array
(
    [0] => Array
        (
            [file] => C:\wamp64\www\compras\src\models\Energia.php
            [line] => 106
            [function] => error
            [class] => Logger
            [type] => ->
        )

    [1] => Array
        (
            [file] => C:\wamp64\www\compras\src\controllers\BaseController.php
            [line] => 47
            [function] => getMediaConsumo
            [class] => Energia
            [type] => ->
        )

)

[2025-10-23 15:01:43] [ERROR] [IP: ::1] [User: 1] Erro ao buscar consumo mensal {"error":"SQLSTATE[42S22]: Column not found: 1054 Unknown column 'data_vencimento' in 'field list'","trace":"#0 C:\\wamp64\\www\\compras\\src\\models\\Energia.php(85): PDO->query('SELECT\\r\\n       ...')\n#1 C:\\wamp64\\www\\compras\\src\\controllers\\BaseController.php(83): Energia->getConsumoMensal()\n#2 C:\\wamp64\\www\\compras\\public\\energia.php(26): BaseController->index()\n#3 {main}"}
Stack Trace:
Array
(
    [0] => Array
        (
            [file] => C:\wamp64\www\compras\src\models\Energia.php
            [line] => 88
            [function] => error
            [class] => Logger
            [type] => ->
        )

    [1] => Array
        (
            [file] => C:\wamp64\www\compras\src\controllers\BaseController.php
            [line] => 83
            [function] => getConsumoMensal
            [class] => Energia
            [type] => ->
        )

)

[2025-10-23 15:47:51] [ERROR] [IP: ::1] [User: 1] Erro ao buscar registros com filtros {"error":"SQLSTATE[42S22]: Column not found: 1054 Unknown column 'id_energia' in 'order clause'","trace":"#0 C:\\wamp64\\www\\compras\\src\\models\\Energia.php(59): PDO->prepare('SELECT * FROM e...')\n#1 C:\\wamp64\\www\\compras\\src\\controllers\\BaseController.php(39): Energia->buscarComFiltros(Array)\n#2 C:\\wamp64\\www\\compras\\public\\energia.php(26): BaseController->index()\n#3 {main}"}
Stack Trace:
Array
(
    [0] => Array
        (
            [file] => C:\wamp64\www\compras\src\models\Energia.php
            [line] => 66
            [function] => error
            [class] => Logger
            [type] => ->
        )

    [1] => Array
        (
            [file] => C:\wamp64\www\compras\src\controllers\BaseController.php
            [line] => 39
            [function] => buscarComFiltros
            [class] => Energia
            [type] => ->
        )

)

[2025-10-23 15:47:51] [ERROR] [IP: ::1] [User: 1] Erro ao calcular total pendente {"error":"SQLSTATE[42S22]: Column not found: 1054 Unknown column 'valor_fatura' in 'field list'","trace":"#0 C:\\wamp64\\www\\compras\\src\\models\\Energia.php(120): PDO->query('SELECT SUM(valo...')\n#1 C:\\wamp64\\www\\compras\\src\\controllers\\BaseController.php(42): Energia->getTotalPendente()\n#2 C:\\wamp64\\www\\compras\\public\\energia.php(26): BaseController->index()\n#3 {main}"}
Stack Trace:
Array
(
    [0] => Array
        (
            [file] => C:\wamp64\www\compras\src\models\Energia.php
            [line] => 124
            [function] => error
            [class] => Logger
            [type] => ->
        )

    [1] => Array
        (
            [file] => C:\wamp64\www\compras\src\controllers\BaseController.php
            [line] => 42
            [function] => getTotalPendente
            [class] => Energia
            [type] => ->
        )

)

[2025-10-23 15:47:51] [ERROR] [IP: ::1] [User: 1] Erro ao calcular média de consumo {"error":"SQLSTATE[42S22]: Column not found: 1054 Unknown column 'data_vencimento' in 'where clause'","trace":"#0 C:\\wamp64\\www\\compras\\src\\models\\Energia.php(102): PDO->query('SELECT AVG(cons...')\n#1 C:\\wamp64\\www\\compras\\src\\controllers\\BaseController.php(47): Energia->getMediaConsumo()\n#2 C:\\wamp64\\www\\compras\\public\\energia.php(26): BaseController->index()\n#3 {main}"}
Stack Trace:
Array
(
    [0] => Array
        (
            [file] => C:\wamp64\www\compras\src\models\Energia.php
            [line] => 106
            [function] => error
            [class] => Logger
            [type] => ->
        )

    [1] => Array
        (
            [file] => C:\wamp64\www\compras\src\controllers\BaseController.php
            [line] => 47
            [function] => getMediaConsumo
            [class] => Energia
            [type] => ->
        )

)

[2025-10-23 15:47:51] [ERROR] [IP: ::1] [User: 1] Erro ao buscar consumo mensal {"error":"SQLSTATE[42S22]: Column not found: 1054 Unknown column 'data_vencimento' in 'field list'","trace":"#0 C:\\wamp64\\www\\compras\\src\\models\\Energia.php(85): PDO->query('SELECT\\r\\n       ...')\n#1 C:\\wamp64\\www\\compras\\src\\controllers\\BaseController.php(83): Energia->getConsumoMensal()\n#2 C:\\wamp64\\www\\compras\\public\\energia.php(26): BaseController->index()\n#3 {main}"}
Stack Trace:
Array
(
    [0] => Array
        (
            [file] => C:\wamp64\www\compras\src\models\Energia.php
            [line] => 88
            [function] => error
            [class] => Logger
            [type] => ->
        )

    [1] => Array
        (
            [file] => C:\wamp64\www\compras\src\controllers\BaseController.php
            [line] => 83
            [function] => getConsumoMensal
            [class] => Energia
            [type] => ->
        )

)

[2025-10-24 12:06:12] [ERROR] [IP: ::1] [User: 2] Erro ao buscar registros com filtros {"error":"SQLSTATE[42S22]: Column not found: 1054 Unknown column 'id_energia' in 'order clause'","trace":"#0 C:\\wamp64\\www\\compras\\src\\models\\Energia.php(59): PDO->prepare('SELECT * FROM e...')\n#1 C:\\wamp64\\www\\compras\\src\\controllers\\BaseController.php(39): Energia->buscarComFiltros(Array)\n#2 C:\\wamp64\\www\\compras\\public\\energia.php(26): BaseController->index()\n#3 {main}"}
Stack Trace:
Array
(
    [0] => Array
        (
            [file] => C:\wamp64\www\compras\src\models\Energia.php
            [line] => 66
            [function] => error
            [class] => Logger
            [type] => ->
        )

    [1] => Array
        (
            [file] => C:\wamp64\www\compras\src\controllers\BaseController.php
            [line] => 39
            [function] => buscarComFiltros
            [class] => Energia
            [type] => ->
        )

)

[2025-10-24 12:06:12] [ERROR] [IP: ::1] [User: 2] Erro ao calcular total pendente {"error":"SQLSTATE[42S22]: Column not found: 1054 Unknown column 'valor_fatura' in 'field list'","trace":"#0 C:\\wamp64\\www\\compras\\src\\models\\Energia.php(120): PDO->query('SELECT SUM(valo...')\n#1 C:\\wamp64\\www\\compras\\src\\controllers\\BaseController.php(42): Energia->getTotalPendente()\n#2 C:\\wamp64\\www\\compras\\public\\energia.php(26): BaseController->index()\n#3 {main}"}
Stack Trace:
Array
(
    [0] => Array
        (
            [file] => C:\wamp64\www\compras\src\models\Energia.php
            [line] => 124
            [function] => error
            [class] => Logger
            [type] => ->
        )

    [1] => Array
        (
            [file] => C:\wamp64\www\compras\src\controllers\BaseController.php
            [line] => 42
            [function] => getTotalPendente
            [class] => Energia
            [type] => ->
        )

)

[2025-10-24 12:06:12] [ERROR] [IP: ::1] [User: 2] Erro ao calcular média de consumo {"error":"SQLSTATE[42S22]: Column not found: 1054 Unknown column 'data_vencimento' in 'where clause'","trace":"#0 C:\\wamp64\\www\\compras\\src\\models\\Energia.php(102): PDO->query('SELECT AVG(cons...')\n#1 C:\\wamp64\\www\\compras\\src\\controllers\\BaseController.php(47): Energia->getMediaConsumo()\n#2 C:\\wamp64\\www\\compras\\public\\energia.php(26): BaseController->index()\n#3 {main}"}
Stack Trace:
Array
(
    [0] => Array
        (
            [file] => C:\wamp64\www\compras\src\models\Energia.php
            [line] => 106
            [function] => error
            [class] => Logger
            [type] => ->
        )

    [1] => Array
        (
            [file] => C:\wamp64\www\compras\src\controllers\BaseController.php
            [line] => 47
            [function] => getMediaConsumo
            [class] => Energia
            [type] => ->
        )

)

[2025-10-24 12:06:12] [ERROR] [IP: ::1] [User: 2] Erro ao buscar consumo mensal {"error":"SQLSTATE[42S22]: Column not found: 1054 Unknown column 'data_vencimento' in 'field list'","trace":"#0 C:\\wamp64\\www\\compras\\src\\models\\Energia.php(85): PDO->query('SELECT\\r\\n       ...')\n#1 C:\\wamp64\\www\\compras\\src\\controllers\\BaseController.php(83): Energia->getConsumoMensal()\n#2 C:\\wamp64\\www\\compras\\public\\energia.php(26): BaseController->index()\n#3 {main}"}
Stack Trace:
Array
(
    [0] => Array
        (
            [file] => C:\wamp64\www\compras\src\models\Energia.php
            [line] => 88
            [function] => error
            [class] => Logger
            [type] => ->
        )

    [1] => Array
        (
            [file] => C:\wamp64\www\compras\src\controllers\BaseController.php
            [line] => 83
            [function] => getConsumoMensal
            [class] => Energia
            [type] => ->
        )

)

[2025-10-24 17:11:30] [ERROR] [IP: ::1] [User: 1] Erro ao buscar registros com filtros {"error":"SQLSTATE[42S22]: Column not found: 1054 Unknown column 'id_energia' in 'order clause'","trace":"#0 C:\\wamp64\\www\\compras\\src\\models\\Energia.php(59): PDO->prepare('SELECT * FROM e...')\n#1 C:\\wamp64\\www\\compras\\src\\controllers\\BaseController.php(39): Energia->buscarComFiltros(Array)\n#2 C:\\wamp64\\www\\compras\\public\\energia.php(26): BaseController->index()\n#3 {main}"}
Stack Trace:
Array
(
    [0] => Array
        (
            [file] => C:\wamp64\www\compras\src\models\Energia.php
            [line] => 66
            [function] => error
            [class] => Logger
            [type] => ->
        )

    [1] => Array
        (
            [file] => C:\wamp64\www\compras\src\controllers\BaseController.php
            [line] => 39
            [function] => buscarComFiltros
            [class] => Energia
            [type] => ->
        )

)

[2025-10-24 17:11:30] [ERROR] [IP: ::1] [User: 1] Erro ao calcular total pendente {"error":"SQLSTATE[42S22]: Column not found: 1054 Unknown column 'valor_fatura' in 'field list'","trace":"#0 C:\\wamp64\\www\\compras\\src\\models\\Energia.php(120): PDO->query('SELECT SUM(valo...')\n#1 C:\\wamp64\\www\\compras\\src\\controllers\\BaseController.php(42): Energia->getTotalPendente()\n#2 C:\\wamp64\\www\\compras\\public\\energia.php(26): BaseController->index()\n#3 {main}"}
Stack Trace:
Array
(
    [0] => Array
        (
            [file] => C:\wamp64\www\compras\src\models\Energia.php
            [line] => 124
            [function] => error
            [class] => Logger
            [type] => ->
        )

    [1] => Array
        (
            [file] => C:\wamp64\www\compras\src\controllers\BaseController.php
            [line] => 42
            [function] => getTotalPendente
            [class] => Energia
            [type] => ->
        )

)

[2025-10-24 17:11:30] [ERROR] [IP: ::1] [User: 1] Erro ao calcular média de consumo {"error":"SQLSTATE[42S22]: Column not found: 1054 Unknown column 'data_vencimento' in 'where clause'","trace":"#0 C:\\wamp64\\www\\compras\\src\\models\\Energia.php(102): PDO->query('SELECT AVG(cons...')\n#1 C:\\wamp64\\www\\compras\\src\\controllers\\BaseController.php(47): Energia->getMediaConsumo()\n#2 C:\\wamp64\\www\\compras\\public\\energia.php(26): BaseController->index()\n#3 {main}"}
Stack Trace:
Array
(
    [0] => Array
        (
            [file] => C:\wamp64\www\compras\src\models\Energia.php
            [line] => 106
            [function] => error
            [class] => Logger
            [type] => ->
        )

    [1] => Array
        (
            [file] => C:\wamp64\www\compras\src\controllers\BaseController.php
            [line] => 47
            [function] => getMediaConsumo
            [class] => Energia
            [type] => ->
        )

)

[2025-10-24 17:11:30] [ERROR] [IP: ::1] [User: 1] Erro ao buscar consumo mensal {"error":"SQLSTATE[42S22]: Column not found: 1054 Unknown column 'data_vencimento' in 'field list'","trace":"#0 C:\\wamp64\\www\\compras\\src\\models\\Energia.php(85): PDO->query('SELECT\\r\\n       ...')\n#1 C:\\wamp64\\www\\compras\\src\\controllers\\BaseController.php(83): Energia->getConsumoMensal()\n#2 C:\\wamp64\\www\\compras\\public\\energia.php(26): BaseController->index()\n#3 {main}"}
Stack Trace:
Array
(
    [0] => Array
        (
            [file] => C:\wamp64\www\compras\src\models\Energia.php
            [line] => 88
            [function] => error
            [class] => Logger
            [type] => ->
        )

    [1] => Array
        (
            [file] => C:\wamp64\www\compras\src\controllers\BaseController.php
            [line] => 83
            [function] => getConsumoMensal
            [class] => Energia
            [type] => ->
        )

)

[2025-10-29 13:41:53] [ERROR] [IP: ::1] [User: 2] Erro ao buscar contas atrasadas {"error":"SQLSTATE[42S22]: Column not found: 1054 Unknown column 'data_vencimento' in 'where clause'","trace":"#0 C:\\wamp64\\www\\compras\\src\\models\\Agua.php(134): PDO->query('SELECT COUNT(*)...')\n#1 C:\\wamp64\\www\\compras\\public\\agua.php(67): Agua->getContasAtrasadas()\n#2 {main}"}
Stack Trace:
Array
(
    [0] => Array
        (
            [file] => C:\wamp64\www\compras\src\models\Agua.php
            [line] => 138
            [function] => error
            [class] => Logger
            [type] => ->
        )

    [1] => Array
        (
            [file] => C:\wamp64\www\compras\public\agua.php
            [line] => 67
            [function] => getContasAtrasadas
            [class] => Agua
            [type] => ->
        )

)

[2025-10-29 13:52:29] [ERROR] [IP: ::1] [User: 2] Erro ao buscar contas atrasadas {"error":"SQLSTATE[42S22]: Column not found: 1054 Unknown column 'data_vencimento' in 'where clause'","trace":"#0 C:\\wamp64\\www\\compras\\src\\models\\Agua.php(134): PDO->query('SELECT COUNT(*)...')\n#1 C:\\wamp64\\www\\compras\\public\\agua.php(67): Agua->getContasAtrasadas()\n#2 {main}"}
Stack Trace:
Array
(
    [0] => Array
        (
            [file] => C:\wamp64\www\compras\src\models\Agua.php
            [line] => 138
            [function] => error
            [class] => Logger
            [type] => ->
        )

    [1] => Array
        (
            [file] => C:\wamp64\www\compras\public\agua.php
            [line] => 67
            [function] => getContasAtrasadas
            [class] => Agua
            [type] => ->
        )

)

[29-10-2025 18:25:51] [ERROR] [IP: ::1] [User: 2] Erro ao buscar registros com filtros {"error":"SQLSTATE[42S22]: Column not found: 1054 Unknown column 'id_semparar' in 'order clause'","trace":"#0 C:\\wamp64\\www\\compras\\src\\models\\Semparar.php(54): PDO->prepare('SELECT * FROM s...')\n#1 C:\\wamp64\\www\\compras\\src\\controllers\\BaseController.php(39): Semparar->buscarComFiltros(Array)\n#2 C:\\wamp64\\www\\compras\\public\\semparar.php(42): BaseController->index()\n#3 {main}"}
Stack Trace:
Array
(
    [0] => Array
        (
            [file] => C:\wamp64\www\compras\src\models\Semparar.php
            [line] => 61
            [function] => error
            [class] => Logger
            [type] => ->
        )

    [1] => Array
        (
            [file] => C:\wamp64\www\compras\src\controllers\BaseController.php
            [line] => 39
            [function] => buscarComFiltros
            [class] => Semparar
            [type] => ->
        )

)

[29-10-2025 18:25:51] [ERROR] [IP: ::1] [User: 2] Erro ao calcular total pendente {"error":"SQLSTATE[42S22]: Column not found: 1054 Unknown column 'valor_fatura' in 'field list'","trace":"#0 C:\\wamp64\\www\\compras\\src\\models\\Semparar.php(120): PDO->query('SELECT SUM(valo...')\n#1 C:\\wamp64\\www\\compras\\src\\controllers\\BaseController.php(42): Semparar->getTotalPendente()\n#2 C:\\wamp64\\www\\compras\\public\\semparar.php(42): BaseController->index()\n#3 {main}"}
Stack Trace:
Array
(
    [0] => Array
        (
            [file] => C:\wamp64\www\compras\src\models\Semparar.php
            [line] => 124
            [function] => error
            [class] => Logger
            [type] => ->
        )

    [1] => Array
        (
            [file] => C:\wamp64\www\compras\src\controllers\BaseController.php
            [line] => 42
            [function] => getTotalPendente
            [class] => Semparar
            [type] => ->
        )

)

[29-10-2025 18:25:51] [ERROR] [IP: ::1] [User: 2] Erro ao calcular média mensal {"error":"SQLSTATE[42S22]: Column not found: 1054 Unknown column 'valor_fatura' in 'field list'","trace":"#0 C:\\wamp64\\www\\compras\\src\\models\\Semparar.php(99): PDO->query('SELECT \\r\\n      ...')\n#1 C:\\wamp64\\www\\compras\\src\\controllers\\BaseController.php(67): Semparar->getMediaMensal()\n#2 C:\\wamp64\\www\\compras\\public\\semparar.php(42): BaseController->index()\n#3 {main}"}
Stack Trace:
Array
(
    [0] => Array
        (
            [file] => C:\wamp64\www\compras\src\models\Semparar.php
            [line] => 106
            [function] => error
            [class] => Logger
            [type] => ->
        )

    [1] => Array
        (
            [file] => C:\wamp64\www\compras\src\controllers\BaseController.php
            [line] => 67
            [function] => getMediaMensal
            [class] => Semparar
            [type] => ->
        )

)

[29-10-2025 18:25:51] [ERROR] [IP: ::1] [User: 2] Erro ao buscar consumo mensal {"error":"SQLSTATE[42S22]: Column not found: 1054 Unknown column 'valor_fatura' in 'field list'","trace":"#0 C:\\wamp64\\www\\compras\\src\\models\\Semparar.php(80): PDO->query('SELECT\\r\\n       ...')\n#1 C:\\wamp64\\www\\compras\\src\\controllers\\BaseController.php(83): Semparar->getConsumoMensal()\n#2 C:\\wamp64\\www\\compras\\public\\semparar.php(42): BaseController->index()\n#3 {main}"}
Stack Trace:
Array
(
    [0] => Array
        (
            [file] => C:\wamp64\www\compras\src\models\Semparar.php
            [line] => 83
            [function] => error
            [class] => Logger
            [type] => ->
        )

    [1] => Array
        (
            [file] => C:\wamp64\www\compras\src\controllers\BaseController.php
            [line] => 83
            [function] => getConsumoMensal
            [class] => Semparar
            [type] => ->
        )

)

[29-10-2025 18:25:51] [ERROR] [IP: ::1] [User: 2] Erro ao calcular total anual {"error":"SQLSTATE[42S22]: Column not found: 1054 Unknown column 'valor_fatura' in 'field list'","trace":"#0 C:\\wamp64\\www\\compras\\src\\models\\Semparar.php(177): PDO->query('SELECT SUM(valo...')\n#1 C:\\wamp64\\www\\compras\\src\\controllers\\BaseController.php(92): Semparar->getTotalAnual()\n#2 C:\\wamp64\\www\\compras\\public\\semparar.php(42): BaseController->index()\n#3 {main}"}
Stack Trace:
Array
(
    [0] => Array
        (
            [file] => C:\wamp64\www\compras\src\models\Semparar.php
            [line] => 181
            [function] => error
            [class] => Logger
            [type] => ->
        )

    [1] => Array
        (
            [file] => C:\wamp64\www\compras\src\controllers\BaseController.php
            [line] => 92
            [function] => getTotalAnual
            [class] => Semparar
            [type] => ->
        )

)

[29-10-2025 18:25:53] [ERROR] [IP: ::1] [User: 2] Erro ao buscar registros com filtros {"error":"SQLSTATE[42S22]: Column not found: 1054 Unknown column 'id_telefone' in 'order clause'","trace":"#0 C:\\wamp64\\www\\compras\\src\\models\\Telefone.php(56): PDO->prepare('SELECT * FROM t...')\n#1 C:\\wamp64\\www\\compras\\src\\controllers\\BaseController.php(39): Telefone->buscarComFiltros(Array)\n#2 C:\\wamp64\\www\\compras\\public\\telefone.php(44): BaseController->index()\n#3 {main}"}
Stack Trace:
Array
(
    [0] => Array
        (
            [file] => C:\wamp64\www\compras\src\models\Telefone.php
            [line] => 63
            [function] => error
            [class] => Logger
            [type] => ->
        )

    [1] => Array
        (
            [file] => C:\wamp64\www\compras\src\controllers\BaseController.php
            [line] => 39
            [function] => buscarComFiltros
            [class] => Telefone
            [type] => ->
        )

)

[29-10-2025 18:25:53] [ERROR] [IP: ::1] [User: 2] Erro ao calcular total pendente {"error":"SQLSTATE[42S22]: Column not found: 1054 Unknown column 'valor_fatura' in 'field list'","trace":"#0 C:\\wamp64\\www\\compras\\src\\models\\Telefone.php(123): PDO->query('SELECT SUM(valo...')\n#1 C:\\wamp64\\www\\compras\\src\\controllers\\BaseController.php(42): Telefone->getTotalPendente()\n#2 C:\\wamp64\\www\\compras\\public\\telefone.php(44): BaseController->index()\n#3 {main}"}
Stack Trace:
Array
(
    [0] => Array
        (
            [file] => C:\wamp64\www\compras\src\models\Telefone.php
            [line] => 127
            [function] => error
            [class] => Logger
            [type] => ->
        )

    [1] => Array
        (
            [file] => C:\wamp64\www\compras\src\controllers\BaseController.php
            [line] => 42
            [function] => getTotalPendente
            [class] => Telefone
            [type] => ->
        )

)

[29-10-2025 18:25:53] [ERROR] [IP: ::1] [User: 2] Erro ao calcular média de consumo {"error":"SQLSTATE[42S22]: Column not found: 1054 Unknown column 'minutos_utilizados' in 'field list'","trace":"#0 C:\\wamp64\\www\\compras\\src\\models\\Telefone.php(102): PDO->query('SELECT \\r\\n      ...')\n#1 C:\\wamp64\\www\\compras\\src\\controllers\\BaseController.php(47): Telefone->getMediaConsumo()\n#2 C:\\wamp64\\www\\compras\\public\\telefone.php(44): BaseController->index()\n#3 {main}"}
Stack Trace:
Array
(
    [0] => Array
        (
            [file] => C:\wamp64\www\compras\src\models\Telefone.php
            [line] => 109
            [function] => error
            [class] => Logger
            [type] => ->
        )

    [1] => Array
        (
            [file] => C:\wamp64\www\compras\src\controllers\BaseController.php
            [line] => 47
            [function] => getMediaConsumo
            [class] => Telefone
            [type] => ->
        )

)

[29-10-2025 18:25:53] [ERROR] [IP: ::1] [User: 2] Erro ao buscar consumo mensal {"error":"SQLSTATE[42S22]: Column not found: 1054 Unknown column 'data_vencimento' in 'field list'","trace":"#0 C:\\wamp64\\www\\compras\\src\\models\\Telefone.php(83): PDO->query('SELECT\\r\\n       ...')\n#1 C:\\wamp64\\www\\compras\\src\\controllers\\BaseController.php(83): Telefone->getConsumoMensal()\n#2 C:\\wamp64\\www\\compras\\public\\telefone.php(44): BaseController->index()\n#3 {main}"}
Stack Trace:
Array
(
    [0] => Array
        (
            [file] => C:\wamp64\www\compras\src\models\Telefone.php
            [line] => 86
            [function] => error
            [class] => Logger
            [type] => ->
        )

    [1] => Array
        (
            [file] => C:\wamp64\www\compras\src\controllers\BaseController.php
            [line] => 83
            [function] => getConsumoMensal
            [class] => Telefone
            [type] => ->
        )

)

[30-10-2025 18:56:29] [ERROR] [IP: ::1] [User: 2] Erro ao buscar registros com filtros {"error":"SQLSTATE[42S22]: Column not found: 1054 Unknown column 'id_semparar' in 'order clause'","trace":"#0 C:\\wamp64\\www\\compras\\src\\models\\Semparar.php(54): PDO->prepare('SELECT * FROM s...')\n#1 C:\\wamp64\\www\\compras\\src\\controllers\\BaseController.php(39): Semparar->buscarComFiltros(Array)\n#2 C:\\wamp64\\www\\compras\\public\\semparar.php(42): BaseController->index()\n#3 {main}"}
Stack Trace:
Array
(
    [0] => Array
        (
            [file] => C:\wamp64\www\compras\src\models\Semparar.php
            [line] => 61
            [function] => error
            [class] => Logger
            [type] => ->
        )

    [1] => Array
        (
            [file] => C:\wamp64\www\compras\src\controllers\BaseController.php
            [line] => 39
            [function] => buscarComFiltros
            [class] => Semparar
            [type] => ->
        )

)

[30-10-2025 18:56:29] [ERROR] [IP: ::1] [User: 2] Erro ao calcular total pendente {"error":"SQLSTATE[42S22]: Column not found: 1054 Unknown column 'valor_fatura' in 'field list'","trace":"#0 C:\\wamp64\\www\\compras\\src\\models\\Semparar.php(120): PDO->query('SELECT SUM(valo...')\n#1 C:\\wamp64\\www\\compras\\src\\controllers\\BaseController.php(42): Semparar->getTotalPendente()\n#2 C:\\wamp64\\www\\compras\\public\\semparar.php(42): BaseController->index()\n#3 {main}"}
Stack Trace:
Array
(
    [0] => Array
        (
            [file] => C:\wamp64\www\compras\src\models\Semparar.php
            [line] => 124
            [function] => error
            [class] => Logger
            [type] => ->
        )

    [1] => Array
        (
            [file] => C:\wamp64\www\compras\src\controllers\BaseController.php
            [line] => 42
            [function] => getTotalPendente
            [class] => Semparar
            [type] => ->
        )

)

[30-10-2025 18:56:29] [ERROR] [IP: ::1] [User: 2] Erro ao calcular média mensal {"error":"SQLSTATE[42S22]: Column not found: 1054 Unknown column 'valor_fatura' in 'field list'","trace":"#0 C:\\wamp64\\www\\compras\\src\\models\\Semparar.php(99): PDO->query('SELECT \\r\\n      ...')\n#1 C:\\wamp64\\www\\compras\\src\\controllers\\BaseController.php(67): Semparar->getMediaMensal()\n#2 C:\\wamp64\\www\\compras\\public\\semparar.php(42): BaseController->index()\n#3 {main}"}
Stack Trace:
Array
(
    [0] => Array
        (
            [file] => C:\wamp64\www\compras\src\models\Semparar.php
            [line] => 106
            [function] => error
            [class] => Logger
            [type] => ->
        )

    [1] => Array
        (
            [file] => C:\wamp64\www\compras\src\controllers\BaseController.php
            [line] => 67
            [function] => getMediaMensal
            [class] => Semparar
            [type] => ->
        )

)

[30-10-2025 18:56:29] [ERROR] [IP: ::1] [User: 2] Erro ao buscar consumo mensal {"error":"SQLSTATE[42S22]: Column not found: 1054 Unknown column 'valor_fatura' in 'field list'","trace":"#0 C:\\wamp64\\www\\compras\\src\\models\\Semparar.php(80): PDO->query('SELECT\\r\\n       ...')\n#1 C:\\wamp64\\www\\compras\\src\\controllers\\BaseController.php(83): Semparar->getConsumoMensal()\n#2 C:\\wamp64\\www\\compras\\public\\semparar.php(42): BaseController->index()\n#3 {main}"}
Stack Trace:
Array
(
    [0] => Array
        (
            [file] => C:\wamp64\www\compras\src\models\Semparar.php
            [line] => 83
            [function] => error
            [class] => Logger
            [type] => ->
        )

    [1] => Array
        (
            [file] => C:\wamp64\www\compras\src\controllers\BaseController.php
            [line] => 83
            [function] => getConsumoMensal
            [class] => Semparar
            [type] => ->
        )

)

[30-10-2025 18:56:29] [ERROR] [IP: ::1] [User: 2] Erro ao calcular total anual {"error":"SQLSTATE[42S22]: Column not found: 1054 Unknown column 'valor_fatura' in 'field list'","trace":"#0 C:\\wamp64\\www\\compras\\src\\models\\Semparar.php(177): PDO->query('SELECT SUM(valo...')\n#1 C:\\wamp64\\www\\compras\\src\\controllers\\BaseController.php(92): Semparar->getTotalAnual()\n#2 C:\\wamp64\\www\\compras\\public\\semparar.php(42): BaseController->index()\n#3 {main}"}
Stack Trace:
Array
(
    [0] => Array
        (
            [file] => C:\wamp64\www\compras\src\models\Semparar.php
            [line] => 181
            [function] => error
            [class] => Logger
            [type] => ->
        )

    [1] => Array
        (
            [file] => C:\wamp64\www\compras\src\controllers\BaseController.php
            [line] => 92
            [function] => getTotalAnual
            [class] => Semparar
            [type] => ->
        )

)

[30-10-2025 18:56:46] [ERROR] [IP: ::1] [User: 2] Erro ao buscar registros com filtros {"error":"SQLSTATE[42S22]: Column not found: 1054 Unknown column 'id_telefone' in 'order clause'","trace":"#0 C:\\wamp64\\www\\compras\\src\\models\\Telefone.php(56): PDO->prepare('SELECT * FROM t...')\n#1 C:\\wamp64\\www\\compras\\src\\controllers\\BaseController.php(39): Telefone->buscarComFiltros(Array)\n#2 C:\\wamp64\\www\\compras\\public\\telefone.php(44): BaseController->index()\n#3 {main}"}
Stack Trace:
Array
(
    [0] => Array
        (
            [file] => C:\wamp64\www\compras\src\models\Telefone.php
            [line] => 63
            [function] => error
            [class] => Logger
            [type] => ->
        )

    [1] => Array
        (
            [file] => C:\wamp64\www\compras\src\controllers\BaseController.php
            [line] => 39
            [function] => buscarComFiltros
            [class] => Telefone
            [type] => ->
        )

)

[30-10-2025 18:56:46] [ERROR] [IP: ::1] [User: 2] Erro ao calcular total pendente {"error":"SQLSTATE[42S22]: Column not found: 1054 Unknown column 'valor_fatura' in 'field list'","trace":"#0 C:\\wamp64\\www\\compras\\src\\models\\Telefone.php(123): PDO->query('SELECT SUM(valo...')\n#1 C:\\wamp64\\www\\compras\\src\\controllers\\BaseController.php(42): Telefone->getTotalPendente()\n#2 C:\\wamp64\\www\\compras\\public\\telefone.php(44): BaseController->index()\n#3 {main}"}
Stack Trace:
Array
(
    [0] => Array
        (
            [file] => C:\wamp64\www\compras\src\models\Telefone.php
            [line] => 127
            [function] => error
            [class] => Logger
            [type] => ->
        )

    [1] => Array
        (
            [file] => C:\wamp64\www\compras\src\controllers\BaseController.php
            [line] => 42
            [function] => getTotalPendente
            [class] => Telefone
            [type] => ->
        )

)

[30-10-2025 18:56:46] [ERROR] [IP: ::1] [User: 2] Erro ao calcular média de consumo {"error":"SQLSTATE[42S22]: Column not found: 1054 Unknown column 'minutos_utilizados' in 'field list'","trace":"#0 C:\\wamp64\\www\\compras\\src\\models\\Telefone.php(102): PDO->query('SELECT \\r\\n      ...')\n#1 C:\\wamp64\\www\\compras\\src\\controllers\\BaseController.php(47): Telefone->getMediaConsumo()\n#2 C:\\wamp64\\www\\compras\\public\\telefone.php(44): BaseController->index()\n#3 {main}"}
Stack Trace:
Array
(
    [0] => Array
        (
            [file] => C:\wamp64\www\compras\src\models\Telefone.php
            [line] => 109
            [function] => error
            [class] => Logger
            [type] => ->
        )

    [1] => Array
        (
            [file] => C:\wamp64\www\compras\src\controllers\BaseController.php
            [line] => 47
            [function] => getMediaConsumo
            [class] => Telefone
            [type] => ->
        )

)

[30-10-2025 18:56:46] [ERROR] [IP: ::1] [User: 2] Erro ao buscar consumo mensal {"error":"SQLSTATE[42S22]: Column not found: 1054 Unknown column 'data_vencimento' in 'field list'","trace":"#0 C:\\wamp64\\www\\compras\\src\\models\\Telefone.php(83): PDO->query('SELECT\\r\\n       ...')\n#1 C:\\wamp64\\www\\compras\\src\\controllers\\BaseController.php(83): Telefone->getConsumoMensal()\n#2 C:\\wamp64\\www\\compras\\public\\telefone.php(44): BaseController->index()\n#3 {main}"}
Stack Trace:
Array
(
    [0] => Array
        (
            [file] => C:\wamp64\www\compras\src\models\Telefone.php
            [line] => 86
            [function] => error
            [class] => Logger
            [type] => ->
        )

    [1] => Array
        (
            [file] => C:\wamp64\www\compras\src\controllers\BaseController.php
            [line] => 83
            [function] => getConsumoMensal
            [class] => Telefone
            [type] => ->
        )

)

[30-10-2025 18:58:01] [ERROR] [IP: ::1] [User: 2] Erro ao buscar registros com filtros {"error":"SQLSTATE[42S22]: Column not found: 1054 Unknown column 'id_semparar' in 'order clause'","trace":"#0 C:\\wamp64\\www\\compras\\src\\models\\Semparar.php(54): PDO->prepare('SELECT * FROM s...')\n#1 C:\\wamp64\\www\\compras\\src\\controllers\\BaseController.php(39): Semparar->buscarComFiltros(Array)\n#2 C:\\wamp64\\www\\compras\\public\\semparar.php(42): BaseController->index()\n#3 {main}"}
Stack Trace:
Array
(
    [0] => Array
        (
            [file] => C:\wamp64\www\compras\src\models\Semparar.php
            [line] => 61
            [function] => error
            [class] => Logger
            [type] => ->
        )

    [1] => Array
        (
            [file] => C:\wamp64\www\compras\src\controllers\BaseController.php
            [line] => 39
            [function] => buscarComFiltros
            [class] => Semparar
            [type] => ->
        )

)

[30-10-2025 18:58:01] [ERROR] [IP: ::1] [User: 2] Erro ao calcular total pendente {"error":"SQLSTATE[42S22]: Column not found: 1054 Unknown column 'valor_fatura' in 'field list'","trace":"#0 C:\\wamp64\\www\\compras\\src\\models\\Semparar.php(120): PDO->query('SELECT SUM(valo...')\n#1 C:\\wamp64\\www\\compras\\src\\controllers\\BaseController.php(42): Semparar->getTotalPendente()\n#2 C:\\wamp64\\www\\compras\\public\\semparar.php(42): BaseController->index()\n#3 {main}"}
Stack Trace:
Array
(
    [0] => Array
        (
            [file] => C:\wamp64\www\compras\src\models\Semparar.php
            [line] => 124
            [function] => error
            [class] => Logger
            [type] => ->
        )

    [1] => Array
        (
            [file] => C:\wamp64\www\compras\src\controllers\BaseController.php
            [line] => 42
            [function] => getTotalPendente
            [class] => Semparar
            [type] => ->
        )

)

[30-10-2025 18:58:01] [ERROR] [IP: ::1] [User: 2] Erro ao calcular média mensal {"error":"SQLSTATE[42S22]: Column not found: 1054 Unknown column 'valor_fatura' in 'field list'","trace":"#0 C:\\wamp64\\www\\compras\\src\\models\\Semparar.php(99): PDO->query('SELECT \\r\\n      ...')\n#1 C:\\wamp64\\www\\compras\\src\\controllers\\BaseController.php(67): Semparar->getMediaMensal()\n#2 C:\\wamp64\\www\\compras\\public\\semparar.php(42): BaseController->index()\n#3 {main}"}
Stack Trace:
Array
(
    [0] => Array
        (
            [file] => C:\wamp64\www\compras\src\models\Semparar.php
            [line] => 106
            [function] => error
            [class] => Logger
            [type] => ->
        )

    [1] => Array
        (
            [file] => C:\wamp64\www\compras\src\controllers\BaseController.php
            [line] => 67
            [function] => getMediaMensal
            [class] => Semparar
            [type] => ->
        )

)

[30-10-2025 18:58:01] [ERROR] [IP: ::1] [User: 2] Erro ao buscar consumo mensal {"error":"SQLSTATE[42S22]: Column not found: 1054 Unknown column 'valor_fatura' in 'field list'","trace":"#0 C:\\wamp64\\www\\compras\\src\\models\\Semparar.php(80): PDO->query('SELECT\\r\\n       ...')\n#1 C:\\wamp64\\www\\compras\\src\\controllers\\BaseController.php(83): Semparar->getConsumoMensal()\n#2 C:\\wamp64\\www\\compras\\public\\semparar.php(42): BaseController->index()\n#3 {main}"}
Stack Trace:
Array
(
    [0] => Array
        (
            [file] => C:\wamp64\www\compras\src\models\Semparar.php
            [line] => 83
            [function] => error
            [class] => Logger
            [type] => ->
        )

    [1] => Array
        (
            [file] => C:\wamp64\www\compras\src\controllers\BaseController.php
            [line] => 83
            [function] => getConsumoMensal
            [class] => Semparar
            [type] => ->
        )

)

[30-10-2025 18:58:01] [ERROR] [IP: ::1] [User: 2] Erro ao calcular total anual {"error":"SQLSTATE[42S22]: Column not found: 1054 Unknown column 'valor_fatura' in 'field list'","trace":"#0 C:\\wamp64\\www\\compras\\src\\models\\Semparar.php(177): PDO->query('SELECT SUM(valo...')\n#1 C:\\wamp64\\www\\compras\\src\\controllers\\BaseController.php(92): Semparar->getTotalAnual()\n#2 C:\\wamp64\\www\\compras\\public\\semparar.php(42): BaseController->index()\n#3 {main}"}
Stack Trace:
Array
(
    [0] => Array
        (
            [file] => C:\wamp64\www\compras\src\models\Semparar.php
            [line] => 181
            [function] => error
            [class] => Logger
            [type] => ->
        )

    [1] => Array
        (
            [file] => C:\wamp64\www\compras\src\controllers\BaseController.php
            [line] => 92
            [function] => getTotalAnual
            [class] => Semparar
            [type] => ->
        )

)

[30-10-2025 18:58:03] [ERROR] [IP: ::1] [User: 2] Erro ao buscar registros com filtros {"error":"SQLSTATE[42S22]: Column not found: 1054 Unknown column 'id_telefone' in 'order clause'","trace":"#0 C:\\wamp64\\www\\compras\\src\\models\\Telefone.php(56): PDO->prepare('SELECT * FROM t...')\n#1 C:\\wamp64\\www\\compras\\src\\controllers\\BaseController.php(39): Telefone->buscarComFiltros(Array)\n#2 C:\\wamp64\\www\\compras\\public\\telefone.php(44): BaseController->index()\n#3 {main}"}
Stack Trace:
Array
(
    [0] => Array
        (
            [file] => C:\wamp64\www\compras\src\models\Telefone.php
            [line] => 63
            [function] => error
            [class] => Logger
            [type] => ->
        )

    [1] => Array
        (
            [file] => C:\wamp64\www\compras\src\controllers\BaseController.php
            [line] => 39
            [function] => buscarComFiltros
            [class] => Telefone
            [type] => ->
        )

)

[30-10-2025 18:58:03] [ERROR] [IP: ::1] [User: 2] Erro ao calcular total pendente {"error":"SQLSTATE[42S22]: Column not found: 1054 Unknown column 'valor_fatura' in 'field list'","trace":"#0 C:\\wamp64\\www\\compras\\src\\models\\Telefone.php(123): PDO->query('SELECT SUM(valo...')\n#1 C:\\wamp64\\www\\compras\\src\\controllers\\BaseController.php(42): Telefone->getTotalPendente()\n#2 C:\\wamp64\\www\\compras\\public\\telefone.php(44): BaseController->index()\n#3 {main}"}
Stack Trace:
Array
(
    [0] => Array
        (
            [file] => C:\wamp64\www\compras\src\models\Telefone.php
            [line] => 127
            [function] => error
            [class] => Logger
            [type] => ->
        )

    [1] => Array
        (
            [file] => C:\wamp64\www\compras\src\controllers\BaseController.php
            [line] => 42
            [function] => getTotalPendente
            [class] => Telefone
            [type] => ->
        )

)

[30-10-2025 18:58:03] [ERROR] [IP: ::1] [User: 2] Erro ao calcular média de consumo {"error":"SQLSTATE[42S22]: Column not found: 1054 Unknown column 'minutos_utilizados' in 'field list'","trace":"#0 C:\\wamp64\\www\\compras\\src\\models\\Telefone.php(102): PDO->query('SELECT \\r\\n      ...')\n#1 C:\\wamp64\\www\\compras\\src\\controllers\\BaseController.php(47): Telefone->getMediaConsumo()\n#2 C:\\wamp64\\www\\compras\\public\\telefone.php(44): BaseController->index()\n#3 {main}"}
Stack Trace:
Array
(
    [0] => Array
        (
            [file] => C:\wamp64\www\compras\src\models\Telefone.php
            [line] => 109
            [function] => error
            [class] => Logger
            [type] => ->
        )

    [1] => Array
        (
            [file] => C:\wamp64\www\compras\src\controllers\BaseController.php
            [line] => 47
            [function] => getMediaConsumo
            [class] => Telefone
            [type] => ->
        )

)

[30-10-2025 18:58:03] [ERROR] [IP: ::1] [User: 2] Erro ao buscar consumo mensal {"error":"SQLSTATE[42S22]: Column not found: 1054 Unknown column 'data_vencimento' in 'field list'","trace":"#0 C:\\wamp64\\www\\compras\\src\\models\\Telefone.php(83): PDO->query('SELECT\\r\\n       ...')\n#1 C:\\wamp64\\www\\compras\\src\\controllers\\BaseController.php(83): Telefone->getConsumoMensal()\n#2 C:\\wamp64\\www\\compras\\public\\telefone.php(44): BaseController->index()\n#3 {main}"}
Stack Trace:
Array
(
    [0] => Array
        (
            [file] => C:\wamp64\www\compras\src\models\Telefone.php
            [line] => 86
            [function] => error
            [class] => Logger
            [type] => ->
        )

    [1] => Array
        (
            [file] => C:\wamp64\www\compras\src\controllers\BaseController.php
            [line] => 83
            [function] => getConsumoMensal
            [class] => Telefone
            [type] => ->
        )

)

[31-10-2025 12:34:15] [ERROR] [IP: ::1] [User: 2] Erro ao buscar registros com filtros {"error":"SQLSTATE[42S22]: Column not found: 1054 Unknown column 'id_semparar' in 'order clause'","trace":"#0 C:\\wamp64\\www\\compras\\src\\models\\Semparar.php(54): PDO->prepare('SELECT * FROM s...')\n#1 C:\\wamp64\\www\\compras\\src\\controllers\\BaseController.php(39): Semparar->buscarComFiltros(Array)\n#2 C:\\wamp64\\www\\compras\\public\\semparar.php(42): BaseController->index()\n#3 {main}"}
Stack Trace:
Array
(
    [0] => Array
        (
            [file] => C:\wamp64\www\compras\src\models\Semparar.php
            [line] => 61
            [function] => error
            [class] => Logger
            [type] => ->
        )

    [1] => Array
        (
            [file] => C:\wamp64\www\compras\src\controllers\BaseController.php
            [line] => 39
            [function] => buscarComFiltros
            [class] => Semparar
            [type] => ->
        )

)

[31-10-2025 12:34:15] [ERROR] [IP: ::1] [User: 2] Erro ao calcular total pendente {"error":"SQLSTATE[42S22]: Column not found: 1054 Unknown column 'valor_fatura' in 'field list'","trace":"#0 C:\\wamp64\\www\\compras\\src\\models\\Semparar.php(120): PDO->query('SELECT SUM(valo...')\n#1 C:\\wamp64\\www\\compras\\src\\controllers\\BaseController.php(42): Semparar->getTotalPendente()\n#2 C:\\wamp64\\www\\compras\\public\\semparar.php(42): BaseController->index()\n#3 {main}"}
Stack Trace:
Array
(
    [0] => Array
        (
            [file] => C:\wamp64\www\compras\src\models\Semparar.php
            [line] => 124
            [function] => error
            [class] => Logger
            [type] => ->
        )

    [1] => Array
        (
            [file] => C:\wamp64\www\compras\src\controllers\BaseController.php
            [line] => 42
            [function] => getTotalPendente
            [class] => Semparar
            [type] => ->
        )

)

[31-10-2025 12:34:15] [ERROR] [IP: ::1] [User: 2] Erro ao calcular média mensal {"error":"SQLSTATE[42S22]: Column not found: 1054 Unknown column 'valor_fatura' in 'field list'","trace":"#0 C:\\wamp64\\www\\compras\\src\\models\\Semparar.php(99): PDO->query('SELECT \\r\\n      ...')\n#1 C:\\wamp64\\www\\compras\\src\\controllers\\BaseController.php(67): Semparar->getMediaMensal()\n#2 C:\\wamp64\\www\\compras\\public\\semparar.php(42): BaseController->index()\n#3 {main}"}
Stack Trace:
Array
(
    [0] => Array
        (
            [file] => C:\wamp64\www\compras\src\models\Semparar.php
            [line] => 106
            [function] => error
            [class] => Logger
            [type] => ->
        )

    [1] => Array
        (
            [file] => C:\wamp64\www\compras\src\controllers\BaseController.php
            [line] => 67
            [function] => getMediaMensal
            [class] => Semparar
            [type] => ->
        )

)

[31-10-2025 12:34:15] [ERROR] [IP: ::1] [User: 2] Erro ao buscar consumo mensal {"error":"SQLSTATE[42S22]: Column not found: 1054 Unknown column 'valor_fatura' in 'field list'","trace":"#0 C:\\wamp64\\www\\compras\\src\\models\\Semparar.php(80): PDO->query('SELECT\\r\\n       ...')\n#1 C:\\wamp64\\www\\compras\\src\\controllers\\BaseController.php(83): Semparar->getConsumoMensal()\n#2 C:\\wamp64\\www\\compras\\public\\semparar.php(42): BaseController->index()\n#3 {main}"}
Stack Trace:
Array
(
    [0] => Array
        (
            [file] => C:\wamp64\www\compras\src\models\Semparar.php
            [line] => 83
            [function] => error
            [class] => Logger
            [type] => ->
        )

    [1] => Array
        (
            [file] => C:\wamp64\www\compras\src\controllers\BaseController.php
            [line] => 83
            [function] => getConsumoMensal
            [class] => Semparar
            [type] => ->
        )

)

[31-10-2025 12:34:15] [ERROR] [IP: ::1] [User: 2] Erro ao calcular total anual {"error":"SQLSTATE[42S22]: Column not found: 1054 Unknown column 'valor_fatura' in 'field list'","trace":"#0 C:\\wamp64\\www\\compras\\src\\models\\Semparar.php(177): PDO->query('SELECT SUM(valo...')\n#1 C:\\wamp64\\www\\compras\\src\\controllers\\BaseController.php(92): Semparar->getTotalAnual()\n#2 C:\\wamp64\\www\\compras\\public\\semparar.php(42): BaseController->index()\n#3 {main}"}
Stack Trace:
Array
(
    [0] => Array
        (
            [file] => C:\wamp64\www\compras\src\models\Semparar.php
            [line] => 181
            [function] => error
            [class] => Logger
            [type] => ->
        )

    [1] => Array
        (
            [file] => C:\wamp64\www\compras\src\controllers\BaseController.php
            [line] => 92
            [function] => getTotalAnual
            [class] => Semparar
            [type] => ->
        )

)

[31-10-2025 12:34:19] [ERROR] [IP: ::1] [User: 2] Erro ao buscar registros com filtros {"error":"SQLSTATE[42S22]: Column not found: 1054 Unknown column 'id_telefone' in 'order clause'","trace":"#0 C:\\wamp64\\www\\compras\\src\\models\\Telefone.php(56): PDO->prepare('SELECT * FROM t...')\n#1 C:\\wamp64\\www\\compras\\src\\controllers\\BaseController.php(39): Telefone->buscarComFiltros(Array)\n#2 C:\\wamp64\\www\\compras\\public\\telefone.php(44): BaseController->index()\n#3 {main}"}
Stack Trace:
Array
(
    [0] => Array
        (
            [file] => C:\wamp64\www\compras\src\models\Telefone.php
            [line] => 63
            [function] => error
            [class] => Logger
            [type] => ->
        )

    [1] => Array
        (
            [file] => C:\wamp64\www\compras\src\controllers\BaseController.php
            [line] => 39
            [function] => buscarComFiltros
            [class] => Telefone
            [type] => ->
        )

)

[31-10-2025 12:34:19] [ERROR] [IP: ::1] [User: 2] Erro ao calcular total pendente {"error":"SQLSTATE[42S22]: Column not found: 1054 Unknown column 'valor_fatura' in 'field list'","trace":"#0 C:\\wamp64\\www\\compras\\src\\models\\Telefone.php(123): PDO->query('SELECT SUM(valo...')\n#1 C:\\wamp64\\www\\compras\\src\\controllers\\BaseController.php(42): Telefone->getTotalPendente()\n#2 C:\\wamp64\\www\\compras\\public\\telefone.php(44): BaseController->index()\n#3 {main}"}
Stack Trace:
Array
(
    [0] => Array
        (
            [file] => C:\wamp64\www\compras\src\models\Telefone.php
            [line] => 127
            [function] => error
            [class] => Logger
            [type] => ->
        )

    [1] => Array
        (
            [file] => C:\wamp64\www\compras\src\controllers\BaseController.php
            [line] => 42
            [function] => getTotalPendente
            [class] => Telefone
            [type] => ->
        )

)

[31-10-2025 12:34:19] [ERROR] [IP: ::1] [User: 2] Erro ao calcular média de consumo {"error":"SQLSTATE[42S22]: Column not found: 1054 Unknown column 'minutos_utilizados' in 'field list'","trace":"#0 C:\\wamp64\\www\\compras\\src\\models\\Telefone.php(102): PDO->query('SELECT \\r\\n      ...')\n#1 C:\\wamp64\\www\\compras\\src\\controllers\\BaseController.php(47): Telefone->getMediaConsumo()\n#2 C:\\wamp64\\www\\compras\\public\\telefone.php(44): BaseController->index()\n#3 {main}"}
Stack Trace:
Array
(
    [0] => Array
        (
            [file] => C:\wamp64\www\compras\src\models\Telefone.php
            [line] => 109
            [function] => error
            [class] => Logger
            [type] => ->
        )

    [1] => Array
        (
            [file] => C:\wamp64\www\compras\src\controllers\BaseController.php
            [line] => 47
            [function] => getMediaConsumo
            [class] => Telefone
            [type] => ->
        )

)

[31-10-2025 12:34:19] [ERROR] [IP: ::1] [User: 2] Erro ao buscar consumo mensal {"error":"SQLSTATE[42S22]: Column not found: 1054 Unknown column 'data_vencimento' in 'field list'","trace":"#0 C:\\wamp64\\www\\compras\\src\\models\\Telefone.php(83): PDO->query('SELECT\\r\\n       ...')\n#1 C:\\wamp64\\www\\compras\\src\\controllers\\BaseController.php(83): Telefone->getConsumoMensal()\n#2 C:\\wamp64\\www\\compras\\public\\telefone.php(44): BaseController->index()\n#3 {main}"}
Stack Trace:
Array
(
    [0] => Array
        (
            [file] => C:\wamp64\www\compras\src\models\Telefone.php
            [line] => 86
            [function] => error
            [class] => Logger
            [type] => ->
        )

    [1] => Array
        (
            [file] => C:\wamp64\www\compras\src\controllers\BaseController.php
            [line] => 83
            [function] => getConsumoMensal
            [class] => Telefone
            [type] => ->
        )

)

[06-11-2025 13:21:59] [ERROR] [IP: ::1] [User: 2] Erro ao buscar registros com filtros {"error":"SQLSTATE[42S22]: Column not found: 1054 Unknown column 'id_energia' in 'order clause'","trace":"#0 C:\\wamp64\\www\\compras\\src\\models\\Energia.php(65): PDO->prepare('SELECT * FROM e...')\n#1 C:\\wamp64\\www\\compras\\src\\controllers\\BaseController.php(39): Energia->buscarComFiltros(Array)\n#2 C:\\wamp64\\www\\compras\\src\\controllers\\EnergiaController.php(18): BaseController->index()\n#3 C:\\wamp64\\www\\compras\\public\\energia.php(44): EnergiaController->index()\n#4 {main}"}
Stack Trace:
Array
(
    [0] => Array
        (
            [file] => C:\wamp64\www\compras\src\models\Energia.php
            [line] => 72
            [function] => error
            [class] => Logger
            [type] => ->
        )

    [1] => Array
        (
            [file] => C:\wamp64\www\compras\src\controllers\BaseController.php
            [line] => 39
            [function] => buscarComFiltros
            [class] => Energia
            [type] => ->
        )

)

[06-11-2025 13:21:59] [ERROR] [IP: ::1] [User: 2] Erro ao calcular total pendente {"error":"SQLSTATE[42S22]: Column not found: 1054 Unknown column 'valor_fatura' in 'field list'","trace":"#0 C:\\wamp64\\www\\compras\\src\\models\\Energia.php(126): PDO->query('SELECT SUM(valo...')\n#1 C:\\wamp64\\www\\compras\\src\\controllers\\BaseController.php(42): Energia->getTotalPendente()\n#2 C:\\wamp64\\www\\compras\\src\\controllers\\EnergiaController.php(18): BaseController->index()\n#3 C:\\wamp64\\www\\compras\\public\\energia.php(44): EnergiaController->index()\n#4 {main}"}
Stack Trace:
Array
(
    [0] => Array
        (
            [file] => C:\wamp64\www\compras\src\models\Energia.php
            [line] => 130
            [function] => error
            [class] => Logger
            [type] => ->
        )

    [1] => Array
        (
            [file] => C:\wamp64\www\compras\src\controllers\BaseController.php
            [line] => 42
            [function] => getTotalPendente
            [class] => Energia
            [type] => ->
        )

)

[06-11-2025 13:21:59] [ERROR] [IP: ::1] [User: 2] Erro ao calcular média de consumo {"error":"SQLSTATE[42S22]: Column not found: 1054 Unknown column 'data_vencimento' in 'where clause'","trace":"#0 C:\\wamp64\\www\\compras\\src\\models\\Energia.php(108): PDO->query('SELECT AVG(cons...')\n#1 C:\\wamp64\\www\\compras\\src\\controllers\\BaseController.php(47): Energia->getMediaConsumo()\n#2 C:\\wamp64\\www\\compras\\src\\controllers\\EnergiaController.php(18): BaseController->index()\n#3 C:\\wamp64\\www\\compras\\public\\energia.php(44): EnergiaController->index()\n#4 {main}"}
Stack Trace:
Array
(
    [0] => Array
        (
            [file] => C:\wamp64\www\compras\src\models\Energia.php
            [line] => 112
            [function] => error
            [class] => Logger
            [type] => ->
        )

    [1] => Array
        (
            [file] => C:\wamp64\www\compras\src\controllers\BaseController.php
            [line] => 47
            [function] => getMediaConsumo
            [class] => Energia
            [type] => ->
        )

)

[06-11-2025 13:21:59] [ERROR] [IP: ::1] [User: 2] Erro ao buscar consumo mensal {"error":"SQLSTATE[42S22]: Column not found: 1054 Unknown column 'data_vencimento' in 'field list'","trace":"#0 C:\\wamp64\\www\\compras\\src\\models\\Energia.php(91): PDO->query('SELECT\\r\\n       ...')\n#1 C:\\wamp64\\www\\compras\\src\\controllers\\BaseController.php(83): Energia->getConsumoMensal()\n#2 C:\\wamp64\\www\\compras\\src\\controllers\\EnergiaController.php(18): BaseController->index()\n#3 C:\\wamp64\\www\\compras\\public\\energia.php(44): EnergiaController->index()\n#4 {main}"}
Stack Trace:
Array
(
    [0] => Array
        (
            [file] => C:\wamp64\www\compras\src\models\Energia.php
            [line] => 94
            [function] => error
            [class] => Logger
            [type] => ->
        )

    [1] => Array
        (
            [file] => C:\wamp64\www\compras\src\controllers\BaseController.php
            [line] => 83
            [function] => getConsumoMensal
            [class] => Energia
            [type] => ->
        )

)

[06-11-2025 13:21:59] [ERROR] [IP: ::1] [User: 2] Erro ao calcular a soma da coluna valor_final {"error":"Coluna inv\u00e1lida para soma: valor_final","trace":"#0 C:\\wamp64\\www\\compras\\src\\controllers\\EnergiaController.php(21): Model->sum('valor_final', Array)\n#1 C:\\wamp64\\www\\compras\\public\\energia.php(44): EnergiaController->index()\n#2 {main}"}
Stack Trace:
Array
(
    [0] => Array
        (
            [file] => C:\wamp64\www\compras\src\includes\Model.php
            [line] => 153
            [function] => error
            [class] => Logger
            [type] => ->
        )

    [1] => Array
        (
            [file] => C:\wamp64\www\compras\src\controllers\EnergiaController.php
            [line] => 21
            [function] => sum
            [class] => Model
            [type] => ->
        )

)

[06-11-2025 13:22:16] [ERROR] [IP: ::1] [User: 2] Erro ao buscar registros com filtros {"error":"SQLSTATE[42S22]: Column not found: 1054 Unknown column 'id_energia' in 'order clause'","trace":"#0 C:\\wamp64\\www\\compras\\src\\models\\Energia.php(65): PDO->prepare('SELECT * FROM e...')\n#1 C:\\wamp64\\www\\compras\\src\\controllers\\BaseController.php(39): Energia->buscarComFiltros(Array)\n#2 C:\\wamp64\\www\\compras\\src\\controllers\\EnergiaController.php(18): BaseController->index()\n#3 C:\\wamp64\\www\\compras\\public\\energia.php(44): EnergiaController->index()\n#4 {main}"}
Stack Trace:
Array
(
    [0] => Array
        (
            [file] => C:\wamp64\www\compras\src\models\Energia.php
            [line] => 72
            [function] => error
            [class] => Logger
            [type] => ->
        )

    [1] => Array
        (
            [file] => C:\wamp64\www\compras\src\controllers\BaseController.php
            [line] => 39
            [function] => buscarComFiltros
            [class] => Energia
            [type] => ->
        )

)

[06-11-2025 13:22:16] [ERROR] [IP: ::1] [User: 2] Erro ao calcular total pendente {"error":"SQLSTATE[42S22]: Column not found: 1054 Unknown column 'valor_fatura' in 'field list'","trace":"#0 C:\\wamp64\\www\\compras\\src\\models\\Energia.php(126): PDO->query('SELECT SUM(valo...')\n#1 C:\\wamp64\\www\\compras\\src\\controllers\\BaseController.php(42): Energia->getTotalPendente()\n#2 C:\\wamp64\\www\\compras\\src\\controllers\\EnergiaController.php(18): BaseController->index()\n#3 C:\\wamp64\\www\\compras\\public\\energia.php(44): EnergiaController->index()\n#4 {main}"}
Stack Trace:
Array
(
    [0] => Array
        (
            [file] => C:\wamp64\www\compras\src\models\Energia.php
            [line] => 130
            [function] => error
            [class] => Logger
            [type] => ->
        )

    [1] => Array
        (
            [file] => C:\wamp64\www\compras\src\controllers\BaseController.php
            [line] => 42
            [function] => getTotalPendente
            [class] => Energia
            [type] => ->
        )

)

[06-11-2025 13:22:16] [ERROR] [IP: ::1] [User: 2] Erro ao calcular média de consumo {"error":"SQLSTATE[42S22]: Column not found: 1054 Unknown column 'data_vencimento' in 'where clause'","trace":"#0 C:\\wamp64\\www\\compras\\src\\models\\Energia.php(108): PDO->query('SELECT AVG(cons...')\n#1 C:\\wamp64\\www\\compras\\src\\controllers\\BaseController.php(47): Energia->getMediaConsumo()\n#2 C:\\wamp64\\www\\compras\\src\\controllers\\EnergiaController.php(18): BaseController->index()\n#3 C:\\wamp64\\www\\compras\\public\\energia.php(44): EnergiaController->index()\n#4 {main}"}
Stack Trace:
Array
(
    [0] => Array
        (
            [file] => C:\wamp64\www\compras\src\models\Energia.php
            [line] => 112
            [function] => error
            [class] => Logger
            [type] => ->
        )

    [1] => Array
        (
            [file] => C:\wamp64\www\compras\src\controllers\BaseController.php
            [line] => 47
            [function] => getMediaConsumo
            [class] => Energia
            [type] => ->
        )

)

[06-11-2025 13:22:16] [ERROR] [IP: ::1] [User: 2] Erro ao buscar consumo mensal {"error":"SQLSTATE[42S22]: Column not found: 1054 Unknown column 'data_vencimento' in 'field list'","trace":"#0 C:\\wamp64\\www\\compras\\src\\models\\Energia.php(91): PDO->query('SELECT\\r\\n       ...')\n#1 C:\\wamp64\\www\\compras\\src\\controllers\\BaseController.php(83): Energia->getConsumoMensal()\n#2 C:\\wamp64\\www\\compras\\src\\controllers\\EnergiaController.php(18): BaseController->index()\n#3 C:\\wamp64\\www\\compras\\public\\energia.php(44): EnergiaController->index()\n#4 {main}"}
Stack Trace:
Array
(
    [0] => Array
        (
            [file] => C:\wamp64\www\compras\src\models\Energia.php
            [line] => 94
            [function] => error
            [class] => Logger
            [type] => ->
        )

    [1] => Array
        (
            [file] => C:\wamp64\www\compras\src\controllers\BaseController.php
            [line] => 83
            [function] => getConsumoMensal
            [class] => Energia
            [type] => ->
        )

)

[06-11-2025 13:22:16] [ERROR] [IP: ::1] [User: 2] Erro ao calcular a soma da coluna valor_final {"error":"Coluna inv\u00e1lida para soma: valor_final","trace":"#0 C:\\wamp64\\www\\compras\\src\\controllers\\EnergiaController.php(21): Model->sum('valor_final', Array)\n#1 C:\\wamp64\\www\\compras\\public\\energia.php(44): EnergiaController->index()\n#2 {main}"}
Stack Trace:
Array
(
    [0] => Array
        (
            [file] => C:\wamp64\www\compras\src\includes\Model.php
            [line] => 153
            [function] => error
            [class] => Logger
            [type] => ->
        )

    [1] => Array
        (
            [file] => C:\wamp64\www\compras\src\controllers\EnergiaController.php
            [line] => 21
            [function] => sum
            [class] => Model
            [type] => ->
        )

)

[06-11-2025 14:06:38] [ERROR] [IP: ::1] [User: 2] Erro ao buscar registros com filtros {"error":"SQLSTATE[42S22]: Column not found: 1054 Unknown column 'id_agua' in 'order clause'","trace":"#0 C:\\wamp64\\www\\compras\\src\\models\\Agua.php(56): PDO->prepare('SELECT * FROM a...')\n#1 C:\\wamp64\\www\\compras\\src\\controllers\\BaseController.php(39): Agua->buscarComFiltros(Array)\n#2 C:\\wamp64\\www\\compras\\src\\controllers\\AguaController.php(14): BaseController->index()\n#3 C:\\wamp64\\www\\compras\\public\\agua.php(44): AguaController->index()\n#4 {main}"}
Stack Trace:
Array
(
    [0] => Array
        (
            [file] => C:\wamp64\www\compras\src\models\Agua.php
            [line] => 63
            [function] => error
            [class] => Logger
            [type] => ->
        )

    [1] => Array
        (
            [file] => C:\wamp64\www\compras\src\controllers\BaseController.php
            [line] => 39
            [function] => buscarComFiltros
            [class] => Agua
            [type] => ->
        )

)

[06-11-2025 14:06:38] [ERROR] [IP: ::1] [User: 2] Erro ao calcular total pendente {"error":"SQLSTATE[42S22]: Column not found: 1054 Unknown column 'valor_fatura' in 'field list'","trace":"#0 C:\\wamp64\\www\\compras\\src\\models\\Agua.php(117): PDO->query('SELECT SUM(valo...')\n#1 C:\\wamp64\\www\\compras\\src\\controllers\\BaseController.php(42): Agua->getTotalPendente()\n#2 C:\\wamp64\\www\\compras\\src\\controllers\\AguaController.php(14): BaseController->index()\n#3 C:\\wamp64\\www\\compras\\public\\agua.php(44): AguaController->index()\n#4 {main}"}
Stack Trace:
Array
(
    [0] => Array
        (
            [file] => C:\wamp64\www\compras\src\models\Agua.php
            [line] => 121
            [function] => error
            [class] => Logger
            [type] => ->
        )

    [1] => Array
        (
            [file] => C:\wamp64\www\compras\src\controllers\BaseController.php
            [line] => 42
            [function] => getTotalPendente
            [class] => Agua
            [type] => ->
        )

)

[06-11-2025 14:06:38] [ERROR] [IP: ::1] [User: 2] Erro ao buscar consumo mensal {"error":"SQLSTATE[42S22]: Column not found: 1054 Unknown column 'valor_fatura' in 'field list'","trace":"#0 C:\\wamp64\\www\\compras\\src\\models\\Agua.php(82): PDO->query('SELECT\\r\\n       ...')\n#1 C:\\wamp64\\www\\compras\\src\\controllers\\BaseController.php(83): Agua->getConsumoMensal()\n#2 C:\\wamp64\\www\\compras\\src\\controllers\\AguaController.php(14): BaseController->index()\n#3 C:\\wamp64\\www\\compras\\public\\agua.php(44): AguaController->index()\n#4 {main}"}
Stack Trace:
Array
(
    [0] => Array
        (
            [file] => C:\wamp64\www\compras\src\models\Agua.php
            [line] => 85
            [function] => error
            [class] => Logger
            [type] => ->
        )

    [1] => Array
        (
            [file] => C:\wamp64\www\compras\src\controllers\BaseController.php
            [line] => 83
            [function] => getConsumoMensal
            [class] => Agua
            [type] => ->
        )

)

[06-11-2025 14:06:38] [ERROR] [IP: ::1] [User: 2] Erro ao calcular a soma da coluna valor_fatura {"error":"SQLSTATE[42S22]: Column not found: 1054 Unknown column 'valor_fatura' in 'field list'","trace":"#0 C:\\wamp64\\www\\compras\\src\\includes\\Model.php(148): PDO->prepare('SELECT SUM(valo...')\n#1 C:\\wamp64\\www\\compras\\src\\controllers\\AguaController.php(17): Model->sum('valor_fatura', Array)\n#2 C:\\wamp64\\www\\compras\\public\\agua.php(44): AguaController->index()\n#3 {main}"}
Stack Trace:
Array
(
    [0] => Array
        (
            [file] => C:\wamp64\www\compras\src\includes\Model.php
            [line] => 153
            [function] => error
            [class] => Logger
            [type] => ->
        )

    [1] => Array
        (
            [file] => C:\wamp64\www\compras\src\controllers\AguaController.php
            [line] => 17
            [function] => sum
            [class] => Model
            [type] => ->
        )

)

[06-11-2025 14:06:42] [ERROR] [IP: ::1] [User: 2] Erro ao buscar registros com filtros {"error":"SQLSTATE[42S22]: Column not found: 1054 Unknown column 'id_energia' in 'order clause'","trace":"#0 C:\\wamp64\\www\\compras\\src\\models\\Energia.php(65): PDO->prepare('SELECT * FROM e...')\n#1 C:\\wamp64\\www\\compras\\src\\controllers\\BaseController.php(39): Energia->buscarComFiltros(Array)\n#2 C:\\wamp64\\www\\compras\\src\\controllers\\EnergiaController.php(18): BaseController->index()\n#3 C:\\wamp64\\www\\compras\\public\\energia.php(44): EnergiaController->index()\n#4 {main}"}
Stack Trace:
Array
(
    [0] => Array
        (
            [file] => C:\wamp64\www\compras\src\models\Energia.php
            [line] => 72
            [function] => error
            [class] => Logger
            [type] => ->
        )

    [1] => Array
        (
            [file] => C:\wamp64\www\compras\src\controllers\BaseController.php
            [line] => 39
            [function] => buscarComFiltros
            [class] => Energia
            [type] => ->
        )

)

[06-11-2025 14:06:42] [ERROR] [IP: ::1] [User: 2] Erro ao calcular total pendente {"error":"SQLSTATE[42S22]: Column not found: 1054 Unknown column 'valor_fatura' in 'field list'","trace":"#0 C:\\wamp64\\www\\compras\\src\\models\\Energia.php(126): PDO->query('SELECT SUM(valo...')\n#1 C:\\wamp64\\www\\compras\\src\\controllers\\BaseController.php(42): Energia->getTotalPendente()\n#2 C:\\wamp64\\www\\compras\\src\\controllers\\EnergiaController.php(18): BaseController->index()\n#3 C:\\wamp64\\www\\compras\\public\\energia.php(44): EnergiaController->index()\n#4 {main}"}
Stack Trace:
Array
(
    [0] => Array
        (
            [file] => C:\wamp64\www\compras\src\models\Energia.php
            [line] => 130
            [function] => error
            [class] => Logger
            [type] => ->
        )

    [1] => Array
        (
            [file] => C:\wamp64\www\compras\src\controllers\BaseController.php
            [line] => 42
            [function] => getTotalPendente
            [class] => Energia
            [type] => ->
        )

)

[06-11-2025 14:06:42] [ERROR] [IP: ::1] [User: 2] Erro ao calcular média de consumo {"error":"SQLSTATE[42S22]: Column not found: 1054 Unknown column 'data_vencimento' in 'where clause'","trace":"#0 C:\\wamp64\\www\\compras\\src\\models\\Energia.php(108): PDO->query('SELECT AVG(cons...')\n#1 C:\\wamp64\\www\\compras\\src\\controllers\\BaseController.php(47): Energia->getMediaConsumo()\n#2 C:\\wamp64\\www\\compras\\src\\controllers\\EnergiaController.php(18): BaseController->index()\n#3 C:\\wamp64\\www\\compras\\public\\energia.php(44): EnergiaController->index()\n#4 {main}"}
Stack Trace:
Array
(
    [0] => Array
        (
            [file] => C:\wamp64\www\compras\src\models\Energia.php
            [line] => 112
            [function] => error
            [class] => Logger
            [type] => ->
        )

    [1] => Array
        (
            [file] => C:\wamp64\www\compras\src\controllers\BaseController.php
            [line] => 47
            [function] => getMediaConsumo
            [class] => Energia
            [type] => ->
        )

)

[06-11-2025 14:06:42] [ERROR] [IP: ::1] [User: 2] Erro ao buscar consumo mensal {"error":"SQLSTATE[42S22]: Column not found: 1054 Unknown column 'data_vencimento' in 'field list'","trace":"#0 C:\\wamp64\\www\\compras\\src\\models\\Energia.php(91): PDO->query('SELECT\\r\\n       ...')\n#1 C:\\wamp64\\www\\compras\\src\\controllers\\BaseController.php(83): Energia->getConsumoMensal()\n#2 C:\\wamp64\\www\\compras\\src\\controllers\\EnergiaController.php(18): BaseController->index()\n#3 C:\\wamp64\\www\\compras\\public\\energia.php(44): EnergiaController->index()\n#4 {main}"}
Stack Trace:
Array
(
    [0] => Array
        (
            [file] => C:\wamp64\www\compras\src\models\Energia.php
            [line] => 94
            [function] => error
            [class] => Logger
            [type] => ->
        )

    [1] => Array
        (
            [file] => C:\wamp64\www\compras\src\controllers\BaseController.php
            [line] => 83
            [function] => getConsumoMensal
            [class] => Energia
            [type] => ->
        )

)

[06-11-2025 14:06:42] [ERROR] [IP: ::1] [User: 2] Erro ao calcular a soma da coluna valor_final {"error":"Coluna inv\u00e1lida para soma: valor_final","trace":"#0 C:\\wamp64\\www\\compras\\src\\controllers\\EnergiaController.php(21): Model->sum('valor_final', Array)\n#1 C:\\wamp64\\www\\compras\\public\\energia.php(44): EnergiaController->index()\n#2 {main}"}
Stack Trace:
Array
(
    [0] => Array
        (
            [file] => C:\wamp64\www\compras\src\includes\Model.php
            [line] => 153
            [function] => error
            [class] => Logger
            [type] => ->
        )

    [1] => Array
        (
            [file] => C:\wamp64\www\compras\src\controllers\EnergiaController.php
            [line] => 21
            [function] => sum
            [class] => Model
            [type] => ->
        )

)

[06-11-2025 14:17:25] [ERROR] [IP: ::1] [User: 2] Erro ao buscar registros com filtros {"error":"SQLSTATE[42S22]: Column not found: 1054 Unknown column 'id_agua' in 'order clause'","trace":"#0 C:\\wamp64\\www\\compras\\src\\models\\Agua.php(56): PDO->prepare('SELECT * FROM a...')\n#1 C:\\wamp64\\www\\compras\\src\\controllers\\BaseController.php(39): Agua->buscarComFiltros(Array)\n#2 C:\\wamp64\\www\\compras\\src\\controllers\\AguaController.php(14): BaseController->index()\n#3 C:\\wamp64\\www\\compras\\public\\agua.php(44): AguaController->index()\n#4 {main}"}
Stack Trace:
Array
(
    [0] => Array
        (
            [file] => C:\wamp64\www\compras\src\models\Agua.php
            [line] => 63
            [function] => error
            [class] => Logger
            [type] => ->
        )

    [1] => Array
        (
            [file] => C:\wamp64\www\compras\src\controllers\BaseController.php
            [line] => 39
            [function] => buscarComFiltros
            [class] => Agua
            [type] => ->
        )

)

[06-11-2025 14:17:25] [ERROR] [IP: ::1] [User: 2] Erro ao calcular total pendente {"error":"SQLSTATE[42S22]: Column not found: 1054 Unknown column 'valor_fatura' in 'field list'","trace":"#0 C:\\wamp64\\www\\compras\\src\\models\\Agua.php(117): PDO->query('SELECT SUM(valo...')\n#1 C:\\wamp64\\www\\compras\\src\\controllers\\BaseController.php(42): Agua->getTotalPendente()\n#2 C:\\wamp64\\www\\compras\\src\\controllers\\AguaController.php(14): BaseController->index()\n#3 C:\\wamp64\\www\\compras\\public\\agua.php(44): AguaController->index()\n#4 {main}"}
Stack Trace:
Array
(
    [0] => Array
        (
            [file] => C:\wamp64\www\compras\src\models\Agua.php
            [line] => 121
            [function] => error
            [class] => Logger
            [type] => ->
        )

    [1] => Array
        (
            [file] => C:\wamp64\www\compras\src\controllers\BaseController.php
            [line] => 42
            [function] => getTotalPendente
            [class] => Agua
            [type] => ->
        )

)

[06-11-2025 14:17:25] [ERROR] [IP: ::1] [User: 2] Erro ao buscar consumo mensal {"error":"SQLSTATE[42S22]: Column not found: 1054 Unknown column 'valor_fatura' in 'field list'","trace":"#0 C:\\wamp64\\www\\compras\\src\\models\\Agua.php(82): PDO->query('SELECT\\r\\n       ...')\n#1 C:\\wamp64\\www\\compras\\src\\controllers\\BaseController.php(83): Agua->getConsumoMensal()\n#2 C:\\wamp64\\www\\compras\\src\\controllers\\AguaController.php(14): BaseController->index()\n#3 C:\\wamp64\\www\\compras\\public\\agua.php(44): AguaController->index()\n#4 {main}"}
Stack Trace:
Array
(
    [0] => Array
        (
            [file] => C:\wamp64\www\compras\src\models\Agua.php
            [line] => 85
            [function] => error
            [class] => Logger
            [type] => ->
        )

    [1] => Array
        (
            [file] => C:\wamp64\www\compras\src\controllers\BaseController.php
            [line] => 83
            [function] => getConsumoMensal
            [class] => Agua
            [type] => ->
        )

)

[06-11-2025 14:17:25] [ERROR] [IP: ::1] [User: 2] Erro ao calcular a soma da coluna valor_fatura {"error":"SQLSTATE[42S22]: Column not found: 1054 Unknown column 'valor_fatura' in 'field list'","trace":"#0 C:\\wamp64\\www\\compras\\src\\includes\\Model.php(148): PDO->prepare('SELECT SUM(valo...')\n#1 C:\\wamp64\\www\\compras\\src\\controllers\\AguaController.php(17): Model->sum('valor_fatura', Array)\n#2 C:\\wamp64\\www\\compras\\public\\agua.php(44): AguaController->index()\n#3 {main}"}
Stack Trace:
Array
(
    [0] => Array
        (
            [file] => C:\wamp64\www\compras\src\includes\Model.php
            [line] => 153
            [function] => error
            [class] => Logger
            [type] => ->
        )

    [1] => Array
        (
            [file] => C:\wamp64\www\compras\src\controllers\AguaController.php
            [line] => 17
            [function] => sum
            [class] => Model
            [type] => ->
        )

)

[06-11-2025 14:17:40] [ERROR] [IP: ::1] [User: 2] Erro ao buscar registros com filtros {"error":"SQLSTATE[42S22]: Column not found: 1054 Unknown column 'id_agua' in 'order clause'","trace":"#0 C:\\wamp64\\www\\compras\\src\\models\\Agua.php(56): PDO->prepare('SELECT * FROM a...')\n#1 C:\\wamp64\\www\\compras\\src\\controllers\\BaseController.php(39): Agua->buscarComFiltros(Array)\n#2 C:\\wamp64\\www\\compras\\src\\controllers\\AguaController.php(14): BaseController->index()\n#3 C:\\wamp64\\www\\compras\\public\\agua.php(44): AguaController->index()\n#4 {main}"}
Stack Trace:
Array
(
    [0] => Array
        (
            [file] => C:\wamp64\www\compras\src\models\Agua.php
            [line] => 63
            [function] => error
            [class] => Logger
            [type] => ->
        )

    [1] => Array
        (
            [file] => C:\wamp64\www\compras\src\controllers\BaseController.php
            [line] => 39
            [function] => buscarComFiltros
            [class] => Agua
            [type] => ->
        )

)

[06-11-2025 14:17:40] [ERROR] [IP: ::1] [User: 2] Erro ao calcular total pendente {"error":"SQLSTATE[42S22]: Column not found: 1054 Unknown column 'valor_fatura' in 'field list'","trace":"#0 C:\\wamp64\\www\\compras\\src\\models\\Agua.php(117): PDO->query('SELECT SUM(valo...')\n#1 C:\\wamp64\\www\\compras\\src\\controllers\\BaseController.php(42): Agua->getTotalPendente()\n#2 C:\\wamp64\\www\\compras\\src\\controllers\\AguaController.php(14): BaseController->index()\n#3 C:\\wamp64\\www\\compras\\public\\agua.php(44): AguaController->index()\n#4 {main}"}
Stack Trace:
Array
(
    [0] => Array
        (
            [file] => C:\wamp64\www\compras\src\models\Agua.php
            [line] => 121
            [function] => error
            [class] => Logger
            [type] => ->
        )

    [1] => Array
        (
            [file] => C:\wamp64\www\compras\src\controllers\BaseController.php
            [line] => 42
            [function] => getTotalPendente
            [class] => Agua
            [type] => ->
        )

)

[06-11-2025 14:17:40] [ERROR] [IP: ::1] [User: 2] Erro ao buscar consumo mensal {"error":"SQLSTATE[42S22]: Column not found: 1054 Unknown column 'valor_fatura' in 'field list'","trace":"#0 C:\\wamp64\\www\\compras\\src\\models\\Agua.php(82): PDO->query('SELECT\\r\\n       ...')\n#1 C:\\wamp64\\www\\compras\\src\\controllers\\BaseController.php(83): Agua->getConsumoMensal()\n#2 C:\\wamp64\\www\\compras\\src\\controllers\\AguaController.php(14): BaseController->index()\n#3 C:\\wamp64\\www\\compras\\public\\agua.php(44): AguaController->index()\n#4 {main}"}
Stack Trace:
Array
(
    [0] => Array
        (
            [file] => C:\wamp64\www\compras\src\models\Agua.php
            [line] => 85
            [function] => error
            [class] => Logger
            [type] => ->
        )

    [1] => Array
        (
            [file] => C:\wamp64\www\compras\src\controllers\BaseController.php
            [line] => 83
            [function] => getConsumoMensal
            [class] => Agua
            [type] => ->
        )

)

[06-11-2025 14:17:40] [ERROR] [IP: ::1] [User: 2] Erro ao calcular a soma da coluna valor_fatura {"error":"SQLSTATE[42S22]: Column not found: 1054 Unknown column 'valor_fatura' in 'field list'","trace":"#0 C:\\wamp64\\www\\compras\\src\\includes\\Model.php(148): PDO->prepare('SELECT SUM(valo...')\n#1 C:\\wamp64\\www\\compras\\src\\controllers\\AguaController.php(17): Model->sum('valor_fatura', Array)\n#2 C:\\wamp64\\www\\compras\\public\\agua.php(44): AguaController->index()\n#3 {main}"}
Stack Trace:
Array
(
    [0] => Array
        (
            [file] => C:\wamp64\www\compras\src\includes\Model.php
            [line] => 153
            [function] => error
            [class] => Logger
            [type] => ->
        )

    [1] => Array
        (
            [file] => C:\wamp64\www\compras\src\controllers\AguaController.php
            [line] => 17
            [function] => sum
            [class] => Model
            [type] => ->
        )

)

[06-11-2025 14:24:24] [ERROR] [IP: ::1] [User: 2] Erro ao buscar registros com filtros {"error":"SQLSTATE[42S22]: Column not found: 1054 Unknown column 'id_energia' in 'order clause'","trace":"#0 C:\\wamp64\\www\\compras\\src\\models\\Energia.php(65): PDO->prepare('SELECT * FROM e...')\n#1 C:\\wamp64\\www\\compras\\src\\controllers\\BaseController.php(39): Energia->buscarComFiltros(Array)\n#2 C:\\wamp64\\www\\compras\\src\\controllers\\EnergiaController.php(18): BaseController->index()\n#3 C:\\wamp64\\www\\compras\\public\\energia.php(44): EnergiaController->index()\n#4 {main}"}
Stack Trace:
Array
(
    [0] => Array
        (
            [file] => C:\wamp64\www\compras\src\models\Energia.php
            [line] => 72
            [function] => error
            [class] => Logger
            [type] => ->
        )

    [1] => Array
        (
            [file] => C:\wamp64\www\compras\src\controllers\BaseController.php
            [line] => 39
            [function] => buscarComFiltros
            [class] => Energia
            [type] => ->
        )

)

[06-11-2025 14:24:24] [ERROR] [IP: ::1] [User: 2] Erro ao calcular total pendente {"error":"SQLSTATE[42S22]: Column not found: 1054 Unknown column 'valor_fatura' in 'field list'","trace":"#0 C:\\wamp64\\www\\compras\\src\\models\\Energia.php(126): PDO->query('SELECT SUM(valo...')\n#1 C:\\wamp64\\www\\compras\\src\\controllers\\BaseController.php(42): Energia->getTotalPendente()\n#2 C:\\wamp64\\www\\compras\\src\\controllers\\EnergiaController.php(18): BaseController->index()\n#3 C:\\wamp64\\www\\compras\\public\\energia.php(44): EnergiaController->index()\n#4 {main}"}
Stack Trace:
Array
(
    [0] => Array
        (
            [file] => C:\wamp64\www\compras\src\models\Energia.php
            [line] => 130
            [function] => error
            [class] => Logger
            [type] => ->
        )

    [1] => Array
        (
            [file] => C:\wamp64\www\compras\src\controllers\BaseController.php
            [line] => 42
            [function] => getTotalPendente
            [class] => Energia
            [type] => ->
        )

)

[06-11-2025 14:24:24] [ERROR] [IP: ::1] [User: 2] Erro ao calcular média de consumo {"error":"SQLSTATE[42S22]: Column not found: 1054 Unknown column 'data_vencimento' in 'where clause'","trace":"#0 C:\\wamp64\\www\\compras\\src\\models\\Energia.php(108): PDO->query('SELECT AVG(cons...')\n#1 C:\\wamp64\\www\\compras\\src\\controllers\\BaseController.php(47): Energia->getMediaConsumo()\n#2 C:\\wamp64\\www\\compras\\src\\controllers\\EnergiaController.php(18): BaseController->index()\n#3 C:\\wamp64\\www\\compras\\public\\energia.php(44): EnergiaController->index()\n#4 {main}"}
Stack Trace:
Array
(
    [0] => Array
        (
            [file] => C:\wamp64\www\compras\src\models\Energia.php
            [line] => 112
            [function] => error
            [class] => Logger
            [type] => ->
        )

    [1] => Array
        (
            [file] => C:\wamp64\www\compras\src\controllers\BaseController.php
            [line] => 47
            [function] => getMediaConsumo
            [class] => Energia
            [type] => ->
        )

)

[06-11-2025 14:24:24] [ERROR] [IP: ::1] [User: 2] Erro ao buscar consumo mensal {"error":"SQLSTATE[42S22]: Column not found: 1054 Unknown column 'data_vencimento' in 'field list'","trace":"#0 C:\\wamp64\\www\\compras\\src\\models\\Energia.php(91): PDO->query('SELECT\\r\\n       ...')\n#1 C:\\wamp64\\www\\compras\\src\\controllers\\BaseController.php(83): Energia->getConsumoMensal()\n#2 C:\\wamp64\\www\\compras\\src\\controllers\\EnergiaController.php(18): BaseController->index()\n#3 C:\\wamp64\\www\\compras\\public\\energia.php(44): EnergiaController->index()\n#4 {main}"}
Stack Trace:
Array
(
    [0] => Array
        (
            [file] => C:\wamp64\www\compras\src\models\Energia.php
            [line] => 94
            [function] => error
            [class] => Logger
            [type] => ->
        )

    [1] => Array
        (
            [file] => C:\wamp64\www\compras\src\controllers\BaseController.php
            [line] => 83
            [function] => getConsumoMensal
            [class] => Energia
            [type] => ->
        )

)

[06-11-2025 14:24:24] [ERROR] [IP: ::1] [User: 2] Erro ao calcular a soma da coluna valor_final {"error":"Coluna inv\u00e1lida para soma: valor_final","trace":"#0 C:\\wamp64\\www\\compras\\src\\controllers\\EnergiaController.php(21): Model->sum('valor_final', Array)\n#1 C:\\wamp64\\www\\compras\\public\\energia.php(44): EnergiaController->index()\n#2 {main}"}
Stack Trace:
Array
(
    [0] => Array
        (
            [file] => C:\wamp64\www\compras\src\includes\Model.php
            [line] => 153
            [function] => error
            [class] => Logger
            [type] => ->
        )

    [1] => Array
        (
            [file] => C:\wamp64\www\compras\src\controllers\EnergiaController.php
            [line] => 21
            [function] => sum
            [class] => Model
            [type] => ->
        )

)

[06-11-2025 14:24:29] [ERROR] [IP: ::1] [User: 2] Erro ao buscar registros com filtros {"error":"SQLSTATE[42S22]: Column not found: 1054 Unknown column 'id_energia' in 'order clause'","trace":"#0 C:\\wamp64\\www\\compras\\src\\models\\Energia.php(65): PDO->prepare('SELECT * FROM e...')\n#1 C:\\wamp64\\www\\compras\\src\\controllers\\BaseController.php(39): Energia->buscarComFiltros(Array)\n#2 C:\\wamp64\\www\\compras\\src\\controllers\\EnergiaController.php(18): BaseController->index()\n#3 C:\\wamp64\\www\\compras\\public\\energia.php(44): EnergiaController->index()\n#4 {main}"}
Stack Trace:
Array
(
    [0] => Array
        (
            [file] => C:\wamp64\www\compras\src\models\Energia.php
            [line] => 72
            [function] => error
            [class] => Logger
            [type] => ->
        )

    [1] => Array
        (
            [file] => C:\wamp64\www\compras\src\controllers\BaseController.php
            [line] => 39
            [function] => buscarComFiltros
            [class] => Energia
            [type] => ->
        )

)

[06-11-2025 14:24:29] [ERROR] [IP: ::1] [User: 2] Erro ao calcular total pendente {"error":"SQLSTATE[42S22]: Column not found: 1054 Unknown column 'valor_fatura' in 'field list'","trace":"#0 C:\\wamp64\\www\\compras\\src\\models\\Energia.php(126): PDO->query('SELECT SUM(valo...')\n#1 C:\\wamp64\\www\\compras\\src\\controllers\\BaseController.php(42): Energia->getTotalPendente()\n#2 C:\\wamp64\\www\\compras\\src\\controllers\\EnergiaController.php(18): BaseController->index()\n#3 C:\\wamp64\\www\\compras\\public\\energia.php(44): EnergiaController->index()\n#4 {main}"}
Stack Trace:
Array
(
    [0] => Array
        (
            [file] => C:\wamp64\www\compras\src\models\Energia.php
            [line] => 130
            [function] => error
            [class] => Logger
            [type] => ->
        )

    [1] => Array
        (
            [file] => C:\wamp64\www\compras\src\controllers\BaseController.php
            [line] => 42
            [function] => getTotalPendente
            [class] => Energia
            [type] => ->
        )

)

[06-11-2025 14:24:29] [ERROR] [IP: ::1] [User: 2] Erro ao calcular média de consumo {"error":"SQLSTATE[42S22]: Column not found: 1054 Unknown column 'data_vencimento' in 'where clause'","trace":"#0 C:\\wamp64\\www\\compras\\src\\models\\Energia.php(108): PDO->query('SELECT AVG(cons...')\n#1 C:\\wamp64\\www\\compras\\src\\controllers\\BaseController.php(47): Energia->getMediaConsumo()\n#2 C:\\wamp64\\www\\compras\\src\\controllers\\EnergiaController.php(18): BaseController->index()\n#3 C:\\wamp64\\www\\compras\\public\\energia.php(44): EnergiaController->index()\n#4 {main}"}
Stack Trace:
Array
(
    [0] => Array
        (
            [file] => C:\wamp64\www\compras\src\models\Energia.php
            [line] => 112
            [function] => error
            [class] => Logger
            [type] => ->
        )

    [1] => Array
        (
            [file] => C:\wamp64\www\compras\src\controllers\BaseController.php
            [line] => 47
            [function] => getMediaConsumo
            [class] => Energia
            [type] => ->
        )

)

[06-11-2025 14:24:29] [ERROR] [IP: ::1] [User: 2] Erro ao buscar consumo mensal {"error":"SQLSTATE[42S22]: Column not found: 1054 Unknown column 'data_vencimento' in 'field list'","trace":"#0 C:\\wamp64\\www\\compras\\src\\models\\Energia.php(91): PDO->query('SELECT\\r\\n       ...')\n#1 C:\\wamp64\\www\\compras\\src\\controllers\\BaseController.php(83): Energia->getConsumoMensal()\n#2 C:\\wamp64\\www\\compras\\src\\controllers\\EnergiaController.php(18): BaseController->index()\n#3 C:\\wamp64\\www\\compras\\public\\energia.php(44): EnergiaController->index()\n#4 {main}"}
Stack Trace:
Array
(
    [0] => Array
        (
            [file] => C:\wamp64\www\compras\src\models\Energia.php
            [line] => 94
            [function] => error
            [class] => Logger
            [type] => ->
        )

    [1] => Array
        (
            [file] => C:\wamp64\www\compras\src\controllers\BaseController.php
            [line] => 83
            [function] => getConsumoMensal
            [class] => Energia
            [type] => ->
        )

)

[06-11-2025 14:24:29] [ERROR] [IP: ::1] [User: 2] Erro ao calcular a soma da coluna valor_final {"error":"Coluna inv\u00e1lida para soma: valor_final","trace":"#0 C:\\wamp64\\www\\compras\\src\\controllers\\EnergiaController.php(21): Model->sum('valor_final', Array)\n#1 C:\\wamp64\\www\\compras\\public\\energia.php(44): EnergiaController->index()\n#2 {main}"}
Stack Trace:
Array
(
    [0] => Array
        (
            [file] => C:\wamp64\www\compras\src\includes\Model.php
            [line] => 153
            [function] => error
            [class] => Logger
            [type] => ->
        )

    [1] => Array
        (
            [file] => C:\wamp64\www\compras\src\controllers\EnergiaController.php
            [line] => 21
            [function] => sum
            [class] => Model
            [type] => ->
        )

)

[06-11-2025 14:49:00] [ERROR] [IP: ::1] [User: 2] Erro ao buscar registros com filtros {"error":"SQLSTATE[42S22]: Column not found: 1054 Unknown column 'id_energia' in 'order clause'","trace":"#0 C:\\wamp64\\www\\compras\\src\\models\\Energia.php(65): PDO->prepare('SELECT * FROM e...')\n#1 C:\\wamp64\\www\\compras\\src\\controllers\\BaseController.php(39): Energia->buscarComFiltros(Array)\n#2 C:\\wamp64\\www\\compras\\src\\controllers\\EnergiaController.php(18): BaseController->index()\n#3 C:\\wamp64\\www\\compras\\public\\energia.php(44): EnergiaController->index()\n#4 {main}"}
Stack Trace:
Array
(
    [0] => Array
        (
            [file] => C:\wamp64\www\compras\src\models\Energia.php
            [line] => 72
            [function] => error
            [class] => Logger
            [type] => ->
        )

    [1] => Array
        (
            [file] => C:\wamp64\www\compras\src\controllers\BaseController.php
            [line] => 39
            [function] => buscarComFiltros
            [class] => Energia
            [type] => ->
        )

)

[06-11-2025 14:49:00] [ERROR] [IP: ::1] [User: 2] Erro ao calcular total pendente {"error":"SQLSTATE[42S22]: Column not found: 1054 Unknown column 'valor_fatura' in 'field list'","trace":"#0 C:\\wamp64\\www\\compras\\src\\models\\Energia.php(126): PDO->query('SELECT SUM(valo...')\n#1 C:\\wamp64\\www\\compras\\src\\controllers\\BaseController.php(42): Energia->getTotalPendente()\n#2 C:\\wamp64\\www\\compras\\src\\controllers\\EnergiaController.php(18): BaseController->index()\n#3 C:\\wamp64\\www\\compras\\public\\energia.php(44): EnergiaController->index()\n#4 {main}"}
Stack Trace:
Array
(
    [0] => Array
        (
            [file] => C:\wamp64\www\compras\src\models\Energia.php
            [line] => 130
            [function] => error
            [class] => Logger
            [type] => ->
        )

    [1] => Array
        (
            [file] => C:\wamp64\www\compras\src\controllers\BaseController.php
            [line] => 42
            [function] => getTotalPendente
            [class] => Energia
            [type] => ->
        )

)

[06-11-2025 14:49:00] [ERROR] [IP: ::1] [User: 2] Erro ao calcular média de consumo {"error":"SQLSTATE[42S22]: Column not found: 1054 Unknown column 'data_vencimento' in 'where clause'","trace":"#0 C:\\wamp64\\www\\compras\\src\\models\\Energia.php(108): PDO->query('SELECT AVG(cons...')\n#1 C:\\wamp64\\www\\compras\\src\\controllers\\BaseController.php(47): Energia->getMediaConsumo()\n#2 C:\\wamp64\\www\\compras\\src\\controllers\\EnergiaController.php(18): BaseController->index()\n#3 C:\\wamp64\\www\\compras\\public\\energia.php(44): EnergiaController->index()\n#4 {main}"}
Stack Trace:
Array
(
    [0] => Array
        (
            [file] => C:\wamp64\www\compras\src\models\Energia.php
            [line] => 112
            [function] => error
            [class] => Logger
            [type] => ->
        )

    [1] => Array
        (
            [file] => C:\wamp64\www\compras\src\controllers\BaseController.php
            [line] => 47
            [function] => getMediaConsumo
            [class] => Energia
            [type] => ->
        )

)

[06-11-2025 14:49:00] [ERROR] [IP: ::1] [User: 2] Erro ao buscar consumo mensal {"error":"SQLSTATE[42S22]: Column not found: 1054 Unknown column 'data_vencimento' in 'field list'","trace":"#0 C:\\wamp64\\www\\compras\\src\\models\\Energia.php(91): PDO->query('SELECT\\r\\n       ...')\n#1 C:\\wamp64\\www\\compras\\src\\controllers\\BaseController.php(83): Energia->getConsumoMensal()\n#2 C:\\wamp64\\www\\compras\\src\\controllers\\EnergiaController.php(18): BaseController->index()\n#3 C:\\wamp64\\www\\compras\\public\\energia.php(44): EnergiaController->index()\n#4 {main}"}
Stack Trace:
Array
(
    [0] => Array
        (
            [file] => C:\wamp64\www\compras\src\models\Energia.php
            [line] => 94
            [function] => error
            [class] => Logger
            [type] => ->
        )

    [1] => Array
        (
            [file] => C:\wamp64\www\compras\src\controllers\BaseController.php
            [line] => 83
            [function] => getConsumoMensal
            [class] => Energia
            [type] => ->
        )

)

[06-11-2025 14:49:00] [ERROR] [IP: ::1] [User: 2] Erro ao calcular a soma da coluna valor_final {"error":"Coluna inv\u00e1lida para soma: valor_final","trace":"#0 C:\\wamp64\\www\\compras\\src\\controllers\\EnergiaController.php(21): Model->sum('valor_final', Array)\n#1 C:\\wamp64\\www\\compras\\public\\energia.php(44): EnergiaController->index()\n#2 {main}"}
Stack Trace:
Array
(
    [0] => Array
        (
            [file] => C:\wamp64\www\compras\src\includes\Model.php
            [line] => 153
            [function] => error
            [class] => Logger
            [type] => ->
        )

    [1] => Array
        (
            [file] => C:\wamp64\www\compras\src\controllers\EnergiaController.php
            [line] => 21
            [function] => sum
            [class] => Model
            [type] => ->
        )

)

[06-11-2025 14:49:00] [ERROR] [IP: ::1] [User: 2] Erro ao buscar registros com filtros {"error":"SQLSTATE[42S22]: Column not found: 1054 Unknown column 'id_energia' in 'order clause'","trace":"#0 C:\\wamp64\\www\\compras\\src\\models\\Energia.php(65): PDO->prepare('SELECT * FROM e...')\n#1 C:\\wamp64\\www\\compras\\src\\controllers\\BaseController.php(39): Energia->buscarComFiltros(Array)\n#2 C:\\wamp64\\www\\compras\\src\\controllers\\EnergiaController.php(18): BaseController->index()\n#3 C:\\wamp64\\www\\compras\\public\\energia.php(44): EnergiaController->index()\n#4 {main}"}
Stack Trace:
Array
(
    [0] => Array
        (
            [file] => C:\wamp64\www\compras\src\models\Energia.php
            [line] => 72
            [function] => error
            [class] => Logger
            [type] => ->
        )

    [1] => Array
        (
            [file] => C:\wamp64\www\compras\src\controllers\BaseController.php
            [line] => 39
            [function] => buscarComFiltros
            [class] => Energia
            [type] => ->
        )

)

[06-11-2025 14:49:00] [ERROR] [IP: ::1] [User: 2] Erro ao calcular total pendente {"error":"SQLSTATE[42S22]: Column not found: 1054 Unknown column 'valor_fatura' in 'field list'","trace":"#0 C:\\wamp64\\www\\compras\\src\\models\\Energia.php(126): PDO->query('SELECT SUM(valo...')\n#1 C:\\wamp64\\www\\compras\\src\\controllers\\BaseController.php(42): Energia->getTotalPendente()\n#2 C:\\wamp64\\www\\compras\\src\\controllers\\EnergiaController.php(18): BaseController->index()\n#3 C:\\wamp64\\www\\compras\\public\\energia.php(44): EnergiaController->index()\n#4 {main}"}
Stack Trace:
Array
(
    [0] => Array
        (
            [file] => C:\wamp64\www\compras\src\models\Energia.php
            [line] => 130
            [function] => error
            [class] => Logger
            [type] => ->
        )

    [1] => Array
        (
            [file] => C:\wamp64\www\compras\src\controllers\BaseController.php
            [line] => 42
            [function] => getTotalPendente
            [class] => Energia
            [type] => ->
        )

)

[06-11-2025 14:49:00] [ERROR] [IP: ::1] [User: 2] Erro ao calcular média de consumo {"error":"SQLSTATE[42S22]: Column not found: 1054 Unknown column 'data_vencimento' in 'where clause'","trace":"#0 C:\\wamp64\\www\\compras\\src\\models\\Energia.php(108): PDO->query('SELECT AVG(cons...')\n#1 C:\\wamp64\\www\\compras\\src\\controllers\\BaseController.php(47): Energia->getMediaConsumo()\n#2 C:\\wamp64\\www\\compras\\src\\controllers\\EnergiaController.php(18): BaseController->index()\n#3 C:\\wamp64\\www\\compras\\public\\energia.php(44): EnergiaController->index()\n#4 {main}"}
Stack Trace:
Array
(
    [0] => Array
        (
            [file] => C:\wamp64\www\compras\src\models\Energia.php
            [line] => 112
            [function] => error
            [class] => Logger
            [type] => ->
        )

    [1] => Array
        (
            [file] => C:\wamp64\www\compras\src\controllers\BaseController.php
            [line] => 47
            [function] => getMediaConsumo
            [class] => Energia
            [type] => ->
        )

)

[06-11-2025 14:49:00] [ERROR] [IP: ::1] [User: 2] Erro ao buscar consumo mensal {"error":"SQLSTATE[42S22]: Column not found: 1054 Unknown column 'data_vencimento' in 'field list'","trace":"#0 C:\\wamp64\\www\\compras\\src\\models\\Energia.php(91): PDO->query('SELECT\\r\\n       ...')\n#1 C:\\wamp64\\www\\compras\\src\\controllers\\BaseController.php(83): Energia->getConsumoMensal()\n#2 C:\\wamp64\\www\\compras\\src\\controllers\\EnergiaController.php(18): BaseController->index()\n#3 C:\\wamp64\\www\\compras\\public\\energia.php(44): EnergiaController->index()\n#4 {main}"}
Stack Trace:
Array
(
    [0] => Array
        (
            [file] => C:\wamp64\www\compras\src\models\Energia.php
            [line] => 94
            [function] => error
            [class] => Logger
            [type] => ->
        )

    [1] => Array
        (
            [file] => C:\wamp64\www\compras\src\controllers\BaseController.php
            [line] => 83
            [function] => getConsumoMensal
            [class] => Energia
            [type] => ->
        )

)

[06-11-2025 14:49:00] [ERROR] [IP: ::1] [User: 2] Erro ao calcular a soma da coluna valor_final {"error":"Coluna inv\u00e1lida para soma: valor_final","trace":"#0 C:\\wamp64\\www\\compras\\src\\controllers\\EnergiaController.php(21): Model->sum('valor_final', Array)\n#1 C:\\wamp64\\www\\compras\\public\\energia.php(44): EnergiaController->index()\n#2 {main}"}
Stack Trace:
Array
(
    [0] => Array
        (
            [file] => C:\wamp64\www\compras\src\includes\Model.php
            [line] => 153
            [function] => error
            [class] => Logger
            [type] => ->
        )

    [1] => Array
        (
            [file] => C:\wamp64\www\compras\src\controllers\EnergiaController.php
            [line] => 21
            [function] => sum
            [class] => Model
            [type] => ->
        )

)

[06-11-2025 14:49:01] [ERROR] [IP: ::1] [User: 2] Erro ao buscar registros com filtros {"error":"SQLSTATE[42S22]: Column not found: 1054 Unknown column 'id_energia' in 'order clause'","trace":"#0 C:\\wamp64\\www\\compras\\src\\models\\Energia.php(65): PDO->prepare('SELECT * FROM e...')\n#1 C:\\wamp64\\www\\compras\\src\\controllers\\BaseController.php(39): Energia->buscarComFiltros(Array)\n#2 C:\\wamp64\\www\\compras\\src\\controllers\\EnergiaController.php(18): BaseController->index()\n#3 C:\\wamp64\\www\\compras\\public\\energia.php(44): EnergiaController->index()\n#4 {main}"}
Stack Trace:
Array
(
    [0] => Array
        (
            [file] => C:\wamp64\www\compras\src\models\Energia.php
            [line] => 72
            [function] => error
            [class] => Logger
            [type] => ->
        )

    [1] => Array
        (
            [file] => C:\wamp64\www\compras\src\controllers\BaseController.php
            [line] => 39
            [function] => buscarComFiltros
            [class] => Energia
            [type] => ->
        )

)

[06-11-2025 14:49:01] [ERROR] [IP: ::1] [User: 2] Erro ao calcular total pendente {"error":"SQLSTATE[42S22]: Column not found: 1054 Unknown column 'valor_fatura' in 'field list'","trace":"#0 C:\\wamp64\\www\\compras\\src\\models\\Energia.php(126): PDO->query('SELECT SUM(valo...')\n#1 C:\\wamp64\\www\\compras\\src\\controllers\\BaseController.php(42): Energia->getTotalPendente()\n#2 C:\\wamp64\\www\\compras\\src\\controllers\\EnergiaController.php(18): BaseController->index()\n#3 C:\\wamp64\\www\\compras\\public\\energia.php(44): EnergiaController->index()\n#4 {main}"}
Stack Trace:
Array
(
    [0] => Array
        (
            [file] => C:\wamp64\www\compras\src\models\Energia.php
            [line] => 130
            [function] => error
            [class] => Logger
            [type] => ->
        )

    [1] => Array
        (
            [file] => C:\wamp64\www\compras\src\controllers\BaseController.php
            [line] => 42
            [function] => getTotalPendente
            [class] => Energia
            [type] => ->
        )

)

[06-11-2025 14:49:01] [ERROR] [IP: ::1] [User: 2] Erro ao calcular média de consumo {"error":"SQLSTATE[42S22]: Column not found: 1054 Unknown column 'data_vencimento' in 'where clause'","trace":"#0 C:\\wamp64\\www\\compras\\src\\models\\Energia.php(108): PDO->query('SELECT AVG(cons...')\n#1 C:\\wamp64\\www\\compras\\src\\controllers\\BaseController.php(47): Energia->getMediaConsumo()\n#2 C:\\wamp64\\www\\compras\\src\\controllers\\EnergiaController.php(18): BaseController->index()\n#3 C:\\wamp64\\www\\compras\\public\\energia.php(44): EnergiaController->index()\n#4 {main}"}
Stack Trace:
Array
(
    [0] => Array
        (
            [file] => C:\wamp64\www\compras\src\models\Energia.php
            [line] => 112
            [function] => error
            [class] => Logger
            [type] => ->
        )

    [1] => Array
        (
            [file] => C:\wamp64\www\compras\src\controllers\BaseController.php
            [line] => 47
            [function] => getMediaConsumo
            [class] => Energia
            [type] => ->
        )

)

[06-11-2025 14:49:01] [ERROR] [IP: ::1] [User: 2] Erro ao buscar consumo mensal {"error":"SQLSTATE[42S22]: Column not found: 1054 Unknown column 'data_vencimento' in 'field list'","trace":"#0 C:\\wamp64\\www\\compras\\src\\models\\Energia.php(91): PDO->query('SELECT\\r\\n       ...')\n#1 C:\\wamp64\\www\\compras\\src\\controllers\\BaseController.php(83): Energia->getConsumoMensal()\n#2 C:\\wamp64\\www\\compras\\src\\controllers\\EnergiaController.php(18): BaseController->index()\n#3 C:\\wamp64\\www\\compras\\public\\energia.php(44): EnergiaController->index()\n#4 {main}"}
Stack Trace:
Array
(
    [0] => Array
        (
            [file] => C:\wamp64\www\compras\src\models\Energia.php
            [line] => 94
            [function] => error
            [class] => Logger
            [type] => ->
        )

    [1] => Array
        (
            [file] => C:\wamp64\www\compras\src\controllers\BaseController.php
            [line] => 83
            [function] => getConsumoMensal
            [class] => Energia
            [type] => ->
        )

)

[06-11-2025 14:49:01] [ERROR] [IP: ::1] [User: 2] Erro ao calcular a soma da coluna valor_final {"error":"Coluna inv\u00e1lida para soma: valor_final","trace":"#0 C:\\wamp64\\www\\compras\\src\\controllers\\EnergiaController.php(21): Model->sum('valor_final', Array)\n#1 C:\\wamp64\\www\\compras\\public\\energia.php(44): EnergiaController->index()\n#2 {main}"}
Stack Trace:
Array
(
    [0] => Array
        (
            [file] => C:\wamp64\www\compras\src\includes\Model.php
            [line] => 153
            [function] => error
            [class] => Logger
            [type] => ->
        )

    [1] => Array
        (
            [file] => C:\wamp64\www\compras\src\controllers\EnergiaController.php
            [line] => 21
            [function] => sum
            [class] => Model
            [type] => ->
        )

)

[06-11-2025 14:49:01] [ERROR] [IP: ::1] [User: 2] Erro ao buscar registros com filtros {"error":"SQLSTATE[42S22]: Column not found: 1054 Unknown column 'id_energia' in 'order clause'","trace":"#0 C:\\wamp64\\www\\compras\\src\\models\\Energia.php(65): PDO->prepare('SELECT * FROM e...')\n#1 C:\\wamp64\\www\\compras\\src\\controllers\\BaseController.php(39): Energia->buscarComFiltros(Array)\n#2 C:\\wamp64\\www\\compras\\src\\controllers\\EnergiaController.php(18): BaseController->index()\n#3 C:\\wamp64\\www\\compras\\public\\energia.php(44): EnergiaController->index()\n#4 {main}"}
Stack Trace:
Array
(
    [0] => Array
        (
            [file] => C:\wamp64\www\compras\src\models\Energia.php
            [line] => 72
            [function] => error
            [class] => Logger
            [type] => ->
        )

    [1] => Array
        (
            [file] => C:\wamp64\www\compras\src\controllers\BaseController.php
            [line] => 39
            [function] => buscarComFiltros
            [class] => Energia
            [type] => ->
        )

)

[06-11-2025 14:49:01] [ERROR] [IP: ::1] [User: 2] Erro ao calcular total pendente {"error":"SQLSTATE[42S22]: Column not found: 1054 Unknown column 'valor_fatura' in 'field list'","trace":"#0 C:\\wamp64\\www\\compras\\src\\models\\Energia.php(126): PDO->query('SELECT SUM(valo...')\n#1 C:\\wamp64\\www\\compras\\src\\controllers\\BaseController.php(42): Energia->getTotalPendente()\n#2 C:\\wamp64\\www\\compras\\src\\controllers\\EnergiaController.php(18): BaseController->index()\n#3 C:\\wamp64\\www\\compras\\public\\energia.php(44): EnergiaController->index()\n#4 {main}"}
Stack Trace:
Array
(
    [0] => Array
        (
            [file] => C:\wamp64\www\compras\src\models\Energia.php
            [line] => 130
            [function] => error
            [class] => Logger
            [type] => ->
        )

    [1] => Array
        (
            [file] => C:\wamp64\www\compras\src\controllers\BaseController.php
            [line] => 42
            [function] => getTotalPendente
            [class] => Energia
            [type] => ->
        )

)

[06-11-2025 14:49:01] [ERROR] [IP: ::1] [User: 2] Erro ao calcular média de consumo {"error":"SQLSTATE[42S22]: Column not found: 1054 Unknown column 'data_vencimento' in 'where clause'","trace":"#0 C:\\wamp64\\www\\compras\\src\\models\\Energia.php(108): PDO->query('SELECT AVG(cons...')\n#1 C:\\wamp64\\www\\compras\\src\\controllers\\BaseController.php(47): Energia->getMediaConsumo()\n#2 C:\\wamp64\\www\\compras\\src\\controllers\\EnergiaController.php(18): BaseController->index()\n#3 C:\\wamp64\\www\\compras\\public\\energia.php(44): EnergiaController->index()\n#4 {main}"}
Stack Trace:
Array
(
    [0] => Array
        (
            [file] => C:\wamp64\www\compras\src\models\Energia.php
            [line] => 112
            [function] => error
            [class] => Logger
            [type] => ->
        )

    [1] => Array
        (
            [file] => C:\wamp64\www\compras\src\controllers\BaseController.php
            [line] => 47
            [function] => getMediaConsumo
            [class] => Energia
            [type] => ->
        )

)

[06-11-2025 14:49:01] [ERROR] [IP: ::1] [User: 2] Erro ao buscar consumo mensal {"error":"SQLSTATE[42S22]: Column not found: 1054 Unknown column 'data_vencimento' in 'field list'","trace":"#0 C:\\wamp64\\www\\compras\\src\\models\\Energia.php(91): PDO->query('SELECT\\r\\n       ...')\n#1 C:\\wamp64\\www\\compras\\src\\controllers\\BaseController.php(83): Energia->getConsumoMensal()\n#2 C:\\wamp64\\www\\compras\\src\\controllers\\EnergiaController.php(18): BaseController->index()\n#3 C:\\wamp64\\www\\compras\\public\\energia.php(44): EnergiaController->index()\n#4 {main}"}
Stack Trace:
Array
(
    [0] => Array
        (
            [file] => C:\wamp64\www\compras\src\models\Energia.php
            [line] => 94
            [function] => error
            [class] => Logger
            [type] => ->
        )

    [1] => Array
        (
            [file] => C:\wamp64\www\compras\src\controllers\BaseController.php
            [line] => 83
            [function] => getConsumoMensal
            [class] => Energia
            [type] => ->
        )

)

[06-11-2025 14:49:01] [ERROR] [IP: ::1] [User: 2] Erro ao calcular a soma da coluna valor_final {"error":"Coluna inv\u00e1lida para soma: valor_final","trace":"#0 C:\\wamp64\\www\\compras\\src\\controllers\\EnergiaController.php(21): Model->sum('valor_final', Array)\n#1 C:\\wamp64\\www\\compras\\public\\energia.php(44): EnergiaController->index()\n#2 {main}"}
Stack Trace:
Array
(
    [0] => Array
        (
            [file] => C:\wamp64\www\compras\src\includes\Model.php
            [line] => 153
            [function] => error
            [class] => Logger
            [type] => ->
        )

    [1] => Array
        (
            [file] => C:\wamp64\www\compras\src\controllers\EnergiaController.php
            [line] => 21
            [function] => sum
            [class] => Model
            [type] => ->
        )

)

[06-11-2025 14:49:01] [ERROR] [IP: ::1] [User: 2] Erro ao buscar registros com filtros {"error":"SQLSTATE[42S22]: Column not found: 1054 Unknown column 'id_energia' in 'order clause'","trace":"#0 C:\\wamp64\\www\\compras\\src\\models\\Energia.php(65): PDO->prepare('SELECT * FROM e...')\n#1 C:\\wamp64\\www\\compras\\src\\controllers\\BaseController.php(39): Energia->buscarComFiltros(Array)\n#2 C:\\wamp64\\www\\compras\\src\\controllers\\EnergiaController.php(18): BaseController->index()\n#3 C:\\wamp64\\www\\compras\\public\\energia.php(44): EnergiaController->index()\n#4 {main}"}
Stack Trace:
Array
(
    [0] => Array
        (
            [file] => C:\wamp64\www\compras\src\models\Energia.php
            [line] => 72
            [function] => error
            [class] => Logger
            [type] => ->
        )

    [1] => Array
        (
            [file] => C:\wamp64\www\compras\src\controllers\BaseController.php
            [line] => 39
            [function] => buscarComFiltros
            [class] => Energia
            [type] => ->
        )

)

[06-11-2025 14:49:01] [ERROR] [IP: ::1] [User: 2] Erro ao calcular total pendente {"error":"SQLSTATE[42S22]: Column not found: 1054 Unknown column 'valor_fatura' in 'field list'","trace":"#0 C:\\wamp64\\www\\compras\\src\\models\\Energia.php(126): PDO->query('SELECT SUM(valo...')\n#1 C:\\wamp64\\www\\compras\\src\\controllers\\BaseController.php(42): Energia->getTotalPendente()\n#2 C:\\wamp64\\www\\compras\\src\\controllers\\EnergiaController.php(18): BaseController->index()\n#3 C:\\wamp64\\www\\compras\\public\\energia.php(44): EnergiaController->index()\n#4 {main}"}
Stack Trace:
Array
(
    [0] => Array
        (
            [file] => C:\wamp64\www\compras\src\models\Energia.php
            [line] => 130
            [function] => error
            [class] => Logger
            [type] => ->
        )

    [1] => Array
        (
            [file] => C:\wamp64\www\compras\src\controllers\BaseController.php
            [line] => 42
            [function] => getTotalPendente
            [class] => Energia
            [type] => ->
        )

)

[06-11-2025 14:49:01] [ERROR] [IP: ::1] [User: 2] Erro ao calcular média de consumo {"error":"SQLSTATE[42S22]: Column not found: 1054 Unknown column 'data_vencimento' in 'where clause'","trace":"#0 C:\\wamp64\\www\\compras\\src\\models\\Energia.php(108): PDO->query('SELECT AVG(cons...')\n#1 C:\\wamp64\\www\\compras\\src\\controllers\\BaseController.php(47): Energia->getMediaConsumo()\n#2 C:\\wamp64\\www\\compras\\src\\controllers\\EnergiaController.php(18): BaseController->index()\n#3 C:\\wamp64\\www\\compras\\public\\energia.php(44): EnergiaController->index()\n#4 {main}"}
Stack Trace:
Array
(
    [0] => Array
        (
            [file] => C:\wamp64\www\compras\src\models\Energia.php
            [line] => 112
            [function] => error
            [class] => Logger
            [type] => ->
        )

    [1] => Array
        (
            [file] => C:\wamp64\www\compras\src\controllers\BaseController.php
            [line] => 47
            [function] => getMediaConsumo
            [class] => Energia
            [type] => ->
        )

)

[06-11-2025 14:49:01] [ERROR] [IP: ::1] [User: 2] Erro ao buscar consumo mensal {"error":"SQLSTATE[42S22]: Column not found: 1054 Unknown column 'data_vencimento' in 'field list'","trace":"#0 C:\\wamp64\\www\\compras\\src\\models\\Energia.php(91): PDO->query('SELECT\\r\\n       ...')\n#1 C:\\wamp64\\www\\compras\\src\\controllers\\BaseController.php(83): Energia->getConsumoMensal()\n#2 C:\\wamp64\\www\\compras\\src\\controllers\\EnergiaController.php(18): BaseController->index()\n#3 C:\\wamp64\\www\\compras\\public\\energia.php(44): EnergiaController->index()\n#4 {main}"}
Stack Trace:
Array
(
    [0] => Array
        (
            [file] => C:\wamp64\www\compras\src\models\Energia.php
            [line] => 94
            [function] => error
            [class] => Logger
            [type] => ->
        )

    [1] => Array
        (
            [file] => C:\wamp64\www\compras\src\controllers\BaseController.php
            [line] => 83
            [function] => getConsumoMensal
            [class] => Energia
            [type] => ->
        )

)

[06-11-2025 14:49:01] [ERROR] [IP: ::1] [User: 2] Erro ao calcular a soma da coluna valor_final {"error":"Coluna inv\u00e1lida para soma: valor_final","trace":"#0 C:\\wamp64\\www\\compras\\src\\controllers\\EnergiaController.php(21): Model->sum('valor_final', Array)\n#1 C:\\wamp64\\www\\compras\\public\\energia.php(44): EnergiaController->index()\n#2 {main}"}
Stack Trace:
Array
(
    [0] => Array
        (
            [file] => C:\wamp64\www\compras\src\includes\Model.php
            [line] => 153
            [function] => error
            [class] => Logger
            [type] => ->
        )

    [1] => Array
        (
            [file] => C:\wamp64\www\compras\src\controllers\EnergiaController.php
            [line] => 21
            [function] => sum
            [class] => Model
            [type] => ->
        )

)

[06-11-2025 14:49:01] [ERROR] [IP: ::1] [User: 2] Erro ao buscar registros com filtros {"error":"SQLSTATE[42S22]: Column not found: 1054 Unknown column 'id_energia' in 'order clause'","trace":"#0 C:\\wamp64\\www\\compras\\src\\models\\Energia.php(65): PDO->prepare('SELECT * FROM e...')\n#1 C:\\wamp64\\www\\compras\\src\\controllers\\BaseController.php(39): Energia->buscarComFiltros(Array)\n#2 C:\\wamp64\\www\\compras\\src\\controllers\\EnergiaController.php(18): BaseController->index()\n#3 C:\\wamp64\\www\\compras\\public\\energia.php(44): EnergiaController->index()\n#4 {main}"}
Stack Trace:
Array
(
    [0] => Array
        (
            [file] => C:\wamp64\www\compras\src\models\Energia.php
            [line] => 72
            [function] => error
            [class] => Logger
            [type] => ->
        )

    [1] => Array
        (
            [file] => C:\wamp64\www\compras\src\controllers\BaseController.php
            [line] => 39
            [function] => buscarComFiltros
            [class] => Energia
            [type] => ->
        )

)

[06-11-2025 14:49:01] [ERROR] [IP: ::1] [User: 2] Erro ao calcular total pendente {"error":"SQLSTATE[42S22]: Column not found: 1054 Unknown column 'valor_fatura' in 'field list'","trace":"#0 C:\\wamp64\\www\\compras\\src\\models\\Energia.php(126): PDO->query('SELECT SUM(valo...')\n#1 C:\\wamp64\\www\\compras\\src\\controllers\\BaseController.php(42): Energia->getTotalPendente()\n#2 C:\\wamp64\\www\\compras\\src\\controllers\\EnergiaController.php(18): BaseController->index()\n#3 C:\\wamp64\\www\\compras\\public\\energia.php(44): EnergiaController->index()\n#4 {main}"}
Stack Trace:
Array
(
    [0] => Array
        (
            [file] => C:\wamp64\www\compras\src\models\Energia.php
            [line] => 130
            [function] => error
            [class] => Logger
            [type] => ->
        )

    [1] => Array
        (
            [file] => C:\wamp64\www\compras\src\controllers\BaseController.php
            [line] => 42
            [function] => getTotalPendente
            [class] => Energia
            [type] => ->
        )

)

[06-11-2025 14:49:01] [ERROR] [IP: ::1] [User: 2] Erro ao calcular média de consumo {"error":"SQLSTATE[42S22]: Column not found: 1054 Unknown column 'data_vencimento' in 'where clause'","trace":"#0 C:\\wamp64\\www\\compras\\src\\models\\Energia.php(108): PDO->query('SELECT AVG(cons...')\n#1 C:\\wamp64\\www\\compras\\src\\controllers\\BaseController.php(47): Energia->getMediaConsumo()\n#2 C:\\wamp64\\www\\compras\\src\\controllers\\EnergiaController.php(18): BaseController->index()\n#3 C:\\wamp64\\www\\compras\\public\\energia.php(44): EnergiaController->index()\n#4 {main}"}
Stack Trace:
Array
(
    [0] => Array
        (
            [file] => C:\wamp64\www\compras\src\models\Energia.php
            [line] => 112
            [function] => error
            [class] => Logger
            [type] => ->
        )

    [1] => Array
        (
            [file] => C:\wamp64\www\compras\src\controllers\BaseController.php
            [line] => 47
            [function] => getMediaConsumo
            [class] => Energia
            [type] => ->
        )

)

[06-11-2025 14:49:01] [ERROR] [IP: ::1] [User: 2] Erro ao buscar consumo mensal {"error":"SQLSTATE[42S22]: Column not found: 1054 Unknown column 'data_vencimento' in 'field list'","trace":"#0 C:\\wamp64\\www\\compras\\src\\models\\Energia.php(91): PDO->query('SELECT\\r\\n       ...')\n#1 C:\\wamp64\\www\\compras\\src\\controllers\\BaseController.php(83): Energia->getConsumoMensal()\n#2 C:\\wamp64\\www\\compras\\src\\controllers\\EnergiaController.php(18): BaseController->index()\n#3 C:\\wamp64\\www\\compras\\public\\energia.php(44): EnergiaController->index()\n#4 {main}"}
Stack Trace:
Array
(
    [0] => Array
        (
            [file] => C:\wamp64\www\compras\src\models\Energia.php
            [line] => 94
            [function] => error
            [class] => Logger
            [type] => ->
        )

    [1] => Array
        (
            [file] => C:\wamp64\www\compras\src\controllers\BaseController.php
            [line] => 83
            [function] => getConsumoMensal
            [class] => Energia
            [type] => ->
        )

)

[06-11-2025 14:49:01] [ERROR] [IP: ::1] [User: 2] Erro ao calcular a soma da coluna valor_final {"error":"Coluna inv\u00e1lida para soma: valor_final","trace":"#0 C:\\wamp64\\www\\compras\\src\\controllers\\EnergiaController.php(21): Model->sum('valor_final', Array)\n#1 C:\\wamp64\\www\\compras\\public\\energia.php(44): EnergiaController->index()\n#2 {main}"}
Stack Trace:
Array
(
    [0] => Array
        (
            [file] => C:\wamp64\www\compras\src\includes\Model.php
            [line] => 153
            [function] => error
            [class] => Logger
            [type] => ->
        )

    [1] => Array
        (
            [file] => C:\wamp64\www\compras\src\controllers\EnergiaController.php
            [line] => 21
            [function] => sum
            [class] => Model
            [type] => ->
        )

)

[06-11-2025 14:49:01] [ERROR] [IP: ::1] [User: 2] Erro ao buscar registros com filtros {"error":"SQLSTATE[42S22]: Column not found: 1054 Unknown column 'id_energia' in 'order clause'","trace":"#0 C:\\wamp64\\www\\compras\\src\\models\\Energia.php(65): PDO->prepare('SELECT * FROM e...')\n#1 C:\\wamp64\\www\\compras\\src\\controllers\\BaseController.php(39): Energia->buscarComFiltros(Array)\n#2 C:\\wamp64\\www\\compras\\src\\controllers\\EnergiaController.php(18): BaseController->index()\n#3 C:\\wamp64\\www\\compras\\public\\energia.php(44): EnergiaController->index()\n#4 {main}"}
Stack Trace:
Array
(
    [0] => Array
        (
            [file] => C:\wamp64\www\compras\src\models\Energia.php
            [line] => 72
            [function] => error
            [class] => Logger
            [type] => ->
        )

    [1] => Array
        (
            [file] => C:\wamp64\www\compras\src\controllers\BaseController.php
            [line] => 39
            [function] => buscarComFiltros
            [class] => Energia
            [type] => ->
        )

)

[06-11-2025 14:49:01] [ERROR] [IP: ::1] [User: 2] Erro ao calcular total pendente {"error":"SQLSTATE[42S22]: Column not found: 1054 Unknown column 'valor_fatura' in 'field list'","trace":"#0 C:\\wamp64\\www\\compras\\src\\models\\Energia.php(126): PDO->query('SELECT SUM(valo...')\n#1 C:\\wamp64\\www\\compras\\src\\controllers\\BaseController.php(42): Energia->getTotalPendente()\n#2 C:\\wamp64\\www\\compras\\src\\controllers\\EnergiaController.php(18): BaseController->index()\n#3 C:\\wamp64\\www\\compras\\public\\energia.php(44): EnergiaController->index()\n#4 {main}"}
Stack Trace:
Array
(
    [0] => Array
        (
            [file] => C:\wamp64\www\compras\src\models\Energia.php
            [line] => 130
            [function] => error
            [class] => Logger
            [type] => ->
        )

    [1] => Array
        (
            [file] => C:\wamp64\www\compras\src\controllers\BaseController.php
            [line] => 42
            [function] => getTotalPendente
            [class] => Energia
            [type] => ->
        )

)

[06-11-2025 14:49:01] [ERROR] [IP: ::1] [User: 2] Erro ao calcular média de consumo {"error":"SQLSTATE[42S22]: Column not found: 1054 Unknown column 'data_vencimento' in 'where clause'","trace":"#0 C:\\wamp64\\www\\compras\\src\\models\\Energia.php(108): PDO->query('SELECT AVG(cons...')\n#1 C:\\wamp64\\www\\compras\\src\\controllers\\BaseController.php(47): Energia->getMediaConsumo()\n#2 C:\\wamp64\\www\\compras\\src\\controllers\\EnergiaController.php(18): BaseController->index()\n#3 C:\\wamp64\\www\\compras\\public\\energia.php(44): EnergiaController->index()\n#4 {main}"}
Stack Trace:
Array
(
    [0] => Array
        (
            [file] => C:\wamp64\www\compras\src\models\Energia.php
            [line] => 112
            [function] => error
            [class] => Logger
            [type] => ->
        )

    [1] => Array
        (
            [file] => C:\wamp64\www\compras\src\controllers\BaseController.php
            [line] => 47
            [function] => getMediaConsumo
            [class] => Energia
            [type] => ->
        )

)

[06-11-2025 14:49:01] [ERROR] [IP: ::1] [User: 2] Erro ao buscar consumo mensal {"error":"SQLSTATE[42S22]: Column not found: 1054 Unknown column 'data_vencimento' in 'field list'","trace":"#0 C:\\wamp64\\www\\compras\\src\\models\\Energia.php(91): PDO->query('SELECT\\r\\n       ...')\n#1 C:\\wamp64\\www\\compras\\src\\controllers\\BaseController.php(83): Energia->getConsumoMensal()\n#2 C:\\wamp64\\www\\compras\\src\\controllers\\EnergiaController.php(18): BaseController->index()\n#3 C:\\wamp64\\www\\compras\\public\\energia.php(44): EnergiaController->index()\n#4 {main}"}
Stack Trace:
Array
(
    [0] => Array
        (
            [file] => C:\wamp64\www\compras\src\models\Energia.php
            [line] => 94
            [function] => error
            [class] => Logger
            [type] => ->
        )

    [1] => Array
        (
            [file] => C:\wamp64\www\compras\src\controllers\BaseController.php
            [line] => 83
            [function] => getConsumoMensal
            [class] => Energia
            [type] => ->
        )

)

[06-11-2025 14:49:01] [ERROR] [IP: ::1] [User: 2] Erro ao calcular a soma da coluna valor_final {"error":"Coluna inv\u00e1lida para soma: valor_final","trace":"#0 C:\\wamp64\\www\\compras\\src\\controllers\\EnergiaController.php(21): Model->sum('valor_final', Array)\n#1 C:\\wamp64\\www\\compras\\public\\energia.php(44): EnergiaController->index()\n#2 {main}"}
Stack Trace:
Array
(
    [0] => Array
        (
            [file] => C:\wamp64\www\compras\src\includes\Model.php
            [line] => 153
            [function] => error
            [class] => Logger
            [type] => ->
        )

    [1] => Array
        (
            [file] => C:\wamp64\www\compras\src\controllers\EnergiaController.php
            [line] => 21
            [function] => sum
            [class] => Model
            [type] => ->
        )

)

[06-11-2025 14:49:01] [ERROR] [IP: ::1] [User: 2] Erro ao buscar registros com filtros {"error":"SQLSTATE[42S22]: Column not found: 1054 Unknown column 'id_energia' in 'order clause'","trace":"#0 C:\\wamp64\\www\\compras\\src\\models\\Energia.php(65): PDO->prepare('SELECT * FROM e...')\n#1 C:\\wamp64\\www\\compras\\src\\controllers\\BaseController.php(39): Energia->buscarComFiltros(Array)\n#2 C:\\wamp64\\www\\compras\\src\\controllers\\EnergiaController.php(18): BaseController->index()\n#3 C:\\wamp64\\www\\compras\\public\\energia.php(44): EnergiaController->index()\n#4 {main}"}
Stack Trace:
Array
(
    [0] => Array
        (
            [file] => C:\wamp64\www\compras\src\models\Energia.php
            [line] => 72
            [function] => error
            [class] => Logger
            [type] => ->
        )

    [1] => Array
        (
            [file] => C:\wamp64\www\compras\src\controllers\BaseController.php
            [line] => 39
            [function] => buscarComFiltros
            [class] => Energia
            [type] => ->
        )

)

[06-11-2025 14:49:01] [ERROR] [IP: ::1] [User: 2] Erro ao calcular total pendente {"error":"SQLSTATE[42S22]: Column not found: 1054 Unknown column 'valor_fatura' in 'field list'","trace":"#0 C:\\wamp64\\www\\compras\\src\\models\\Energia.php(126): PDO->query('SELECT SUM(valo...')\n#1 C:\\wamp64\\www\\compras\\src\\controllers\\BaseController.php(42): Energia->getTotalPendente()\n#2 C:\\wamp64\\www\\compras\\src\\controllers\\EnergiaController.php(18): BaseController->index()\n#3 C:\\wamp64\\www\\compras\\public\\energia.php(44): EnergiaController->index()\n#4 {main}"}
Stack Trace:
Array
(
    [0] => Array
        (
            [file] => C:\wamp64\www\compras\src\models\Energia.php
            [line] => 130
            [function] => error
            [class] => Logger
            [type] => ->
        )

    [1] => Array
        (
            [file] => C:\wamp64\www\compras\src\controllers\BaseController.php
            [line] => 42
            [function] => getTotalPendente
            [class] => Energia
            [type] => ->
        )

)

[06-11-2025 14:49:01] [ERROR] [IP: ::1] [User: 2] Erro ao calcular média de consumo {"error":"SQLSTATE[42S22]: Column not found: 1054 Unknown column 'data_vencimento' in 'where clause'","trace":"#0 C:\\wamp64\\www\\compras\\src\\models\\Energia.php(108): PDO->query('SELECT AVG(cons...')\n#1 C:\\wamp64\\www\\compras\\src\\controllers\\BaseController.php(47): Energia->getMediaConsumo()\n#2 C:\\wamp64\\www\\compras\\src\\controllers\\EnergiaController.php(18): BaseController->index()\n#3 C:\\wamp64\\www\\compras\\public\\energia.php(44): EnergiaController->index()\n#4 {main}"}
Stack Trace:
Array
(
    [0] => Array
        (
            [file] => C:\wamp64\www\compras\src\models\Energia.php
            [line] => 112
            [function] => error
            [class] => Logger
            [type] => ->
        )

    [1] => Array
        (
            [file] => C:\wamp64\www\compras\src\controllers\BaseController.php
            [line] => 47
            [function] => getMediaConsumo
            [class] => Energia
            [type] => ->
        )

)

[06-11-2025 14:49:01] [ERROR] [IP: ::1] [User: 2] Erro ao buscar consumo mensal {"error":"SQLSTATE[42S22]: Column not found: 1054 Unknown column 'data_vencimento' in 'field list'","trace":"#0 C:\\wamp64\\www\\compras\\src\\models\\Energia.php(91): PDO->query('SELECT\\r\\n       ...')\n#1 C:\\wamp64\\www\\compras\\src\\controllers\\BaseController.php(83): Energia->getConsumoMensal()\n#2 C:\\wamp64\\www\\compras\\src\\controllers\\EnergiaController.php(18): BaseController->index()\n#3 C:\\wamp64\\www\\compras\\public\\energia.php(44): EnergiaController->index()\n#4 {main}"}
Stack Trace:
Array
(
    [0] => Array
        (
            [file] => C:\wamp64\www\compras\src\models\Energia.php
            [line] => 94
            [function] => error
            [class] => Logger
            [type] => ->
        )

    [1] => Array
        (
            [file] => C:\wamp64\www\compras\src\controllers\BaseController.php
            [line] => 83
            [function] => getConsumoMensal
            [class] => Energia
            [type] => ->
        )

)

[06-11-2025 14:49:01] [ERROR] [IP: ::1] [User: 2] Erro ao calcular a soma da coluna valor_final {"error":"Coluna inv\u00e1lida para soma: valor_final","trace":"#0 C:\\wamp64\\www\\compras\\src\\controllers\\EnergiaController.php(21): Model->sum('valor_final', Array)\n#1 C:\\wamp64\\www\\compras\\public\\energia.php(44): EnergiaController->index()\n#2 {main}"}
Stack Trace:
Array
(
    [0] => Array
        (
            [file] => C:\wamp64\www\compras\src\includes\Model.php
            [line] => 153
            [function] => error
            [class] => Logger
            [type] => ->
        )

    [1] => Array
        (
            [file] => C:\wamp64\www\compras\src\controllers\EnergiaController.php
            [line] => 21
            [function] => sum
            [class] => Model
            [type] => ->
        )

)

[06-11-2025 14:49:04] [ERROR] [IP: ::1] [User: 2] Erro ao buscar registros com filtros {"error":"SQLSTATE[42S22]: Column not found: 1054 Unknown column 'id_agua' in 'order clause'","trace":"#0 C:\\wamp64\\www\\compras\\src\\models\\Agua.php(56): PDO->prepare('SELECT * FROM a...')\n#1 C:\\wamp64\\www\\compras\\src\\controllers\\BaseController.php(39): Agua->buscarComFiltros(Array)\n#2 C:\\wamp64\\www\\compras\\src\\controllers\\AguaController.php(14): BaseController->index()\n#3 C:\\wamp64\\www\\compras\\public\\agua.php(44): AguaController->index()\n#4 {main}"}
Stack Trace:
Array
(
    [0] => Array
        (
            [file] => C:\wamp64\www\compras\src\models\Agua.php
            [line] => 63
            [function] => error
            [class] => Logger
            [type] => ->
        )

    [1] => Array
        (
            [file] => C:\wamp64\www\compras\src\controllers\BaseController.php
            [line] => 39
            [function] => buscarComFiltros
            [class] => Agua
            [type] => ->
        )

)

[06-11-2025 14:49:04] [ERROR] [IP: ::1] [User: 2] Erro ao calcular total pendente {"error":"SQLSTATE[42S22]: Column not found: 1054 Unknown column 'valor_fatura' in 'field list'","trace":"#0 C:\\wamp64\\www\\compras\\src\\models\\Agua.php(117): PDO->query('SELECT SUM(valo...')\n#1 C:\\wamp64\\www\\compras\\src\\controllers\\BaseController.php(42): Agua->getTotalPendente()\n#2 C:\\wamp64\\www\\compras\\src\\controllers\\AguaController.php(14): BaseController->index()\n#3 C:\\wamp64\\www\\compras\\public\\agua.php(44): AguaController->index()\n#4 {main}"}
Stack Trace:
Array
(
    [0] => Array
        (
            [file] => C:\wamp64\www\compras\src\models\Agua.php
            [line] => 121
            [function] => error
            [class] => Logger
            [type] => ->
        )

    [1] => Array
        (
            [file] => C:\wamp64\www\compras\src\controllers\BaseController.php
            [line] => 42
            [function] => getTotalPendente
            [class] => Agua
            [type] => ->
        )

)

[06-11-2025 14:49:04] [ERROR] [IP: ::1] [User: 2] Erro ao buscar consumo mensal {"error":"SQLSTATE[42S22]: Column not found: 1054 Unknown column 'valor_fatura' in 'field list'","trace":"#0 C:\\wamp64\\www\\compras\\src\\models\\Agua.php(82): PDO->query('SELECT\\r\\n       ...')\n#1 C:\\wamp64\\www\\compras\\src\\controllers\\BaseController.php(83): Agua->getConsumoMensal()\n#2 C:\\wamp64\\www\\compras\\src\\controllers\\AguaController.php(14): BaseController->index()\n#3 C:\\wamp64\\www\\compras\\public\\agua.php(44): AguaController->index()\n#4 {main}"}
Stack Trace:
Array
(
    [0] => Array
        (
            [file] => C:\wamp64\www\compras\src\models\Agua.php
            [line] => 85
            [function] => error
            [class] => Logger
            [type] => ->
        )

    [1] => Array
        (
            [file] => C:\wamp64\www\compras\src\controllers\BaseController.php
            [line] => 83
            [function] => getConsumoMensal
            [class] => Agua
            [type] => ->
        )

)

[06-11-2025 14:49:04] [ERROR] [IP: ::1] [User: 2] Erro ao calcular a soma da coluna valor_fatura {"error":"SQLSTATE[42S22]: Column not found: 1054 Unknown column 'valor_fatura' in 'field list'","trace":"#0 C:\\wamp64\\www\\compras\\src\\includes\\Model.php(148): PDO->prepare('SELECT SUM(valo...')\n#1 C:\\wamp64\\www\\compras\\src\\controllers\\AguaController.php(17): Model->sum('valor_fatura', Array)\n#2 C:\\wamp64\\www\\compras\\public\\agua.php(44): AguaController->index()\n#3 {main}"}
Stack Trace:
Array
(
    [0] => Array
        (
            [file] => C:\wamp64\www\compras\src\includes\Model.php
            [line] => 153
            [function] => error
            [class] => Logger
            [type] => ->
        )

    [1] => Array
        (
            [file] => C:\wamp64\www\compras\src\controllers\AguaController.php
            [line] => 17
            [function] => sum
            [class] => Model
            [type] => ->
        )

)

[06-11-2025 14:49:06] [ERROR] [IP: ::1] [User: 2] Erro ao buscar registros com filtros {"error":"SQLSTATE[42S22]: Column not found: 1054 Unknown column 'id_energia' in 'order clause'","trace":"#0 C:\\wamp64\\www\\compras\\src\\models\\Energia.php(65): PDO->prepare('SELECT * FROM e...')\n#1 C:\\wamp64\\www\\compras\\src\\controllers\\BaseController.php(39): Energia->buscarComFiltros(Array)\n#2 C:\\wamp64\\www\\compras\\src\\controllers\\EnergiaController.php(18): BaseController->index()\n#3 C:\\wamp64\\www\\compras\\public\\energia.php(44): EnergiaController->index()\n#4 {main}"}
Stack Trace:
Array
(
    [0] => Array
        (
            [file] => C:\wamp64\www\compras\src\models\Energia.php
            [line] => 72
            [function] => error
            [class] => Logger
            [type] => ->
        )

    [1] => Array
        (
            [file] => C:\wamp64\www\compras\src\controllers\BaseController.php
            [line] => 39
            [function] => buscarComFiltros
            [class] => Energia
            [type] => ->
        )

)

[06-11-2025 14:49:06] [ERROR] [IP: ::1] [User: 2] Erro ao calcular total pendente {"error":"SQLSTATE[42S22]: Column not found: 1054 Unknown column 'valor_fatura' in 'field list'","trace":"#0 C:\\wamp64\\www\\compras\\src\\models\\Energia.php(126): PDO->query('SELECT SUM(valo...')\n#1 C:\\wamp64\\www\\compras\\src\\controllers\\BaseController.php(42): Energia->getTotalPendente()\n#2 C:\\wamp64\\www\\compras\\src\\controllers\\EnergiaController.php(18): BaseController->index()\n#3 C:\\wamp64\\www\\compras\\public\\energia.php(44): EnergiaController->index()\n#4 {main}"}
Stack Trace:
Array
(
    [0] => Array
        (
            [file] => C:\wamp64\www\compras\src\models\Energia.php
            [line] => 130
            [function] => error
            [class] => Logger
            [type] => ->
        )

    [1] => Array
        (
            [file] => C:\wamp64\www\compras\src\controllers\BaseController.php
            [line] => 42
            [function] => getTotalPendente
            [class] => Energia
            [type] => ->
        )

)

[06-11-2025 14:49:06] [ERROR] [IP: ::1] [User: 2] Erro ao calcular média de consumo {"error":"SQLSTATE[42S22]: Column not found: 1054 Unknown column 'data_vencimento' in 'where clause'","trace":"#0 C:\\wamp64\\www\\compras\\src\\models\\Energia.php(108): PDO->query('SELECT AVG(cons...')\n#1 C:\\wamp64\\www\\compras\\src\\controllers\\BaseController.php(47): Energia->getMediaConsumo()\n#2 C:\\wamp64\\www\\compras\\src\\controllers\\EnergiaController.php(18): BaseController->index()\n#3 C:\\wamp64\\www\\compras\\public\\energia.php(44): EnergiaController->index()\n#4 {main}"}
Stack Trace:
Array
(
    [0] => Array
        (
            [file] => C:\wamp64\www\compras\src\models\Energia.php
            [line] => 112
            [function] => error
            [class] => Logger
            [type] => ->
        )

    [1] => Array
        (
            [file] => C:\wamp64\www\compras\src\controllers\BaseController.php
            [line] => 47
            [function] => getMediaConsumo
            [class] => Energia
            [type] => ->
        )

)

[06-11-2025 14:49:06] [ERROR] [IP: ::1] [User: 2] Erro ao buscar consumo mensal {"error":"SQLSTATE[42S22]: Column not found: 1054 Unknown column 'data_vencimento' in 'field list'","trace":"#0 C:\\wamp64\\www\\compras\\src\\models\\Energia.php(91): PDO->query('SELECT\\r\\n       ...')\n#1 C:\\wamp64\\www\\compras\\src\\controllers\\BaseController.php(83): Energia->getConsumoMensal()\n#2 C:\\wamp64\\www\\compras\\src\\controllers\\EnergiaController.php(18): BaseController->index()\n#3 C:\\wamp64\\www\\compras\\public\\energia.php(44): EnergiaController->index()\n#4 {main}"}
Stack Trace:
Array
(
    [0] => Array
        (
            [file] => C:\wamp64\www\compras\src\models\Energia.php
            [line] => 94
            [function] => error
            [class] => Logger
            [type] => ->
        )

    [1] => Array
        (
            [file] => C:\wamp64\www\compras\src\controllers\BaseController.php
            [line] => 83
            [function] => getConsumoMensal
            [class] => Energia
            [type] => ->
        )

)

[06-11-2025 14:49:06] [ERROR] [IP: ::1] [User: 2] Erro ao calcular a soma da coluna valor_final {"error":"Coluna inv\u00e1lida para soma: valor_final","trace":"#0 C:\\wamp64\\www\\compras\\src\\controllers\\EnergiaController.php(21): Model->sum('valor_final', Array)\n#1 C:\\wamp64\\www\\compras\\public\\energia.php(44): EnergiaController->index()\n#2 {main}"}
Stack Trace:
Array
(
    [0] => Array
        (
            [file] => C:\wamp64\www\compras\src\includes\Model.php
            [line] => 153
            [function] => error
            [class] => Logger
            [type] => ->
        )

    [1] => Array
        (
            [file] => C:\wamp64\www\compras\src\controllers\EnergiaController.php
            [line] => 21
            [function] => sum
            [class] => Model
            [type] => ->
        )

)

[06-11-2025 14:49:17] [ERROR] [IP: ::1] [User: 2] Erro ao buscar registros com filtros {"error":"SQLSTATE[42S22]: Column not found: 1054 Unknown column 'id_agua' in 'order clause'","trace":"#0 C:\\wamp64\\www\\compras\\src\\models\\Agua.php(56): PDO->prepare('SELECT * FROM a...')\n#1 C:\\wamp64\\www\\compras\\src\\controllers\\BaseController.php(39): Agua->buscarComFiltros(Array)\n#2 C:\\wamp64\\www\\compras\\src\\controllers\\AguaController.php(14): BaseController->index()\n#3 C:\\wamp64\\www\\compras\\public\\agua.php(44): AguaController->index()\n#4 {main}"}
Stack Trace:
Array
(
    [0] => Array
        (
            [file] => C:\wamp64\www\compras\src\models\Agua.php
            [line] => 63
            [function] => error
            [class] => Logger
            [type] => ->
        )

    [1] => Array
        (
            [file] => C:\wamp64\www\compras\src\controllers\BaseController.php
            [line] => 39
            [function] => buscarComFiltros
            [class] => Agua
            [type] => ->
        )

)

[06-11-2025 14:49:17] [ERROR] [IP: ::1] [User: 2] Erro ao calcular total pendente {"error":"SQLSTATE[42S22]: Column not found: 1054 Unknown column 'valor_fatura' in 'field list'","trace":"#0 C:\\wamp64\\www\\compras\\src\\models\\Agua.php(117): PDO->query('SELECT SUM(valo...')\n#1 C:\\wamp64\\www\\compras\\src\\controllers\\BaseController.php(42): Agua->getTotalPendente()\n#2 C:\\wamp64\\www\\compras\\src\\controllers\\AguaController.php(14): BaseController->index()\n#3 C:\\wamp64\\www\\compras\\public\\agua.php(44): AguaController->index()\n#4 {main}"}
Stack Trace:
Array
(
    [0] => Array
        (
            [file] => C:\wamp64\www\compras\src\models\Agua.php
            [line] => 121
            [function] => error
            [class] => Logger
            [type] => ->
        )

    [1] => Array
        (
            [file] => C:\wamp64\www\compras\src\controllers\BaseController.php
            [line] => 42
            [function] => getTotalPendente
            [class] => Agua
            [type] => ->
        )

)

[06-11-2025 14:49:17] [ERROR] [IP: ::1] [User: 2] Erro ao buscar consumo mensal {"error":"SQLSTATE[42S22]: Column not found: 1054 Unknown column 'valor_fatura' in 'field list'","trace":"#0 C:\\wamp64\\www\\compras\\src\\models\\Agua.php(82): PDO->query('SELECT\\r\\n       ...')\n#1 C:\\wamp64\\www\\compras\\src\\controllers\\BaseController.php(83): Agua->getConsumoMensal()\n#2 C:\\wamp64\\www\\compras\\src\\controllers\\AguaController.php(14): BaseController->index()\n#3 C:\\wamp64\\www\\compras\\public\\agua.php(44): AguaController->index()\n#4 {main}"}
Stack Trace:
Array
(
    [0] => Array
        (
            [file] => C:\wamp64\www\compras\src\models\Agua.php
            [line] => 85
            [function] => error
            [class] => Logger
            [type] => ->
        )

    [1] => Array
        (
            [file] => C:\wamp64\www\compras\src\controllers\BaseController.php
            [line] => 83
            [function] => getConsumoMensal
            [class] => Agua
            [type] => ->
        )

)

[06-11-2025 14:49:17] [ERROR] [IP: ::1] [User: 2] Erro ao calcular a soma da coluna valor_fatura {"error":"SQLSTATE[42S22]: Column not found: 1054 Unknown column 'valor_fatura' in 'field list'","trace":"#0 C:\\wamp64\\www\\compras\\src\\includes\\Model.php(148): PDO->prepare('SELECT SUM(valo...')\n#1 C:\\wamp64\\www\\compras\\src\\controllers\\AguaController.php(17): Model->sum('valor_fatura', Array)\n#2 C:\\wamp64\\www\\compras\\public\\agua.php(44): AguaController->index()\n#3 {main}"}
Stack Trace:
Array
(
    [0] => Array
        (
            [file] => C:\wamp64\www\compras\src\includes\Model.php
            [line] => 153
            [function] => error
            [class] => Logger
            [type] => ->
        )

    [1] => Array
        (
            [file] => C:\wamp64\www\compras\src\controllers\AguaController.php
            [line] => 17
            [function] => sum
            [class] => Model
            [type] => ->
        )

)

[06-11-2025 14:49:32] [ERROR] [IP: ::1] [User: 2] Erro ao buscar registros com filtros {"error":"SQLSTATE[42S22]: Column not found: 1054 Unknown column 'id_energia' in 'order clause'","trace":"#0 C:\\wamp64\\www\\compras\\src\\models\\Energia.php(65): PDO->prepare('SELECT * FROM e...')\n#1 C:\\wamp64\\www\\compras\\src\\controllers\\BaseController.php(39): Energia->buscarComFiltros(Array)\n#2 C:\\wamp64\\www\\compras\\src\\controllers\\EnergiaController.php(18): BaseController->index()\n#3 C:\\wamp64\\www\\compras\\public\\energia.php(44): EnergiaController->index()\n#4 {main}"}
Stack Trace:
Array
(
    [0] => Array
        (
            [file] => C:\wamp64\www\compras\src\models\Energia.php
            [line] => 72
            [function] => error
            [class] => Logger
            [type] => ->
        )

    [1] => Array
        (
            [file] => C:\wamp64\www\compras\src\controllers\BaseController.php
            [line] => 39
            [function] => buscarComFiltros
            [class] => Energia
            [type] => ->
        )

)

[06-11-2025 14:49:32] [ERROR] [IP: ::1] [User: 2] Erro ao calcular total pendente {"error":"SQLSTATE[42S22]: Column not found: 1054 Unknown column 'valor_fatura' in 'field list'","trace":"#0 C:\\wamp64\\www\\compras\\src\\models\\Energia.php(126): PDO->query('SELECT SUM(valo...')\n#1 C:\\wamp64\\www\\compras\\src\\controllers\\BaseController.php(42): Energia->getTotalPendente()\n#2 C:\\wamp64\\www\\compras\\src\\controllers\\EnergiaController.php(18): BaseController->index()\n#3 C:\\wamp64\\www\\compras\\public\\energia.php(44): EnergiaController->index()\n#4 {main}"}
Stack Trace:
Array
(
    [0] => Array
        (
            [file] => C:\wamp64\www\compras\src\models\Energia.php
            [line] => 130
            [function] => error
            [class] => Logger
            [type] => ->
        )

    [1] => Array
        (
            [file] => C:\wamp64\www\compras\src\controllers\BaseController.php
            [line] => 42
            [function] => getTotalPendente
            [class] => Energia
            [type] => ->
        )

)

[06-11-2025 14:49:32] [ERROR] [IP: ::1] [User: 2] Erro ao calcular média de consumo {"error":"SQLSTATE[42S22]: Column not found: 1054 Unknown column 'data_vencimento' in 'where clause'","trace":"#0 C:\\wamp64\\www\\compras\\src\\models\\Energia.php(108): PDO->query('SELECT AVG(cons...')\n#1 C:\\wamp64\\www\\compras\\src\\controllers\\BaseController.php(47): Energia->getMediaConsumo()\n#2 C:\\wamp64\\www\\compras\\src\\controllers\\EnergiaController.php(18): BaseController->index()\n#3 C:\\wamp64\\www\\compras\\public\\energia.php(44): EnergiaController->index()\n#4 {main}"}
Stack Trace:
Array
(
    [0] => Array
        (
            [file] => C:\wamp64\www\compras\src\models\Energia.php
            [line] => 112
            [function] => error
            [class] => Logger
            [type] => ->
        )

    [1] => Array
        (
            [file] => C:\wamp64\www\compras\src\controllers\BaseController.php
            [line] => 47
            [function] => getMediaConsumo
            [class] => Energia
            [type] => ->
        )

)

[06-11-2025 14:49:32] [ERROR] [IP: ::1] [User: 2] Erro ao buscar consumo mensal {"error":"SQLSTATE[42S22]: Column not found: 1054 Unknown column 'data_vencimento' in 'field list'","trace":"#0 C:\\wamp64\\www\\compras\\src\\models\\Energia.php(91): PDO->query('SELECT\\r\\n       ...')\n#1 C:\\wamp64\\www\\compras\\src\\controllers\\BaseController.php(83): Energia->getConsumoMensal()\n#2 C:\\wamp64\\www\\compras\\src\\controllers\\EnergiaController.php(18): BaseController->index()\n#3 C:\\wamp64\\www\\compras\\public\\energia.php(44): EnergiaController->index()\n#4 {main}"}
Stack Trace:
Array
(
    [0] => Array
        (
            [file] => C:\wamp64\www\compras\src\models\Energia.php
            [line] => 94
            [function] => error
            [class] => Logger
            [type] => ->
        )

    [1] => Array
        (
            [file] => C:\wamp64\www\compras\src\controllers\BaseController.php
            [line] => 83
            [function] => getConsumoMensal
            [class] => Energia
            [type] => ->
        )

)

[06-11-2025 14:49:32] [ERROR] [IP: ::1] [User: 2] Erro ao calcular a soma da coluna valor_final {"error":"Coluna inv\u00e1lida para soma: valor_final","trace":"#0 C:\\wamp64\\www\\compras\\src\\controllers\\EnergiaController.php(21): Model->sum('valor_final', Array)\n#1 C:\\wamp64\\www\\compras\\public\\energia.php(44): EnergiaController->index()\n#2 {main}"}
Stack Trace:
Array
(
    [0] => Array
        (
            [file] => C:\wamp64\www\compras\src\includes\Model.php
            [line] => 153
            [function] => error
            [class] => Logger
            [type] => ->
        )

    [1] => Array
        (
            [file] => C:\wamp64\www\compras\src\controllers\EnergiaController.php
            [line] => 21
            [function] => sum
            [class] => Model
            [type] => ->
        )

)

[06-11-2025 16:21:15] [ERROR] [IP: ::1] [User: 2] Erro ao buscar registros com filtros {"error":"SQLSTATE[42S22]: Column not found: 1054 Unknown column 'id_agua' in 'order clause'","trace":"#0 C:\\wamp64\\www\\compras\\src\\models\\Agua.php(56): PDO->prepare('SELECT * FROM a...')\n#1 C:\\wamp64\\www\\compras\\src\\controllers\\BaseController.php(39): Agua->buscarComFiltros(Array)\n#2 C:\\wamp64\\www\\compras\\src\\controllers\\AguaController.php(14): BaseController->index()\n#3 C:\\wamp64\\www\\compras\\public\\agua.php(44): AguaController->index()\n#4 {main}"}
Stack Trace:
Array
(
    [0] => Array
        (
            [file] => C:\wamp64\www\compras\src\models\Agua.php
            [line] => 63
            [function] => error
            [class] => Logger
            [type] => ->
        )

    [1] => Array
        (
            [file] => C:\wamp64\www\compras\src\controllers\BaseController.php
            [line] => 39
            [function] => buscarComFiltros
            [class] => Agua
            [type] => ->
        )

)

[06-11-2025 16:21:15] [ERROR] [IP: ::1] [User: 2] Erro ao calcular total pendente {"error":"SQLSTATE[42S22]: Column not found: 1054 Unknown column 'valor_fatura' in 'field list'","trace":"#0 C:\\wamp64\\www\\compras\\src\\models\\Agua.php(117): PDO->query('SELECT SUM(valo...')\n#1 C:\\wamp64\\www\\compras\\src\\controllers\\BaseController.php(42): Agua->getTotalPendente()\n#2 C:\\wamp64\\www\\compras\\src\\controllers\\AguaController.php(14): BaseController->index()\n#3 C:\\wamp64\\www\\compras\\public\\agua.php(44): AguaController->index()\n#4 {main}"}
Stack Trace:
Array
(
    [0] => Array
        (
            [file] => C:\wamp64\www\compras\src\models\Agua.php
            [line] => 121
            [function] => error
            [class] => Logger
            [type] => ->
        )

    [1] => Array
        (
            [file] => C:\wamp64\www\compras\src\controllers\BaseController.php
            [line] => 42
            [function] => getTotalPendente
            [class] => Agua
            [type] => ->
        )

)

[06-11-2025 16:21:15] [ERROR] [IP: ::1] [User: 2] Erro ao buscar consumo mensal {"error":"SQLSTATE[42S22]: Column not found: 1054 Unknown column 'valor_fatura' in 'field list'","trace":"#0 C:\\wamp64\\www\\compras\\src\\models\\Agua.php(82): PDO->query('SELECT\\r\\n       ...')\n#1 C:\\wamp64\\www\\compras\\src\\controllers\\BaseController.php(83): Agua->getConsumoMensal()\n#2 C:\\wamp64\\www\\compras\\src\\controllers\\AguaController.php(14): BaseController->index()\n#3 C:\\wamp64\\www\\compras\\public\\agua.php(44): AguaController->index()\n#4 {main}"}
Stack Trace:
Array
(
    [0] => Array
        (
            [file] => C:\wamp64\www\compras\src\models\Agua.php
            [line] => 85
            [function] => error
            [class] => Logger
            [type] => ->
        )

    [1] => Array
        (
            [file] => C:\wamp64\www\compras\src\controllers\BaseController.php
            [line] => 83
            [function] => getConsumoMensal
            [class] => Agua
            [type] => ->
        )

)

[06-11-2025 16:21:15] [ERROR] [IP: ::1] [User: 2] Erro ao calcular a soma da coluna valor_fatura {"error":"SQLSTATE[42S22]: Column not found: 1054 Unknown column 'valor_fatura' in 'field list'","trace":"#0 C:\\wamp64\\www\\compras\\src\\includes\\Model.php(148): PDO->prepare('SELECT SUM(valo...')\n#1 C:\\wamp64\\www\\compras\\src\\controllers\\AguaController.php(17): Model->sum('valor_fatura', Array)\n#2 C:\\wamp64\\www\\compras\\public\\agua.php(44): AguaController->index()\n#3 {main}"}
Stack Trace:
Array
(
    [0] => Array
        (
            [file] => C:\wamp64\www\compras\src\includes\Model.php
            [line] => 153
            [function] => error
            [class] => Logger
            [type] => ->
        )

    [1] => Array
        (
            [file] => C:\wamp64\www\compras\src\controllers\AguaController.php
            [line] => 17
            [function] => sum
            [class] => Model
            [type] => ->
        )

)

[06-11-2025 16:30:15] [ERROR] [IP: ::1] [User: 2] Erro ao buscar registros com filtros {"error":"SQLSTATE[42S22]: Column not found: 1054 Unknown column 'id_agua' in 'order clause'","trace":"#0 C:\\wamp64\\www\\compras\\src\\models\\Agua.php(56): PDO->prepare('SELECT * FROM a...')\n#1 C:\\wamp64\\www\\compras\\src\\controllers\\BaseController.php(39): Agua->buscarComFiltros(Array)\n#2 C:\\wamp64\\www\\compras\\src\\controllers\\AguaController.php(14): BaseController->index()\n#3 C:\\wamp64\\www\\compras\\public\\agua.php(44): AguaController->index()\n#4 {main}"}
Stack Trace:
Array
(
    [0] => Array
        (
            [file] => C:\wamp64\www\compras\src\models\Agua.php
            [line] => 63
            [function] => error
            [class] => Logger
            [type] => ->
        )

    [1] => Array
        (
            [file] => C:\wamp64\www\compras\src\controllers\BaseController.php
            [line] => 39
            [function] => buscarComFiltros
            [class] => Agua
            [type] => ->
        )

)

[06-11-2025 16:30:15] [ERROR] [IP: ::1] [User: 2] Erro ao calcular total pendente {"error":"SQLSTATE[42S22]: Column not found: 1054 Unknown column 'valor_fatura' in 'field list'","trace":"#0 C:\\wamp64\\www\\compras\\src\\models\\Agua.php(117): PDO->query('SELECT SUM(valo...')\n#1 C:\\wamp64\\www\\compras\\src\\controllers\\BaseController.php(42): Agua->getTotalPendente()\n#2 C:\\wamp64\\www\\compras\\src\\controllers\\AguaController.php(14): BaseController->index()\n#3 C:\\wamp64\\www\\compras\\public\\agua.php(44): AguaController->index()\n#4 {main}"}
Stack Trace:
Array
(
    [0] => Array
        (
            [file] => C:\wamp64\www\compras\src\models\Agua.php
            [line] => 121
            [function] => error
            [class] => Logger
            [type] => ->
        )

    [1] => Array
        (
            [file] => C:\wamp64\www\compras\src\controllers\BaseController.php
            [line] => 42
            [function] => getTotalPendente
            [class] => Agua
            [type] => ->
        )

)

[06-11-2025 16:30:15] [ERROR] [IP: ::1] [User: 2] Erro ao buscar consumo mensal {"error":"SQLSTATE[42S22]: Column not found: 1054 Unknown column 'valor_fatura' in 'field list'","trace":"#0 C:\\wamp64\\www\\compras\\src\\models\\Agua.php(82): PDO->query('SELECT\\r\\n       ...')\n#1 C:\\wamp64\\www\\compras\\src\\controllers\\BaseController.php(83): Agua->getConsumoMensal()\n#2 C:\\wamp64\\www\\compras\\src\\controllers\\AguaController.php(14): BaseController->index()\n#3 C:\\wamp64\\www\\compras\\public\\agua.php(44): AguaController->index()\n#4 {main}"}
Stack Trace:
Array
(
    [0] => Array
        (
            [file] => C:\wamp64\www\compras\src\models\Agua.php
            [line] => 85
            [function] => error
            [class] => Logger
            [type] => ->
        )

    [1] => Array
        (
            [file] => C:\wamp64\www\compras\src\controllers\BaseController.php
            [line] => 83
            [function] => getConsumoMensal
            [class] => Agua
            [type] => ->
        )

)

[06-11-2025 16:30:15] [ERROR] [IP: ::1] [User: 2] Erro ao calcular a soma da coluna valor_fatura {"error":"SQLSTATE[42S22]: Column not found: 1054 Unknown column 'valor_fatura' in 'field list'","trace":"#0 C:\\wamp64\\www\\compras\\src\\includes\\Model.php(148): PDO->prepare('SELECT SUM(valo...')\n#1 C:\\wamp64\\www\\compras\\src\\controllers\\AguaController.php(17): Model->sum('valor_fatura', Array)\n#2 C:\\wamp64\\www\\compras\\public\\agua.php(44): AguaController->index()\n#3 {main}"}
Stack Trace:
Array
(
    [0] => Array
        (
            [file] => C:\wamp64\www\compras\src\includes\Model.php
            [line] => 153
            [function] => error
            [class] => Logger
            [type] => ->
        )

    [1] => Array
        (
            [file] => C:\wamp64\www\compras\src\controllers\AguaController.php
            [line] => 17
            [function] => sum
            [class] => Model
            [type] => ->
        )

)

[06-11-2025 16:30:15] [ERROR] [IP: ::1] [User: 2] Erro ao calcular a soma da coluna multa {"error":"SQLSTATE[42S22]: Column not found: 1054 Unknown column 'multa' in 'field list'","trace":"#0 C:\\wamp64\\www\\compras\\src\\includes\\Model.php(148): PDO->prepare('SELECT SUM(mult...')\n#1 C:\\wamp64\\www\\compras\\src\\controllers\\AguaController.php(19): Model->sum('multa')\n#2 C:\\wamp64\\www\\compras\\public\\agua.php(44): AguaController->index()\n#3 {main}"}
Stack Trace:
Array
(
    [0] => Array
        (
            [file] => C:\wamp64\www\compras\src\includes\Model.php
            [line] => 153
            [function] => error
            [class] => Logger
            [type] => ->
        )

    [1] => Array
        (
            [file] => C:\wamp64\www\compras\src\controllers\AguaController.php
            [line] => 19
            [function] => sum
            [class] => Model
            [type] => ->
        )

)

[06-11-2025 16:38:13] [ERROR] [IP: ::1] [User: 2] Erro ao buscar registros com filtros {"error":"SQLSTATE[42S22]: Column not found: 1054 Unknown column 'id_agua' in 'order clause'","trace":"#0 C:\\wamp64\\www\\compras\\src\\models\\Agua.php(56): PDO->prepare('SELECT * FROM a...')\n#1 C:\\wamp64\\www\\compras\\src\\controllers\\BaseController.php(39): Agua->buscarComFiltros(Array)\n#2 C:\\wamp64\\www\\compras\\src\\controllers\\AguaController.php(16): BaseController->index()\n#3 C:\\wamp64\\www\\compras\\public\\agua.php(44): AguaController->index()\n#4 {main}"}
Stack Trace:
Array
(
    [0] => Array
        (
            [file] => C:\wamp64\www\compras\src\models\Agua.php
            [line] => 63
            [function] => error
            [class] => Logger
            [type] => ->
        )

    [1] => Array
        (
            [file] => C:\wamp64\www\compras\src\controllers\BaseController.php
            [line] => 39
            [function] => buscarComFiltros
            [class] => Agua
            [type] => ->
        )

)

[06-11-2025 16:38:13] [ERROR] [IP: ::1] [User: 2] Erro ao calcular total pendente {"error":"SQLSTATE[42S22]: Column not found: 1054 Unknown column 'valor_fatura' in 'field list'","trace":"#0 C:\\wamp64\\www\\compras\\src\\models\\Agua.php(117): PDO->query('SELECT SUM(valo...')\n#1 C:\\wamp64\\www\\compras\\src\\controllers\\BaseController.php(42): Agua->getTotalPendente()\n#2 C:\\wamp64\\www\\compras\\src\\controllers\\AguaController.php(16): BaseController->index()\n#3 C:\\wamp64\\www\\compras\\public\\agua.php(44): AguaController->index()\n#4 {main}"}
Stack Trace:
Array
(
    [0] => Array
        (
            [file] => C:\wamp64\www\compras\src\models\Agua.php
            [line] => 121
            [function] => error
            [class] => Logger
            [type] => ->
        )

    [1] => Array
        (
            [file] => C:\wamp64\www\compras\src\controllers\BaseController.php
            [line] => 42
            [function] => getTotalPendente
            [class] => Agua
            [type] => ->
        )

)

[06-11-2025 16:38:13] [ERROR] [IP: ::1] [User: 2] Erro ao buscar consumo mensal {"error":"SQLSTATE[42S22]: Column not found: 1054 Unknown column 'valor_fatura' in 'field list'","trace":"#0 C:\\wamp64\\www\\compras\\src\\models\\Agua.php(82): PDO->query('SELECT\\r\\n       ...')\n#1 C:\\wamp64\\www\\compras\\src\\controllers\\BaseController.php(83): Agua->getConsumoMensal()\n#2 C:\\wamp64\\www\\compras\\src\\controllers\\AguaController.php(16): BaseController->index()\n#3 C:\\wamp64\\www\\compras\\public\\agua.php(44): AguaController->index()\n#4 {main}"}
Stack Trace:
Array
(
    [0] => Array
        (
            [file] => C:\wamp64\www\compras\src\models\Agua.php
            [line] => 85
            [function] => error
            [class] => Logger
            [type] => ->
        )

    [1] => Array
        (
            [file] => C:\wamp64\www\compras\src\controllers\BaseController.php
            [line] => 83
            [function] => getConsumoMensal
            [class] => Agua
            [type] => ->
        )

)

[06-11-2025 16:38:13] [ERROR] [IP: ::1] [User: 2] Erro ao calcular a soma da coluna valor_fatura {"error":"SQLSTATE[42S22]: Column not found: 1054 Unknown column 'valor_fatura' in 'field list'","trace":"#0 C:\\wamp64\\www\\compras\\src\\includes\\Model.php(148): PDO->prepare('SELECT SUM(valo...')\n#1 C:\\wamp64\\www\\compras\\src\\controllers\\AguaController.php(19): Model->sum('valor_fatura', Array)\n#2 C:\\wamp64\\www\\compras\\public\\agua.php(44): AguaController->index()\n#3 {main}"}
Stack Trace:
Array
(
    [0] => Array
        (
            [file] => C:\wamp64\www\compras\src\includes\Model.php
            [line] => 153
            [function] => error
            [class] => Logger
            [type] => ->
        )

    [1] => Array
        (
            [file] => C:\wamp64\www\compras\src\controllers\AguaController.php
            [line] => 19
            [function] => sum
            [class] => Model
            [type] => ->
        )

)

[06-11-2025 16:38:13] [ERROR] [IP: ::1] [User: 2] Erro ao calcular a soma da coluna multa {"error":"SQLSTATE[42S22]: Column not found: 1054 Unknown column 'multa' in 'field list'","trace":"#0 C:\\wamp64\\www\\compras\\src\\includes\\Model.php(148): PDO->prepare('SELECT SUM(mult...')\n#1 C:\\wamp64\\www\\compras\\src\\controllers\\AguaController.php(21): Model->sum('multa')\n#2 C:\\wamp64\\www\\compras\\public\\agua.php(44): AguaController->index()\n#3 {main}"}
Stack Trace:
Array
(
    [0] => Array
        (
            [file] => C:\wamp64\www\compras\src\includes\Model.php
            [line] => 153
            [function] => error
            [class] => Logger
            [type] => ->
        )

    [1] => Array
        (
            [file] => C:\wamp64\www\compras\src\controllers\AguaController.php
            [line] => 21
            [function] => sum
            [class] => Model
            [type] => ->
        )

)

[06-11-2025 16:38:31] [ERROR] [IP: ::1] [User: 2] Erro ao buscar registros com filtros {"error":"SQLSTATE[42S22]: Column not found: 1054 Unknown column 'id_agua' in 'order clause'","trace":"#0 C:\\wamp64\\www\\compras\\src\\models\\Agua.php(56): PDO->prepare('SELECT * FROM a...')\n#1 C:\\wamp64\\www\\compras\\src\\controllers\\BaseController.php(39): Agua->buscarComFiltros(Array)\n#2 C:\\wamp64\\www\\compras\\src\\controllers\\AguaController.php(16): BaseController->index()\n#3 C:\\wamp64\\www\\compras\\public\\agua.php(44): AguaController->index()\n#4 {main}"}
Stack Trace:
Array
(
    [0] => Array
        (
            [file] => C:\wamp64\www\compras\src\models\Agua.php
            [line] => 63
            [function] => error
            [class] => Logger
            [type] => ->
        )

    [1] => Array
        (
            [file] => C:\wamp64\www\compras\src\controllers\BaseController.php
            [line] => 39
            [function] => buscarComFiltros
            [class] => Agua
            [type] => ->
        )

)

[06-11-2025 16:38:31] [ERROR] [IP: ::1] [User: 2] Erro ao calcular total pendente {"error":"SQLSTATE[42S22]: Column not found: 1054 Unknown column 'valor_fatura' in 'field list'","trace":"#0 C:\\wamp64\\www\\compras\\src\\models\\Agua.php(117): PDO->query('SELECT SUM(valo...')\n#1 C:\\wamp64\\www\\compras\\src\\controllers\\BaseController.php(42): Agua->getTotalPendente()\n#2 C:\\wamp64\\www\\compras\\src\\controllers\\AguaController.php(16): BaseController->index()\n#3 C:\\wamp64\\www\\compras\\public\\agua.php(44): AguaController->index()\n#4 {main}"}
Stack Trace:
Array
(
    [0] => Array
        (
            [file] => C:\wamp64\www\compras\src\models\Agua.php
            [line] => 121
            [function] => error
            [class] => Logger
            [type] => ->
        )

    [1] => Array
        (
            [file] => C:\wamp64\www\compras\src\controllers\BaseController.php
            [line] => 42
            [function] => getTotalPendente
            [class] => Agua
            [type] => ->
        )

)

[06-11-2025 16:38:31] [ERROR] [IP: ::1] [User: 2] Erro ao buscar consumo mensal {"error":"SQLSTATE[42S22]: Column not found: 1054 Unknown column 'valor_fatura' in 'field list'","trace":"#0 C:\\wamp64\\www\\compras\\src\\models\\Agua.php(82): PDO->query('SELECT\\r\\n       ...')\n#1 C:\\wamp64\\www\\compras\\src\\controllers\\BaseController.php(83): Agua->getConsumoMensal()\n#2 C:\\wamp64\\www\\compras\\src\\controllers\\AguaController.php(16): BaseController->index()\n#3 C:\\wamp64\\www\\compras\\public\\agua.php(44): AguaController->index()\n#4 {main}"}
Stack Trace:
Array
(
    [0] => Array
        (
            [file] => C:\wamp64\www\compras\src\models\Agua.php
            [line] => 85
            [function] => error
            [class] => Logger
            [type] => ->
        )

    [1] => Array
        (
            [file] => C:\wamp64\www\compras\src\controllers\BaseController.php
            [line] => 83
            [function] => getConsumoMensal
            [class] => Agua
            [type] => ->
        )

)

[06-11-2025 16:38:31] [ERROR] [IP: ::1] [User: 2] Erro ao calcular a soma da coluna valor_fatura {"error":"SQLSTATE[42S22]: Column not found: 1054 Unknown column 'valor_fatura' in 'field list'","trace":"#0 C:\\wamp64\\www\\compras\\src\\includes\\Model.php(148): PDO->prepare('SELECT SUM(valo...')\n#1 C:\\wamp64\\www\\compras\\src\\controllers\\AguaController.php(19): Model->sum('valor_fatura', Array)\n#2 C:\\wamp64\\www\\compras\\public\\agua.php(44): AguaController->index()\n#3 {main}"}
Stack Trace:
Array
(
    [0] => Array
        (
            [file] => C:\wamp64\www\compras\src\includes\Model.php
            [line] => 153
            [function] => error
            [class] => Logger
            [type] => ->
        )

    [1] => Array
        (
            [file] => C:\wamp64\www\compras\src\controllers\AguaController.php
            [line] => 19
            [function] => sum
            [class] => Model
            [type] => ->
        )

)

[06-11-2025 16:38:31] [ERROR] [IP: ::1] [User: 2] Erro ao calcular a soma da coluna multa {"error":"SQLSTATE[42S22]: Column not found: 1054 Unknown column 'multa' in 'field list'","trace":"#0 C:\\wamp64\\www\\compras\\src\\includes\\Model.php(148): PDO->prepare('SELECT SUM(mult...')\n#1 C:\\wamp64\\www\\compras\\src\\controllers\\AguaController.php(21): Model->sum('multa')\n#2 C:\\wamp64\\www\\compras\\public\\agua.php(44): AguaController->index()\n#3 {main}"}
Stack Trace:
Array
(
    [0] => Array
        (
            [file] => C:\wamp64\www\compras\src\includes\Model.php
            [line] => 153
            [function] => error
            [class] => Logger
            [type] => ->
        )

    [1] => Array
        (
            [file] => C:\wamp64\www\compras\src\controllers\AguaController.php
            [line] => 21
            [function] => sum
            [class] => Model
            [type] => ->
        )

)

[06-11-2025 16:38:37] [ERROR] [IP: ::1] [User: 2] Erro ao buscar registros com filtros {"error":"SQLSTATE[42S22]: Column not found: 1054 Unknown column 'id_agua' in 'order clause'","trace":"#0 C:\\wamp64\\www\\compras\\src\\models\\Agua.php(56): PDO->prepare('SELECT * FROM a...')\n#1 C:\\wamp64\\www\\compras\\src\\controllers\\BaseController.php(39): Agua->buscarComFiltros(Array)\n#2 C:\\wamp64\\www\\compras\\src\\controllers\\AguaController.php(16): BaseController->index()\n#3 C:\\wamp64\\www\\compras\\public\\agua.php(44): AguaController->index()\n#4 {main}"}
Stack Trace:
Array
(
    [0] => Array
        (
            [file] => C:\wamp64\www\compras\src\models\Agua.php
            [line] => 63
            [function] => error
            [class] => Logger
            [type] => ->
        )

    [1] => Array
        (
            [file] => C:\wamp64\www\compras\src\controllers\BaseController.php
            [line] => 39
            [function] => buscarComFiltros
            [class] => Agua
            [type] => ->
        )

)

[06-11-2025 16:38:37] [ERROR] [IP: ::1] [User: 2] Erro ao calcular total pendente {"error":"SQLSTATE[42S22]: Column not found: 1054 Unknown column 'valor_fatura' in 'field list'","trace":"#0 C:\\wamp64\\www\\compras\\src\\models\\Agua.php(117): PDO->query('SELECT SUM(valo...')\n#1 C:\\wamp64\\www\\compras\\src\\controllers\\BaseController.php(42): Agua->getTotalPendente()\n#2 C:\\wamp64\\www\\compras\\src\\controllers\\AguaController.php(16): BaseController->index()\n#3 C:\\wamp64\\www\\compras\\public\\agua.php(44): AguaController->index()\n#4 {main}"}
Stack Trace:
Array
(
    [0] => Array
        (
            [file] => C:\wamp64\www\compras\src\models\Agua.php
            [line] => 121
            [function] => error
            [class] => Logger
            [type] => ->
        )

    [1] => Array
        (
            [file] => C:\wamp64\www\compras\src\controllers\BaseController.php
            [line] => 42
            [function] => getTotalPendente
            [class] => Agua
            [type] => ->
        )

)

[06-11-2025 16:38:37] [ERROR] [IP: ::1] [User: 2] Erro ao buscar consumo mensal {"error":"SQLSTATE[42S22]: Column not found: 1054 Unknown column 'valor_fatura' in 'field list'","trace":"#0 C:\\wamp64\\www\\compras\\src\\models\\Agua.php(82): PDO->query('SELECT\\r\\n       ...')\n#1 C:\\wamp64\\www\\compras\\src\\controllers\\BaseController.php(83): Agua->getConsumoMensal()\n#2 C:\\wamp64\\www\\compras\\src\\controllers\\AguaController.php(16): BaseController->index()\n#3 C:\\wamp64\\www\\compras\\public\\agua.php(44): AguaController->index()\n#4 {main}"}
Stack Trace:
Array
(
    [0] => Array
        (
            [file] => C:\wamp64\www\compras\src\models\Agua.php
            [line] => 85
            [function] => error
            [class] => Logger
            [type] => ->
        )

    [1] => Array
        (
            [file] => C:\wamp64\www\compras\src\controllers\BaseController.php
            [line] => 83
            [function] => getConsumoMensal
            [class] => Agua
            [type] => ->
        )

)

[06-11-2025 16:38:37] [ERROR] [IP: ::1] [User: 2] Erro ao calcular a soma da coluna valor_fatura {"error":"SQLSTATE[42S22]: Column not found: 1054 Unknown column 'valor_fatura' in 'field list'","trace":"#0 C:\\wamp64\\www\\compras\\src\\includes\\Model.php(148): PDO->prepare('SELECT SUM(valo...')\n#1 C:\\wamp64\\www\\compras\\src\\controllers\\AguaController.php(19): Model->sum('valor_fatura', Array)\n#2 C:\\wamp64\\www\\compras\\public\\agua.php(44): AguaController->index()\n#3 {main}"}
Stack Trace:
Array
(
    [0] => Array
        (
            [file] => C:\wamp64\www\compras\src\includes\Model.php
            [line] => 153
            [function] => error
            [class] => Logger
            [type] => ->
        )

    [1] => Array
        (
            [file] => C:\wamp64\www\compras\src\controllers\AguaController.php
            [line] => 19
            [function] => sum
            [class] => Model
            [type] => ->
        )

)

[06-11-2025 16:38:37] [ERROR] [IP: ::1] [User: 2] Erro ao calcular a soma da coluna multa {"error":"SQLSTATE[42S22]: Column not found: 1054 Unknown column 'multa' in 'field list'","trace":"#0 C:\\wamp64\\www\\compras\\src\\includes\\Model.php(148): PDO->prepare('SELECT SUM(mult...')\n#1 C:\\wamp64\\www\\compras\\src\\controllers\\AguaController.php(21): Model->sum('multa')\n#2 C:\\wamp64\\www\\compras\\public\\agua.php(44): AguaController->index()\n#3 {main}"}
Stack Trace:
Array
(
    [0] => Array
        (
            [file] => C:\wamp64\www\compras\src\includes\Model.php
            [line] => 153
            [function] => error
            [class] => Logger
            [type] => ->
        )

    [1] => Array
        (
            [file] => C:\wamp64\www\compras\src\controllers\AguaController.php
            [line] => 21
            [function] => sum
            [class] => Model
            [type] => ->
        )

)

[06-11-2025 16:50:17] [ERROR] [IP: ::1] [User: 2] Erro ao buscar registros com filtros {"error":"SQLSTATE[42S22]: Column not found: 1054 Unknown column 'id_energia' in 'order clause'","trace":"#0 C:\\wamp64\\www\\compras\\src\\models\\Energia.php(65): PDO->prepare('SELECT * FROM e...')\n#1 C:\\wamp64\\www\\compras\\src\\controllers\\BaseController.php(39): Energia->buscarComFiltros(Array)\n#2 C:\\wamp64\\www\\compras\\src\\controllers\\EnergiaController.php(18): BaseController->index()\n#3 C:\\wamp64\\www\\compras\\public\\energia.php(44): EnergiaController->index()\n#4 {main}"}
Stack Trace:
Array
(
    [0] => Array
        (
            [file] => C:\wamp64\www\compras\src\models\Energia.php
            [line] => 72
            [function] => error
            [class] => Logger
            [type] => ->
        )

    [1] => Array
        (
            [file] => C:\wamp64\www\compras\src\controllers\BaseController.php
            [line] => 39
            [function] => buscarComFiltros
            [class] => Energia
            [type] => ->
        )

)

[06-11-2025 16:50:17] [ERROR] [IP: ::1] [User: 2] Erro ao calcular total pendente {"error":"SQLSTATE[42S22]: Column not found: 1054 Unknown column 'valor_fatura' in 'field list'","trace":"#0 C:\\wamp64\\www\\compras\\src\\models\\Energia.php(126): PDO->query('SELECT SUM(valo...')\n#1 C:\\wamp64\\www\\compras\\src\\controllers\\BaseController.php(42): Energia->getTotalPendente()\n#2 C:\\wamp64\\www\\compras\\src\\controllers\\EnergiaController.php(18): BaseController->index()\n#3 C:\\wamp64\\www\\compras\\public\\energia.php(44): EnergiaController->index()\n#4 {main}"}
Stack Trace:
Array
(
    [0] => Array
        (
            [file] => C:\wamp64\www\compras\src\models\Energia.php
            [line] => 130
            [function] => error
            [class] => Logger
            [type] => ->
        )

    [1] => Array
        (
            [file] => C:\wamp64\www\compras\src\controllers\BaseController.php
            [line] => 42
            [function] => getTotalPendente
            [class] => Energia
            [type] => ->
        )

)

[06-11-2025 16:50:17] [ERROR] [IP: ::1] [User: 2] Erro ao calcular média de consumo {"error":"SQLSTATE[42S22]: Column not found: 1054 Unknown column 'data_vencimento' in 'where clause'","trace":"#0 C:\\wamp64\\www\\compras\\src\\models\\Energia.php(108): PDO->query('SELECT AVG(cons...')\n#1 C:\\wamp64\\www\\compras\\src\\controllers\\BaseController.php(47): Energia->getMediaConsumo()\n#2 C:\\wamp64\\www\\compras\\src\\controllers\\EnergiaController.php(18): BaseController->index()\n#3 C:\\wamp64\\www\\compras\\public\\energia.php(44): EnergiaController->index()\n#4 {main}"}
Stack Trace:
Array
(
    [0] => Array
        (
            [file] => C:\wamp64\www\compras\src\models\Energia.php
            [line] => 112
            [function] => error
            [class] => Logger
            [type] => ->
        )

    [1] => Array
        (
            [file] => C:\wamp64\www\compras\src\controllers\BaseController.php
            [line] => 47
            [function] => getMediaConsumo
            [class] => Energia
            [type] => ->
        )

)

[06-11-2025 16:50:17] [ERROR] [IP: ::1] [User: 2] Erro ao buscar consumo mensal {"error":"SQLSTATE[42S22]: Column not found: 1054 Unknown column 'data_vencimento' in 'field list'","trace":"#0 C:\\wamp64\\www\\compras\\src\\models\\Energia.php(91): PDO->query('SELECT\\r\\n       ...')\n#1 C:\\wamp64\\www\\compras\\src\\controllers\\BaseController.php(83): Energia->getConsumoMensal()\n#2 C:\\wamp64\\www\\compras\\src\\controllers\\EnergiaController.php(18): BaseController->index()\n#3 C:\\wamp64\\www\\compras\\public\\energia.php(44): EnergiaController->index()\n#4 {main}"}
Stack Trace:
Array
(
    [0] => Array
        (
            [file] => C:\wamp64\www\compras\src\models\Energia.php
            [line] => 94
            [function] => error
            [class] => Logger
            [type] => ->
        )

    [1] => Array
        (
            [file] => C:\wamp64\www\compras\src\controllers\BaseController.php
            [line] => 83
            [function] => getConsumoMensal
            [class] => Energia
            [type] => ->
        )

)

[06-11-2025 16:50:17] [ERROR] [IP: ::1] [User: 2] Erro ao calcular a soma da coluna valor_final {"error":"Coluna inv\u00e1lida para soma: valor_final","trace":"#0 C:\\wamp64\\www\\compras\\src\\controllers\\EnergiaController.php(21): Model->sum('valor_final', Array)\n#1 C:\\wamp64\\www\\compras\\public\\energia.php(44): EnergiaController->index()\n#2 {main}"}
Stack Trace:
Array
(
    [0] => Array
        (
            [file] => C:\wamp64\www\compras\src\includes\Model.php
            [line] => 153
            [function] => error
            [class] => Logger
            [type] => ->
        )

    [1] => Array
        (
            [file] => C:\wamp64\www\compras\src\controllers\EnergiaController.php
            [line] => 21
            [function] => sum
            [class] => Model
            [type] => ->
        )

)

[06-11-2025 18:13:07] [ERROR] [IP: ::1] [User: 2] Erro ao buscar registros com filtros {"error":"SQLSTATE[42S22]: Column not found: 1054 Unknown column 'id_energia' in 'order clause'","trace":"#0 C:\\wamp64\\www\\compras\\src\\models\\Energia.php(65): PDO->prepare('SELECT * FROM e...')\n#1 C:\\wamp64\\www\\compras\\src\\controllers\\BaseController.php(39): Energia->buscarComFiltros(Array)\n#2 C:\\wamp64\\www\\compras\\src\\controllers\\EnergiaController.php(18): BaseController->index()\n#3 C:\\wamp64\\www\\compras\\public\\energia.php(44): EnergiaController->index()\n#4 {main}"}
Stack Trace:
Array
(
    [0] => Array
        (
            [file] => C:\wamp64\www\compras\src\models\Energia.php
            [line] => 72
            [function] => error
            [class] => Logger
            [type] => ->
        )

    [1] => Array
        (
            [file] => C:\wamp64\www\compras\src\controllers\BaseController.php
            [line] => 39
            [function] => buscarComFiltros
            [class] => Energia
            [type] => ->
        )

)

[06-11-2025 18:13:07] [ERROR] [IP: ::1] [User: 2] Erro ao calcular total pendente {"error":"SQLSTATE[42S22]: Column not found: 1054 Unknown column 'valor_fatura' in 'field list'","trace":"#0 C:\\wamp64\\www\\compras\\src\\models\\Energia.php(126): PDO->query('SELECT SUM(valo...')\n#1 C:\\wamp64\\www\\compras\\src\\controllers\\BaseController.php(42): Energia->getTotalPendente()\n#2 C:\\wamp64\\www\\compras\\src\\controllers\\EnergiaController.php(18): BaseController->index()\n#3 C:\\wamp64\\www\\compras\\public\\energia.php(44): EnergiaController->index()\n#4 {main}"}
Stack Trace:
Array
(
    [0] => Array
        (
            [file] => C:\wamp64\www\compras\src\models\Energia.php
            [line] => 130
            [function] => error
            [class] => Logger
            [type] => ->
        )

    [1] => Array
        (
            [file] => C:\wamp64\www\compras\src\controllers\BaseController.php
            [line] => 42
            [function] => getTotalPendente
            [class] => Energia
            [type] => ->
        )

)

[06-11-2025 18:13:07] [ERROR] [IP: ::1] [User: 2] Erro ao calcular média de consumo {"error":"SQLSTATE[42S22]: Column not found: 1054 Unknown column 'data_vencimento' in 'where clause'","trace":"#0 C:\\wamp64\\www\\compras\\src\\models\\Energia.php(108): PDO->query('SELECT AVG(cons...')\n#1 C:\\wamp64\\www\\compras\\src\\controllers\\BaseController.php(47): Energia->getMediaConsumo()\n#2 C:\\wamp64\\www\\compras\\src\\controllers\\EnergiaController.php(18): BaseController->index()\n#3 C:\\wamp64\\www\\compras\\public\\energia.php(44): EnergiaController->index()\n#4 {main}"}
Stack Trace:
Array
(
    [0] => Array
        (
            [file] => C:\wamp64\www\compras\src\models\Energia.php
            [line] => 112
            [function] => error
            [class] => Logger
            [type] => ->
        )

    [1] => Array
        (
            [file] => C:\wamp64\www\compras\src\controllers\BaseController.php
            [line] => 47
            [function] => getMediaConsumo
            [class] => Energia
            [type] => ->
        )

)

[06-11-2025 18:13:07] [ERROR] [IP: ::1] [User: 2] Erro ao buscar consumo mensal {"error":"SQLSTATE[42S22]: Column not found: 1054 Unknown column 'data_vencimento' in 'field list'","trace":"#0 C:\\wamp64\\www\\compras\\src\\models\\Energia.php(91): PDO->query('SELECT\\r\\n       ...')\n#1 C:\\wamp64\\www\\compras\\src\\controllers\\BaseController.php(83): Energia->getConsumoMensal()\n#2 C:\\wamp64\\www\\compras\\src\\controllers\\EnergiaController.php(18): BaseController->index()\n#3 C:\\wamp64\\www\\compras\\public\\energia.php(44): EnergiaController->index()\n#4 {main}"}
Stack Trace:
Array
(
    [0] => Array
        (
            [file] => C:\wamp64\www\compras\src\models\Energia.php
            [line] => 94
            [function] => error
            [class] => Logger
            [type] => ->
        )

    [1] => Array
        (
            [file] => C:\wamp64\www\compras\src\controllers\BaseController.php
            [line] => 83
            [function] => getConsumoMensal
            [class] => Energia
            [type] => ->
        )

)

[06-11-2025 18:13:07] [ERROR] [IP: ::1] [User: 2] Erro ao calcular a soma da coluna valor_final {"error":"Coluna inv\u00e1lida para soma: valor_final","trace":"#0 C:\\wamp64\\www\\compras\\src\\controllers\\EnergiaController.php(21): Model->sum('valor_final', Array)\n#1 C:\\wamp64\\www\\compras\\public\\energia.php(44): EnergiaController->index()\n#2 {main}"}
Stack Trace:
Array
(
    [0] => Array
        (
            [file] => C:\wamp64\www\compras\src\includes\Model.php
            [line] => 153
            [function] => error
            [class] => Logger
            [type] => ->
        )

    [1] => Array
        (
            [file] => C:\wamp64\www\compras\src\controllers\EnergiaController.php
            [line] => 21
            [function] => sum
            [class] => Model
            [type] => ->
        )

)

[06-11-2025 18:18:23] [ERROR] [IP: ::1] [User: 2] Erro ao buscar registros com filtros {"error":"SQLSTATE[42S22]: Column not found: 1054 Unknown column 'id_energia' in 'order clause'","trace":"#0 C:\\wamp64\\www\\compras\\src\\models\\Energia.php(65): PDO->prepare('SELECT * FROM e...')\n#1 C:\\wamp64\\www\\compras\\src\\controllers\\BaseController.php(39): Energia->buscarComFiltros(Array)\n#2 C:\\wamp64\\www\\compras\\src\\controllers\\EnergiaController.php(18): BaseController->index()\n#3 C:\\wamp64\\www\\compras\\public\\energia.php(44): EnergiaController->index()\n#4 {main}"}
Stack Trace:
Array
(
    [0] => Array
        (
            [file] => C:\wamp64\www\compras\src\models\Energia.php
            [line] => 72
            [function] => error
            [class] => Logger
            [type] => ->
        )

    [1] => Array
        (
            [file] => C:\wamp64\www\compras\src\controllers\BaseController.php
            [line] => 39
            [function] => buscarComFiltros
            [class] => Energia
            [type] => ->
        )

)

[06-11-2025 18:18:23] [ERROR] [IP: ::1] [User: 2] Erro ao calcular total pendente {"error":"SQLSTATE[42S22]: Column not found: 1054 Unknown column 'valor_fatura' in 'field list'","trace":"#0 C:\\wamp64\\www\\compras\\src\\models\\Energia.php(126): PDO->query('SELECT SUM(valo...')\n#1 C:\\wamp64\\www\\compras\\src\\controllers\\BaseController.php(42): Energia->getTotalPendente()\n#2 C:\\wamp64\\www\\compras\\src\\controllers\\EnergiaController.php(18): BaseController->index()\n#3 C:\\wamp64\\www\\compras\\public\\energia.php(44): EnergiaController->index()\n#4 {main}"}
Stack Trace:
Array
(
    [0] => Array
        (
            [file] => C:\wamp64\www\compras\src\models\Energia.php
            [line] => 130
            [function] => error
            [class] => Logger
            [type] => ->
        )

    [1] => Array
        (
            [file] => C:\wamp64\www\compras\src\controllers\BaseController.php
            [line] => 42
            [function] => getTotalPendente
            [class] => Energia
            [type] => ->
        )

)

[06-11-2025 18:18:23] [ERROR] [IP: ::1] [User: 2] Erro ao calcular média de consumo {"error":"SQLSTATE[42S22]: Column not found: 1054 Unknown column 'data_vencimento' in 'where clause'","trace":"#0 C:\\wamp64\\www\\compras\\src\\models\\Energia.php(108): PDO->query('SELECT AVG(cons...')\n#1 C:\\wamp64\\www\\compras\\src\\controllers\\BaseController.php(47): Energia->getMediaConsumo()\n#2 C:\\wamp64\\www\\compras\\src\\controllers\\EnergiaController.php(18): BaseController->index()\n#3 C:\\wamp64\\www\\compras\\public\\energia.php(44): EnergiaController->index()\n#4 {main}"}
Stack Trace:
Array
(
    [0] => Array
        (
            [file] => C:\wamp64\www\compras\src\models\Energia.php
            [line] => 112
            [function] => error
            [class] => Logger
            [type] => ->
        )

    [1] => Array
        (
            [file] => C:\wamp64\www\compras\src\controllers\BaseController.php
            [line] => 47
            [function] => getMediaConsumo
            [class] => Energia
            [type] => ->
        )

)

[06-11-2025 18:18:23] [ERROR] [IP: ::1] [User: 2] Erro ao buscar consumo mensal {"error":"SQLSTATE[42S22]: Column not found: 1054 Unknown column 'data_vencimento' in 'field list'","trace":"#0 C:\\wamp64\\www\\compras\\src\\models\\Energia.php(91): PDO->query('SELECT\\r\\n       ...')\n#1 C:\\wamp64\\www\\compras\\src\\controllers\\BaseController.php(83): Energia->getConsumoMensal()\n#2 C:\\wamp64\\www\\compras\\src\\controllers\\EnergiaController.php(18): BaseController->index()\n#3 C:\\wamp64\\www\\compras\\public\\energia.php(44): EnergiaController->index()\n#4 {main}"}
Stack Trace:
Array
(
    [0] => Array
        (
            [file] => C:\wamp64\www\compras\src\models\Energia.php
            [line] => 94
            [function] => error
            [class] => Logger
            [type] => ->
        )

    [1] => Array
        (
            [file] => C:\wamp64\www\compras\src\controllers\BaseController.php
            [line] => 83
            [function] => getConsumoMensal
            [class] => Energia
            [type] => ->
        )

)

[06-11-2025 18:18:23] [ERROR] [IP: ::1] [User: 2] Erro ao calcular a soma da coluna valor_final {"error":"Coluna inv\u00e1lida para soma: valor_final","trace":"#0 C:\\wamp64\\www\\compras\\src\\controllers\\EnergiaController.php(21): Model->sum('valor_final', Array)\n#1 C:\\wamp64\\www\\compras\\public\\energia.php(44): EnergiaController->index()\n#2 {main}"}
Stack Trace:
Array
(
    [0] => Array
        (
            [file] => C:\wamp64\www\compras\src\includes\Model.php
            [line] => 153
            [function] => error
            [class] => Logger
            [type] => ->
        )

    [1] => Array
        (
            [file] => C:\wamp64\www\compras\src\controllers\EnergiaController.php
            [line] => 21
            [function] => sum
            [class] => Model
            [type] => ->
        )

)

[06-11-2025 18:40:29] [ERROR] [IP: ::1] [User: 2] Erro ao buscar registros com filtros {"error":"SQLSTATE[42S22]: Column not found: 1054 Unknown column 'id_energia' in 'order clause'","trace":"#0 C:\\wamp64\\www\\compras\\src\\models\\Energia.php(65): PDO->prepare('SELECT * FROM e...')\n#1 C:\\wamp64\\www\\compras\\src\\controllers\\BaseController.php(39): Energia->buscarComFiltros(Array)\n#2 C:\\wamp64\\www\\compras\\src\\controllers\\EnergiaController.php(18): BaseController->index()\n#3 C:\\wamp64\\www\\compras\\public\\energia.php(44): EnergiaController->index()\n#4 {main}"}
Stack Trace:
Array
(
    [0] => Array
        (
            [file] => C:\wamp64\www\compras\src\models\Energia.php
            [line] => 72
            [function] => error
            [class] => Logger
            [type] => ->
        )

    [1] => Array
        (
            [file] => C:\wamp64\www\compras\src\controllers\BaseController.php
            [line] => 39
            [function] => buscarComFiltros
            [class] => Energia
            [type] => ->
        )

)

[06-11-2025 18:40:29] [ERROR] [IP: ::1] [User: 2] Erro ao calcular total pendente {"error":"SQLSTATE[42S22]: Column not found: 1054 Unknown column 'valor_fatura' in 'field list'","trace":"#0 C:\\wamp64\\www\\compras\\src\\models\\Energia.php(126): PDO->query('SELECT SUM(valo...')\n#1 C:\\wamp64\\www\\compras\\src\\controllers\\BaseController.php(42): Energia->getTotalPendente()\n#2 C:\\wamp64\\www\\compras\\src\\controllers\\EnergiaController.php(18): BaseController->index()\n#3 C:\\wamp64\\www\\compras\\public\\energia.php(44): EnergiaController->index()\n#4 {main}"}
Stack Trace:
Array
(
    [0] => Array
        (
            [file] => C:\wamp64\www\compras\src\models\Energia.php
            [line] => 130
            [function] => error
            [class] => Logger
            [type] => ->
        )

    [1] => Array
        (
            [file] => C:\wamp64\www\compras\src\controllers\BaseController.php
            [line] => 42
            [function] => getTotalPendente
            [class] => Energia
            [type] => ->
        )

)

[06-11-2025 18:40:29] [ERROR] [IP: ::1] [User: 2] Erro ao calcular média de consumo {"error":"SQLSTATE[42S22]: Column not found: 1054 Unknown column 'data_vencimento' in 'where clause'","trace":"#0 C:\\wamp64\\www\\compras\\src\\models\\Energia.php(108): PDO->query('SELECT AVG(cons...')\n#1 C:\\wamp64\\www\\compras\\src\\controllers\\BaseController.php(47): Energia->getMediaConsumo()\n#2 C:\\wamp64\\www\\compras\\src\\controllers\\EnergiaController.php(18): BaseController->index()\n#3 C:\\wamp64\\www\\compras\\public\\energia.php(44): EnergiaController->index()\n#4 {main}"}
Stack Trace:
Array
(
    [0] => Array
        (
            [file] => C:\wamp64\www\compras\src\models\Energia.php
            [line] => 112
            [function] => error
            [class] => Logger
            [type] => ->
        )

    [1] => Array
        (
            [file] => C:\wamp64\www\compras\src\controllers\BaseController.php
            [line] => 47
            [function] => getMediaConsumo
            [class] => Energia
            [type] => ->
        )

)

[06-11-2025 18:40:29] [ERROR] [IP: ::1] [User: 2] Erro ao buscar consumo mensal {"error":"SQLSTATE[42S22]: Column not found: 1054 Unknown column 'data_vencimento' in 'field list'","trace":"#0 C:\\wamp64\\www\\compras\\src\\models\\Energia.php(91): PDO->query('SELECT\\r\\n       ...')\n#1 C:\\wamp64\\www\\compras\\src\\controllers\\BaseController.php(83): Energia->getConsumoMensal()\n#2 C:\\wamp64\\www\\compras\\src\\controllers\\EnergiaController.php(18): BaseController->index()\n#3 C:\\wamp64\\www\\compras\\public\\energia.php(44): EnergiaController->index()\n#4 {main}"}
Stack Trace:
Array
(
    [0] => Array
        (
            [file] => C:\wamp64\www\compras\src\models\Energia.php
            [line] => 94
            [function] => error
            [class] => Logger
            [type] => ->
        )

    [1] => Array
        (
            [file] => C:\wamp64\www\compras\src\controllers\BaseController.php
            [line] => 83
            [function] => getConsumoMensal
            [class] => Energia
            [type] => ->
        )

)

[06-11-2025 18:40:29] [ERROR] [IP: ::1] [User: 2] Erro ao calcular a soma da coluna valor_final {"error":"Coluna inv\u00e1lida para soma: valor_final","trace":"#0 C:\\wamp64\\www\\compras\\src\\controllers\\EnergiaController.php(21): Model->sum('valor_final', Array)\n#1 C:\\wamp64\\www\\compras\\public\\energia.php(44): EnergiaController->index()\n#2 {main}"}
Stack Trace:
Array
(
    [0] => Array
        (
            [file] => C:\wamp64\www\compras\src\includes\Model.php
            [line] => 153
            [function] => error
            [class] => Logger
            [type] => ->
        )

    [1] => Array
        (
            [file] => C:\wamp64\www\compras\src\controllers\EnergiaController.php
            [line] => 21
            [function] => sum
            [class] => Model
            [type] => ->
        )

)

[06-11-2025 18:40:33] [ERROR] [IP: ::1] [User: 2] Erro ao buscar registros com filtros {"error":"SQLSTATE[42S22]: Column not found: 1054 Unknown column 'id_energia' in 'order clause'","trace":"#0 C:\\wamp64\\www\\compras\\src\\models\\Energia.php(65): PDO->prepare('SELECT * FROM e...')\n#1 C:\\wamp64\\www\\compras\\src\\controllers\\BaseController.php(39): Energia->buscarComFiltros(Array)\n#2 C:\\wamp64\\www\\compras\\src\\controllers\\EnergiaController.php(18): BaseController->index()\n#3 C:\\wamp64\\www\\compras\\public\\energia.php(44): EnergiaController->index()\n#4 {main}"}
Stack Trace:
Array
(
    [0] => Array
        (
            [file] => C:\wamp64\www\compras\src\models\Energia.php
            [line] => 72
            [function] => error
            [class] => Logger
            [type] => ->
        )

    [1] => Array
        (
            [file] => C:\wamp64\www\compras\src\controllers\BaseController.php
            [line] => 39
            [function] => buscarComFiltros
            [class] => Energia
            [type] => ->
        )

)

[06-11-2025 18:40:33] [ERROR] [IP: ::1] [User: 2] Erro ao calcular total pendente {"error":"SQLSTATE[42S22]: Column not found: 1054 Unknown column 'valor_fatura' in 'field list'","trace":"#0 C:\\wamp64\\www\\compras\\src\\models\\Energia.php(126): PDO->query('SELECT SUM(valo...')\n#1 C:\\wamp64\\www\\compras\\src\\controllers\\BaseController.php(42): Energia->getTotalPendente()\n#2 C:\\wamp64\\www\\compras\\src\\controllers\\EnergiaController.php(18): BaseController->index()\n#3 C:\\wamp64\\www\\compras\\public\\energia.php(44): EnergiaController->index()\n#4 {main}"}
Stack Trace:
Array
(
    [0] => Array
        (
            [file] => C:\wamp64\www\compras\src\models\Energia.php
            [line] => 130
            [function] => error
            [class] => Logger
            [type] => ->
        )

    [1] => Array
        (
            [file] => C:\wamp64\www\compras\src\controllers\BaseController.php
            [line] => 42
            [function] => getTotalPendente
            [class] => Energia
            [type] => ->
        )

)

[06-11-2025 18:40:33] [ERROR] [IP: ::1] [User: 2] Erro ao calcular média de consumo {"error":"SQLSTATE[42S22]: Column not found: 1054 Unknown column 'data_vencimento' in 'where clause'","trace":"#0 C:\\wamp64\\www\\compras\\src\\models\\Energia.php(108): PDO->query('SELECT AVG(cons...')\n#1 C:\\wamp64\\www\\compras\\src\\controllers\\BaseController.php(47): Energia->getMediaConsumo()\n#2 C:\\wamp64\\www\\compras\\src\\controllers\\EnergiaController.php(18): BaseController->index()\n#3 C:\\wamp64\\www\\compras\\public\\energia.php(44): EnergiaController->index()\n#4 {main}"}
Stack Trace:
Array
(
    [0] => Array
        (
            [file] => C:\wamp64\www\compras\src\models\Energia.php
            [line] => 112
            [function] => error
            [class] => Logger
            [type] => ->
        )

    [1] => Array
        (
            [file] => C:\wamp64\www\compras\src\controllers\BaseController.php
            [line] => 47
            [function] => getMediaConsumo
            [class] => Energia
            [type] => ->
        )

)

[06-11-2025 18:40:33] [ERROR] [IP: ::1] [User: 2] Erro ao buscar consumo mensal {"error":"SQLSTATE[42S22]: Column not found: 1054 Unknown column 'data_vencimento' in 'field list'","trace":"#0 C:\\wamp64\\www\\compras\\src\\models\\Energia.php(91): PDO->query('SELECT\\r\\n       ...')\n#1 C:\\wamp64\\www\\compras\\src\\controllers\\BaseController.php(83): Energia->getConsumoMensal()\n#2 C:\\wamp64\\www\\compras\\src\\controllers\\EnergiaController.php(18): BaseController->index()\n#3 C:\\wamp64\\www\\compras\\public\\energia.php(44): EnergiaController->index()\n#4 {main}"}
Stack Trace:
Array
(
    [0] => Array
        (
            [file] => C:\wamp64\www\compras\src\models\Energia.php
            [line] => 94
            [function] => error
            [class] => Logger
            [type] => ->
        )

    [1] => Array
        (
            [file] => C:\wamp64\www\compras\src\controllers\BaseController.php
            [line] => 83
            [function] => getConsumoMensal
            [class] => Energia
            [type] => ->
        )

)

[06-11-2025 18:40:33] [ERROR] [IP: ::1] [User: 2] Erro ao calcular a soma da coluna valor_final {"error":"Coluna inv\u00e1lida para soma: valor_final","trace":"#0 C:\\wamp64\\www\\compras\\src\\controllers\\EnergiaController.php(21): Model->sum('valor_final', Array)\n#1 C:\\wamp64\\www\\compras\\public\\energia.php(44): EnergiaController->index()\n#2 {main}"}
Stack Trace:
Array
(
    [0] => Array
        (
            [file] => C:\wamp64\www\compras\src\includes\Model.php
            [line] => 153
            [function] => error
            [class] => Logger
            [type] => ->
        )

    [1] => Array
        (
            [file] => C:\wamp64\www\compras\src\controllers\EnergiaController.php
            [line] => 21
            [function] => sum
            [class] => Model
            [type] => ->
        )

)

[06-11-2025 18:48:28] [ERROR] [IP: ::1] [User: 2] Erro ao buscar registros com filtros {"error":"SQLSTATE[42S22]: Column not found: 1054 Unknown column 'id_energia' in 'order clause'","trace":"#0 C:\\wamp64\\www\\compras\\src\\models\\Energia.php(65): PDO->prepare('SELECT * FROM e...')\n#1 C:\\wamp64\\www\\compras\\src\\controllers\\BaseController.php(39): Energia->buscarComFiltros(Array)\n#2 C:\\wamp64\\www\\compras\\src\\controllers\\EnergiaController.php(18): BaseController->index()\n#3 C:\\wamp64\\www\\compras\\public\\energia.php(44): EnergiaController->index()\n#4 {main}"}
Stack Trace:
Array
(
    [0] => Array
        (
            [file] => C:\wamp64\www\compras\src\models\Energia.php
            [line] => 72
            [function] => error
            [class] => Logger
            [type] => ->
        )

    [1] => Array
        (
            [file] => C:\wamp64\www\compras\src\controllers\BaseController.php
            [line] => 39
            [function] => buscarComFiltros
            [class] => Energia
            [type] => ->
        )

)

[06-11-2025 18:48:28] [ERROR] [IP: ::1] [User: 2] Erro ao calcular total pendente {"error":"SQLSTATE[42S22]: Column not found: 1054 Unknown column 'valor_fatura' in 'field list'","trace":"#0 C:\\wamp64\\www\\compras\\src\\models\\Energia.php(126): PDO->query('SELECT SUM(valo...')\n#1 C:\\wamp64\\www\\compras\\src\\controllers\\BaseController.php(42): Energia->getTotalPendente()\n#2 C:\\wamp64\\www\\compras\\src\\controllers\\EnergiaController.php(18): BaseController->index()\n#3 C:\\wamp64\\www\\compras\\public\\energia.php(44): EnergiaController->index()\n#4 {main}"}
Stack Trace:
Array
(
    [0] => Array
        (
            [file] => C:\wamp64\www\compras\src\models\Energia.php
            [line] => 130
            [function] => error
            [class] => Logger
            [type] => ->
        )

    [1] => Array
        (
            [file] => C:\wamp64\www\compras\src\controllers\BaseController.php
            [line] => 42
            [function] => getTotalPendente
            [class] => Energia
            [type] => ->
        )

)

[06-11-2025 18:48:28] [ERROR] [IP: ::1] [User: 2] Erro ao calcular média de consumo {"error":"SQLSTATE[42S22]: Column not found: 1054 Unknown column 'data_vencimento' in 'where clause'","trace":"#0 C:\\wamp64\\www\\compras\\src\\models\\Energia.php(108): PDO->query('SELECT AVG(cons...')\n#1 C:\\wamp64\\www\\compras\\src\\controllers\\BaseController.php(47): Energia->getMediaConsumo()\n#2 C:\\wamp64\\www\\compras\\src\\controllers\\EnergiaController.php(18): BaseController->index()\n#3 C:\\wamp64\\www\\compras\\public\\energia.php(44): EnergiaController->index()\n#4 {main}"}
Stack Trace:
Array
(
    [0] => Array
        (
            [file] => C:\wamp64\www\compras\src\models\Energia.php
            [line] => 112
            [function] => error
            [class] => Logger
            [type] => ->
        )

    [1] => Array
        (
            [file] => C:\wamp64\www\compras\src\controllers\BaseController.php
            [line] => 47
            [function] => getMediaConsumo
            [class] => Energia
            [type] => ->
        )

)

[06-11-2025 18:48:28] [ERROR] [IP: ::1] [User: 2] Erro ao buscar consumo mensal {"error":"SQLSTATE[42S22]: Column not found: 1054 Unknown column 'data_vencimento' in 'field list'","trace":"#0 C:\\wamp64\\www\\compras\\src\\models\\Energia.php(91): PDO->query('SELECT\\r\\n       ...')\n#1 C:\\wamp64\\www\\compras\\src\\controllers\\BaseController.php(83): Energia->getConsumoMensal()\n#2 C:\\wamp64\\www\\compras\\src\\controllers\\EnergiaController.php(18): BaseController->index()\n#3 C:\\wamp64\\www\\compras\\public\\energia.php(44): EnergiaController->index()\n#4 {main}"}
Stack Trace:
Array
(
    [0] => Array
        (
            [file] => C:\wamp64\www\compras\src\models\Energia.php
            [line] => 94
            [function] => error
            [class] => Logger
            [type] => ->
        )

    [1] => Array
        (
            [file] => C:\wamp64\www\compras\src\controllers\BaseController.php
            [line] => 83
            [function] => getConsumoMensal
            [class] => Energia
            [type] => ->
        )

)

[06-11-2025 18:48:28] [ERROR] [IP: ::1] [User: 2] Erro ao calcular a soma da coluna valor_final {"error":"Coluna inv\u00e1lida para soma: valor_final","trace":"#0 C:\\wamp64\\www\\compras\\src\\controllers\\EnergiaController.php(21): Model->sum('valor_final', Array)\n#1 C:\\wamp64\\www\\compras\\public\\energia.php(44): EnergiaController->index()\n#2 {main}"}
Stack Trace:
Array
(
    [0] => Array
        (
            [file] => C:\wamp64\www\compras\src\includes\Model.php
            [line] => 153
            [function] => error
            [class] => Logger
            [type] => ->
        )

    [1] => Array
        (
            [file] => C:\wamp64\www\compras\src\controllers\EnergiaController.php
            [line] => 21
            [function] => sum
            [class] => Model
            [type] => ->
        )

)

[06-11-2025 18:53:32] [ERROR] [IP: ::1] [User: 2] Erro ao buscar registros com filtros {"error":"SQLSTATE[42S22]: Column not found: 1054 Unknown column 'id_agua' in 'order clause'","trace":"#0 C:\\wamp64\\www\\compras\\src\\models\\Agua.php(56): PDO->prepare('SELECT * FROM a...')\n#1 C:\\wamp64\\www\\compras\\src\\controllers\\BaseController.php(39): Agua->buscarComFiltros(Array)\n#2 C:\\wamp64\\www\\compras\\src\\controllers\\AguaController.php(16): BaseController->index()\n#3 C:\\wamp64\\www\\compras\\public\\agua.php(44): AguaController->index()\n#4 {main}"}
Stack Trace:
Array
(
    [0] => Array
        (
            [file] => C:\wamp64\www\compras\src\models\Agua.php
            [line] => 63
            [function] => error
            [class] => Logger
            [type] => ->
        )

    [1] => Array
        (
            [file] => C:\wamp64\www\compras\src\controllers\BaseController.php
            [line] => 39
            [function] => buscarComFiltros
            [class] => Agua
            [type] => ->
        )

)

[06-11-2025 18:53:32] [ERROR] [IP: ::1] [User: 2] Erro ao calcular total pendente {"error":"SQLSTATE[42S22]: Column not found: 1054 Unknown column 'valor_fatura' in 'field list'","trace":"#0 C:\\wamp64\\www\\compras\\src\\models\\Agua.php(117): PDO->query('SELECT SUM(valo...')\n#1 C:\\wamp64\\www\\compras\\src\\controllers\\BaseController.php(42): Agua->getTotalPendente()\n#2 C:\\wamp64\\www\\compras\\src\\controllers\\AguaController.php(16): BaseController->index()\n#3 C:\\wamp64\\www\\compras\\public\\agua.php(44): AguaController->index()\n#4 {main}"}
Stack Trace:
Array
(
    [0] => Array
        (
            [file] => C:\wamp64\www\compras\src\models\Agua.php
            [line] => 121
            [function] => error
            [class] => Logger
            [type] => ->
        )

    [1] => Array
        (
            [file] => C:\wamp64\www\compras\src\controllers\BaseController.php
            [line] => 42
            [function] => getTotalPendente
            [class] => Agua
            [type] => ->
        )

)

[06-11-2025 18:53:32] [ERROR] [IP: ::1] [User: 2] Erro ao buscar consumo mensal {"error":"SQLSTATE[42S22]: Column not found: 1054 Unknown column 'valor_fatura' in 'field list'","trace":"#0 C:\\wamp64\\www\\compras\\src\\models\\Agua.php(82): PDO->query('SELECT\\r\\n       ...')\n#1 C:\\wamp64\\www\\compras\\src\\controllers\\BaseController.php(83): Agua->getConsumoMensal()\n#2 C:\\wamp64\\www\\compras\\src\\controllers\\AguaController.php(16): BaseController->index()\n#3 C:\\wamp64\\www\\compras\\public\\agua.php(44): AguaController->index()\n#4 {main}"}
Stack Trace:
Array
(
    [0] => Array
        (
            [file] => C:\wamp64\www\compras\src\models\Agua.php
            [line] => 85
            [function] => error
            [class] => Logger
            [type] => ->
        )

    [1] => Array
        (
            [file] => C:\wamp64\www\compras\src\controllers\BaseController.php
            [line] => 83
            [function] => getConsumoMensal
            [class] => Agua
            [type] => ->
        )

)

[06-11-2025 18:53:32] [ERROR] [IP: ::1] [User: 2] Erro ao calcular a soma da coluna valor_fatura {"error":"SQLSTATE[42S22]: Column not found: 1054 Unknown column 'valor_fatura' in 'field list'","trace":"#0 C:\\wamp64\\www\\compras\\src\\includes\\Model.php(148): PDO->prepare('SELECT SUM(valo...')\n#1 C:\\wamp64\\www\\compras\\src\\controllers\\AguaController.php(19): Model->sum('valor_fatura', Array)\n#2 C:\\wamp64\\www\\compras\\public\\agua.php(44): AguaController->index()\n#3 {main}"}
Stack Trace:
Array
(
    [0] => Array
        (
            [file] => C:\wamp64\www\compras\src\includes\Model.php
            [line] => 153
            [function] => error
            [class] => Logger
            [type] => ->
        )

    [1] => Array
        (
            [file] => C:\wamp64\www\compras\src\controllers\AguaController.php
            [line] => 19
            [function] => sum
            [class] => Model
            [type] => ->
        )

)

[06-11-2025 18:53:32] [ERROR] [IP: ::1] [User: 2] Erro ao calcular a soma da coluna multa {"error":"SQLSTATE[42S22]: Column not found: 1054 Unknown column 'multa' in 'field list'","trace":"#0 C:\\wamp64\\www\\compras\\src\\includes\\Model.php(148): PDO->prepare('SELECT SUM(mult...')\n#1 C:\\wamp64\\www\\compras\\src\\controllers\\AguaController.php(21): Model->sum('multa')\n#2 C:\\wamp64\\www\\compras\\public\\agua.php(44): AguaController->index()\n#3 {main}"}
Stack Trace:
Array
(
    [0] => Array
        (
            [file] => C:\wamp64\www\compras\src\includes\Model.php
            [line] => 153
            [function] => error
            [class] => Logger
            [type] => ->
        )

    [1] => Array
        (
            [file] => C:\wamp64\www\compras\src\controllers\AguaController.php
            [line] => 21
            [function] => sum
            [class] => Model
            [type] => ->
        )

)

[06-11-2025 18:53:39] [ERROR] [IP: ::1] [User: 2] Erro ao buscar registros com filtros {"error":"SQLSTATE[42S22]: Column not found: 1054 Unknown column 'id_energia' in 'order clause'","trace":"#0 C:\\wamp64\\www\\compras\\src\\models\\Energia.php(65): PDO->prepare('SELECT * FROM e...')\n#1 C:\\wamp64\\www\\compras\\src\\controllers\\BaseController.php(39): Energia->buscarComFiltros(Array)\n#2 C:\\wamp64\\www\\compras\\src\\controllers\\EnergiaController.php(18): BaseController->index()\n#3 C:\\wamp64\\www\\compras\\public\\energia.php(44): EnergiaController->index()\n#4 {main}"}
Stack Trace:
Array
(
    [0] => Array
        (
            [file] => C:\wamp64\www\compras\src\models\Energia.php
            [line] => 72
            [function] => error
            [class] => Logger
            [type] => ->
        )

    [1] => Array
        (
            [file] => C:\wamp64\www\compras\src\controllers\BaseController.php
            [line] => 39
            [function] => buscarComFiltros
            [class] => Energia
            [type] => ->
        )

)

[06-11-2025 18:53:39] [ERROR] [IP: ::1] [User: 2] Erro ao calcular total pendente {"error":"SQLSTATE[42S22]: Column not found: 1054 Unknown column 'valor_fatura' in 'field list'","trace":"#0 C:\\wamp64\\www\\compras\\src\\models\\Energia.php(126): PDO->query('SELECT SUM(valo...')\n#1 C:\\wamp64\\www\\compras\\src\\controllers\\BaseController.php(42): Energia->getTotalPendente()\n#2 C:\\wamp64\\www\\compras\\src\\controllers\\EnergiaController.php(18): BaseController->index()\n#3 C:\\wamp64\\www\\compras\\public\\energia.php(44): EnergiaController->index()\n#4 {main}"}
Stack Trace:
Array
(
    [0] => Array
        (
            [file] => C:\wamp64\www\compras\src\models\Energia.php
            [line] => 130
            [function] => error
            [class] => Logger
            [type] => ->
        )

    [1] => Array
        (
            [file] => C:\wamp64\www\compras\src\controllers\BaseController.php
            [line] => 42
            [function] => getTotalPendente
            [class] => Energia
            [type] => ->
        )

)

[06-11-2025 18:53:39] [ERROR] [IP: ::1] [User: 2] Erro ao calcular média de consumo {"error":"SQLSTATE[42S22]: Column not found: 1054 Unknown column 'data_vencimento' in 'where clause'","trace":"#0 C:\\wamp64\\www\\compras\\src\\models\\Energia.php(108): PDO->query('SELECT AVG(cons...')\n#1 C:\\wamp64\\www\\compras\\src\\controllers\\BaseController.php(47): Energia->getMediaConsumo()\n#2 C:\\wamp64\\www\\compras\\src\\controllers\\EnergiaController.php(18): BaseController->index()\n#3 C:\\wamp64\\www\\compras\\public\\energia.php(44): EnergiaController->index()\n#4 {main}"}
Stack Trace:
Array
(
    [0] => Array
        (
            [file] => C:\wamp64\www\compras\src\models\Energia.php
            [line] => 112
            [function] => error
            [class] => Logger
            [type] => ->
        )

    [1] => Array
        (
            [file] => C:\wamp64\www\compras\src\controllers\BaseController.php
            [line] => 47
            [function] => getMediaConsumo
            [class] => Energia
            [type] => ->
        )

)

[06-11-2025 18:53:39] [ERROR] [IP: ::1] [User: 2] Erro ao buscar consumo mensal {"error":"SQLSTATE[42S22]: Column not found: 1054 Unknown column 'data_vencimento' in 'field list'","trace":"#0 C:\\wamp64\\www\\compras\\src\\models\\Energia.php(91): PDO->query('SELECT\\r\\n       ...')\n#1 C:\\wamp64\\www\\compras\\src\\controllers\\BaseController.php(83): Energia->getConsumoMensal()\n#2 C:\\wamp64\\www\\compras\\src\\controllers\\EnergiaController.php(18): BaseController->index()\n#3 C:\\wamp64\\www\\compras\\public\\energia.php(44): EnergiaController->index()\n#4 {main}"}
Stack Trace:
Array
(
    [0] => Array
        (
            [file] => C:\wamp64\www\compras\src\models\Energia.php
            [line] => 94
            [function] => error
            [class] => Logger
            [type] => ->
        )

    [1] => Array
        (
            [file] => C:\wamp64\www\compras\src\controllers\BaseController.php
            [line] => 83
            [function] => getConsumoMensal
            [class] => Energia
            [type] => ->
        )

)

[06-11-2025 18:53:39] [ERROR] [IP: ::1] [User: 2] Erro ao calcular a soma da coluna valor_final {"error":"Coluna inv\u00e1lida para soma: valor_final","trace":"#0 C:\\wamp64\\www\\compras\\src\\controllers\\EnergiaController.php(21): Model->sum('valor_final', Array)\n#1 C:\\wamp64\\www\\compras\\public\\energia.php(44): EnergiaController->index()\n#2 {main}"}
Stack Trace:
Array
(
    [0] => Array
        (
            [file] => C:\wamp64\www\compras\src\includes\Model.php
            [line] => 153
            [function] => error
            [class] => Logger
            [type] => ->
        )

    [1] => Array
        (
            [file] => C:\wamp64\www\compras\src\controllers\EnergiaController.php
            [line] => 21
            [function] => sum
            [class] => Model
            [type] => ->
        )

)

[06-11-2025 19:35:25] [ERROR] [IP: ::1] [User: 2] Erro ao buscar registros com filtros {"error":"SQLSTATE[42S22]: Column not found: 1054 Unknown column 'id_energia' in 'order clause'","trace":"#0 C:\\wamp64\\www\\compras\\src\\models\\Energia.php(65): PDO->prepare('SELECT * FROM e...')\n#1 C:\\wamp64\\www\\compras\\src\\controllers\\BaseController.php(39): Energia->buscarComFiltros(Array)\n#2 C:\\wamp64\\www\\compras\\src\\controllers\\EnergiaController.php(17): BaseController->index()\n#3 C:\\wamp64\\www\\compras\\public\\energia.php(44): EnergiaController->index()\n#4 {main}"}
Stack Trace:
Array
(
    [0] => Array
        (
            [file] => C:\wamp64\www\compras\src\models\Energia.php
            [line] => 72
            [function] => error
            [class] => Logger
            [type] => ->
        )

    [1] => Array
        (
            [file] => C:\wamp64\www\compras\src\controllers\BaseController.php
            [line] => 39
            [function] => buscarComFiltros
            [class] => Energia
            [type] => ->
        )

)

[06-11-2025 19:35:25] [ERROR] [IP: ::1] [User: 2] Erro ao calcular total pendente {"error":"SQLSTATE[42S22]: Column not found: 1054 Unknown column 'valor_fatura' in 'field list'","trace":"#0 C:\\wamp64\\www\\compras\\src\\models\\Energia.php(126): PDO->query('SELECT SUM(valo...')\n#1 C:\\wamp64\\www\\compras\\src\\controllers\\BaseController.php(42): Energia->getTotalPendente()\n#2 C:\\wamp64\\www\\compras\\src\\controllers\\EnergiaController.php(17): BaseController->index()\n#3 C:\\wamp64\\www\\compras\\public\\energia.php(44): EnergiaController->index()\n#4 {main}"}
Stack Trace:
Array
(
    [0] => Array
        (
            [file] => C:\wamp64\www\compras\src\models\Energia.php
            [line] => 130
            [function] => error
            [class] => Logger
            [type] => ->
        )

    [1] => Array
        (
            [file] => C:\wamp64\www\compras\src\controllers\BaseController.php
            [line] => 42
            [function] => getTotalPendente
            [class] => Energia
            [type] => ->
        )

)

[06-11-2025 19:35:25] [ERROR] [IP: ::1] [User: 2] Erro ao calcular média de consumo {"error":"SQLSTATE[42S22]: Column not found: 1054 Unknown column 'data_vencimento' in 'where clause'","trace":"#0 C:\\wamp64\\www\\compras\\src\\models\\Energia.php(108): PDO->query('SELECT AVG(cons...')\n#1 C:\\wamp64\\www\\compras\\src\\controllers\\BaseController.php(47): Energia->getMediaConsumo()\n#2 C:\\wamp64\\www\\compras\\src\\controllers\\EnergiaController.php(17): BaseController->index()\n#3 C:\\wamp64\\www\\compras\\public\\energia.php(44): EnergiaController->index()\n#4 {main}"}
Stack Trace:
Array
(
    [0] => Array
        (
            [file] => C:\wamp64\www\compras\src\models\Energia.php
            [line] => 112
            [function] => error
            [class] => Logger
            [type] => ->
        )

    [1] => Array
        (
            [file] => C:\wamp64\www\compras\src\controllers\BaseController.php
            [line] => 47
            [function] => getMediaConsumo
            [class] => Energia
            [type] => ->
        )

)

[06-11-2025 19:35:25] [ERROR] [IP: ::1] [User: 2] Erro ao buscar consumo mensal {"error":"SQLSTATE[42S22]: Column not found: 1054 Unknown column 'data_vencimento' in 'field list'","trace":"#0 C:\\wamp64\\www\\compras\\src\\models\\Energia.php(91): PDO->query('SELECT\\r\\n       ...')\n#1 C:\\wamp64\\www\\compras\\src\\controllers\\BaseController.php(83): Energia->getConsumoMensal()\n#2 C:\\wamp64\\www\\compras\\src\\controllers\\EnergiaController.php(17): BaseController->index()\n#3 C:\\wamp64\\www\\compras\\public\\energia.php(44): EnergiaController->index()\n#4 {main}"}
Stack Trace:
Array
(
    [0] => Array
        (
            [file] => C:\wamp64\www\compras\src\models\Energia.php
            [line] => 94
            [function] => error
            [class] => Logger
            [type] => ->
        )

    [1] => Array
        (
            [file] => C:\wamp64\www\compras\src\controllers\BaseController.php
            [line] => 83
            [function] => getConsumoMensal
            [class] => Energia
            [type] => ->
        )

)

[06-11-2025 19:35:25] [ERROR] [IP: ::1] [User: 2] Erro ao calcular a soma da coluna valor_final {"error":"Coluna inv\u00e1lida para soma: valor_final","trace":"#0 C:\\wamp64\\www\\compras\\src\\controllers\\EnergiaController.php(20): Model->sum('valor_final', Array)\n#1 C:\\wamp64\\www\\compras\\public\\energia.php(44): EnergiaController->index()\n#2 {main}"}
Stack Trace:
Array
(
    [0] => Array
        (
            [file] => C:\wamp64\www\compras\src\includes\Model.php
            [line] => 153
            [function] => error
            [class] => Logger
            [type] => ->
        )

    [1] => Array
        (
            [file] => C:\wamp64\www\compras\src\controllers\EnergiaController.php
            [line] => 20
            [function] => sum
            [class] => Model
            [type] => ->
        )

)

[06-11-2025 19:35:27] [ERROR] [IP: ::1] [User: 2] Erro ao buscar registros com filtros {"error":"SQLSTATE[42S22]: Column not found: 1054 Unknown column 'id_energia' in 'order clause'","trace":"#0 C:\\wamp64\\www\\compras\\src\\models\\Energia.php(65): PDO->prepare('SELECT * FROM e...')\n#1 C:\\wamp64\\www\\compras\\src\\controllers\\BaseController.php(39): Energia->buscarComFiltros(Array)\n#2 C:\\wamp64\\www\\compras\\src\\controllers\\EnergiaController.php(17): BaseController->index()\n#3 C:\\wamp64\\www\\compras\\public\\energia.php(44): EnergiaController->index()\n#4 {main}"}
Stack Trace:
Array
(
    [0] => Array
        (
            [file] => C:\wamp64\www\compras\src\models\Energia.php
            [line] => 72
            [function] => error
            [class] => Logger
            [type] => ->
        )

    [1] => Array
        (
            [file] => C:\wamp64\www\compras\src\controllers\BaseController.php
            [line] => 39
            [function] => buscarComFiltros
            [class] => Energia
            [type] => ->
        )

)

[06-11-2025 19:35:27] [ERROR] [IP: ::1] [User: 2] Erro ao calcular total pendente {"error":"SQLSTATE[42S22]: Column not found: 1054 Unknown column 'valor_fatura' in 'field list'","trace":"#0 C:\\wamp64\\www\\compras\\src\\models\\Energia.php(126): PDO->query('SELECT SUM(valo...')\n#1 C:\\wamp64\\www\\compras\\src\\controllers\\BaseController.php(42): Energia->getTotalPendente()\n#2 C:\\wamp64\\www\\compras\\src\\controllers\\EnergiaController.php(17): BaseController->index()\n#3 C:\\wamp64\\www\\compras\\public\\energia.php(44): EnergiaController->index()\n#4 {main}"}
Stack Trace:
Array
(
    [0] => Array
        (
            [file] => C:\wamp64\www\compras\src\models\Energia.php
            [line] => 130
            [function] => error
            [class] => Logger
            [type] => ->
        )

    [1] => Array
        (
            [file] => C:\wamp64\www\compras\src\controllers\BaseController.php
            [line] => 42
            [function] => getTotalPendente
            [class] => Energia
            [type] => ->
        )

)

[06-11-2025 19:35:27] [ERROR] [IP: ::1] [User: 2] Erro ao calcular média de consumo {"error":"SQLSTATE[42S22]: Column not found: 1054 Unknown column 'data_vencimento' in 'where clause'","trace":"#0 C:\\wamp64\\www\\compras\\src\\models\\Energia.php(108): PDO->query('SELECT AVG(cons...')\n#1 C:\\wamp64\\www\\compras\\src\\controllers\\BaseController.php(47): Energia->getMediaConsumo()\n#2 C:\\wamp64\\www\\compras\\src\\controllers\\EnergiaController.php(17): BaseController->index()\n#3 C:\\wamp64\\www\\compras\\public\\energia.php(44): EnergiaController->index()\n#4 {main}"}
Stack Trace:
Array
(
    [0] => Array
        (
            [file] => C:\wamp64\www\compras\src\models\Energia.php
            [line] => 112
            [function] => error
            [class] => Logger
            [type] => ->
        )

    [1] => Array
        (
            [file] => C:\wamp64\www\compras\src\controllers\BaseController.php
            [line] => 47
            [function] => getMediaConsumo
            [class] => Energia
            [type] => ->
        )

)

[06-11-2025 19:35:27] [ERROR] [IP: ::1] [User: 2] Erro ao buscar consumo mensal {"error":"SQLSTATE[42S22]: Column not found: 1054 Unknown column 'data_vencimento' in 'field list'","trace":"#0 C:\\wamp64\\www\\compras\\src\\models\\Energia.php(91): PDO->query('SELECT\\r\\n       ...')\n#1 C:\\wamp64\\www\\compras\\src\\controllers\\BaseController.php(83): Energia->getConsumoMensal()\n#2 C:\\wamp64\\www\\compras\\src\\controllers\\EnergiaController.php(17): BaseController->index()\n#3 C:\\wamp64\\www\\compras\\public\\energia.php(44): EnergiaController->index()\n#4 {main}"}
Stack Trace:
Array
(
    [0] => Array
        (
            [file] => C:\wamp64\www\compras\src\models\Energia.php
            [line] => 94
            [function] => error
            [class] => Logger
            [type] => ->
        )

    [1] => Array
        (
            [file] => C:\wamp64\www\compras\src\controllers\BaseController.php
            [line] => 83
            [function] => getConsumoMensal
            [class] => Energia
            [type] => ->
        )

)

[06-11-2025 19:35:27] [ERROR] [IP: ::1] [User: 2] Erro ao calcular a soma da coluna valor_final {"error":"Coluna inv\u00e1lida para soma: valor_final","trace":"#0 C:\\wamp64\\www\\compras\\src\\controllers\\EnergiaController.php(20): Model->sum('valor_final', Array)\n#1 C:\\wamp64\\www\\compras\\public\\energia.php(44): EnergiaController->index()\n#2 {main}"}
Stack Trace:
Array
(
    [0] => Array
        (
            [file] => C:\wamp64\www\compras\src\includes\Model.php
            [line] => 153
            [function] => error
            [class] => Logger
            [type] => ->
        )

    [1] => Array
        (
            [file] => C:\wamp64\www\compras\src\controllers\EnergiaController.php
            [line] => 20
            [function] => sum
            [class] => Model
            [type] => ->
        )

)

[07-11-2025 11:42:51] [ERROR] [IP: ::1] [User: 2] Erro ao buscar registros com filtros {"error":"SQLSTATE[42S22]: Column not found: 1054 Unknown column 'id_energia' in 'order clause'","trace":"#0 C:\\wamp64\\www\\compras\\src\\models\\Energia.php(65): PDO->prepare('SELECT * FROM e...')\n#1 C:\\wamp64\\www\\compras\\src\\controllers\\BaseController.php(39): Energia->buscarComFiltros(Array)\n#2 C:\\wamp64\\www\\compras\\src\\controllers\\EnergiaController.php(17): BaseController->index()\n#3 C:\\wamp64\\www\\compras\\public\\energia.php(44): EnergiaController->index()\n#4 {main}"}
Stack Trace:
Array
(
    [0] => Array
        (
            [file] => C:\wamp64\www\compras\src\models\Energia.php
            [line] => 72
            [function] => error
            [class] => Logger
            [type] => ->
        )

    [1] => Array
        (
            [file] => C:\wamp64\www\compras\src\controllers\BaseController.php
            [line] => 39
            [function] => buscarComFiltros
            [class] => Energia
            [type] => ->
        )

)

[07-11-2025 11:42:51] [ERROR] [IP: ::1] [User: 2] Erro ao calcular total pendente {"error":"SQLSTATE[42S22]: Column not found: 1054 Unknown column 'valor_fatura' in 'field list'","trace":"#0 C:\\wamp64\\www\\compras\\src\\models\\Energia.php(126): PDO->query('SELECT SUM(valo...')\n#1 C:\\wamp64\\www\\compras\\src\\controllers\\BaseController.php(42): Energia->getTotalPendente()\n#2 C:\\wamp64\\www\\compras\\src\\controllers\\EnergiaController.php(17): BaseController->index()\n#3 C:\\wamp64\\www\\compras\\public\\energia.php(44): EnergiaController->index()\n#4 {main}"}
Stack Trace:
Array
(
    [0] => Array
        (
            [file] => C:\wamp64\www\compras\src\models\Energia.php
            [line] => 130
            [function] => error
            [class] => Logger
            [type] => ->
        )

    [1] => Array
        (
            [file] => C:\wamp64\www\compras\src\controllers\BaseController.php
            [line] => 42
            [function] => getTotalPendente
            [class] => Energia
            [type] => ->
        )

)

[07-11-2025 11:42:51] [ERROR] [IP: ::1] [User: 2] Erro ao calcular média de consumo {"error":"SQLSTATE[42S22]: Column not found: 1054 Unknown column 'data_vencimento' in 'where clause'","trace":"#0 C:\\wamp64\\www\\compras\\src\\models\\Energia.php(108): PDO->query('SELECT AVG(cons...')\n#1 C:\\wamp64\\www\\compras\\src\\controllers\\BaseController.php(47): Energia->getMediaConsumo()\n#2 C:\\wamp64\\www\\compras\\src\\controllers\\EnergiaController.php(17): BaseController->index()\n#3 C:\\wamp64\\www\\compras\\public\\energia.php(44): EnergiaController->index()\n#4 {main}"}
Stack Trace:
Array
(
    [0] => Array
        (
            [file] => C:\wamp64\www\compras\src\models\Energia.php
            [line] => 112
            [function] => error
            [class] => Logger
            [type] => ->
        )

    [1] => Array
        (
            [file] => C:\wamp64\www\compras\src\controllers\BaseController.php
            [line] => 47
            [function] => getMediaConsumo
            [class] => Energia
            [type] => ->
        )

)

[07-11-2025 11:42:51] [ERROR] [IP: ::1] [User: 2] Erro ao buscar consumo mensal {"error":"SQLSTATE[42S22]: Column not found: 1054 Unknown column 'data_vencimento' in 'field list'","trace":"#0 C:\\wamp64\\www\\compras\\src\\models\\Energia.php(91): PDO->query('SELECT\\r\\n       ...')\n#1 C:\\wamp64\\www\\compras\\src\\controllers\\BaseController.php(83): Energia->getConsumoMensal()\n#2 C:\\wamp64\\www\\compras\\src\\controllers\\EnergiaController.php(17): BaseController->index()\n#3 C:\\wamp64\\www\\compras\\public\\energia.php(44): EnergiaController->index()\n#4 {main}"}
Stack Trace:
Array
(
    [0] => Array
        (
            [file] => C:\wamp64\www\compras\src\models\Energia.php
            [line] => 94
            [function] => error
            [class] => Logger
            [type] => ->
        )

    [1] => Array
        (
            [file] => C:\wamp64\www\compras\src\controllers\BaseController.php
            [line] => 83
            [function] => getConsumoMensal
            [class] => Energia
            [type] => ->
        )

)

[07-11-2025 11:42:51] [ERROR] [IP: ::1] [User: 2] Erro ao calcular a soma da coluna valor_final {"error":"Coluna inv\u00e1lida para soma: valor_final","trace":"#0 C:\\wamp64\\www\\compras\\src\\controllers\\EnergiaController.php(20): Model->sum('valor_final', Array)\n#1 C:\\wamp64\\www\\compras\\public\\energia.php(44): EnergiaController->index()\n#2 {main}"}
Stack Trace:
Array
(
    [0] => Array
        (
            [file] => C:\wamp64\www\compras\src\includes\Model.php
            [line] => 153
            [function] => error
            [class] => Logger
            [type] => ->
        )

    [1] => Array
        (
            [file] => C:\wamp64\www\compras\src\controllers\EnergiaController.php
            [line] => 20
            [function] => sum
            [class] => Model
            [type] => ->
        )

)

[07-11-2025 15:57:06] [ERROR] [IP: ::1] [User: 2] Erro ao buscar registros com filtros {"error":"SQLSTATE[42S22]: Column not found: 1054 Unknown column 'id_energia' in 'order clause'","trace":"#0 C:\\wamp64\\www\\compras\\src\\models\\Energia.php(65): PDO->prepare('SELECT * FROM e...')\n#1 C:\\wamp64\\www\\compras\\src\\controllers\\BaseController.php(39): Energia->buscarComFiltros(Array)\n#2 C:\\wamp64\\www\\compras\\src\\controllers\\EnergiaController.php(17): BaseController->index()\n#3 C:\\wamp64\\www\\compras\\public\\energia.php(44): EnergiaController->index()\n#4 {main}"}
Stack Trace:
Array
(
    [0] => Array
        (
            [file] => C:\wamp64\www\compras\src\models\Energia.php
            [line] => 72
            [function] => error
            [class] => Logger
            [type] => ->
        )

    [1] => Array
        (
            [file] => C:\wamp64\www\compras\src\controllers\BaseController.php
            [line] => 39
            [function] => buscarComFiltros
            [class] => Energia
            [type] => ->
        )

)

[07-11-2025 15:57:06] [ERROR] [IP: ::1] [User: 2] Erro ao calcular total pendente {"error":"SQLSTATE[42S22]: Column not found: 1054 Unknown column 'valor_fatura' in 'field list'","trace":"#0 C:\\wamp64\\www\\compras\\src\\models\\Energia.php(126): PDO->query('SELECT SUM(valo...')\n#1 C:\\wamp64\\www\\compras\\src\\controllers\\BaseController.php(42): Energia->getTotalPendente()\n#2 C:\\wamp64\\www\\compras\\src\\controllers\\EnergiaController.php(17): BaseController->index()\n#3 C:\\wamp64\\www\\compras\\public\\energia.php(44): EnergiaController->index()\n#4 {main}"}
Stack Trace:
Array
(
    [0] => Array
        (
            [file] => C:\wamp64\www\compras\src\models\Energia.php
            [line] => 130
            [function] => error
            [class] => Logger
            [type] => ->
        )

    [1] => Array
        (
            [file] => C:\wamp64\www\compras\src\controllers\BaseController.php
            [line] => 42
            [function] => getTotalPendente
            [class] => Energia
            [type] => ->
        )

)

[07-11-2025 15:57:06] [ERROR] [IP: ::1] [User: 2] Erro ao calcular média de consumo {"error":"SQLSTATE[42S22]: Column not found: 1054 Unknown column 'data_vencimento' in 'where clause'","trace":"#0 C:\\wamp64\\www\\compras\\src\\models\\Energia.php(108): PDO->query('SELECT AVG(cons...')\n#1 C:\\wamp64\\www\\compras\\src\\controllers\\BaseController.php(47): Energia->getMediaConsumo()\n#2 C:\\wamp64\\www\\compras\\src\\controllers\\EnergiaController.php(17): BaseController->index()\n#3 C:\\wamp64\\www\\compras\\public\\energia.php(44): EnergiaController->index()\n#4 {main}"}
Stack Trace:
Array
(
    [0] => Array
        (
            [file] => C:\wamp64\www\compras\src\models\Energia.php
            [line] => 112
            [function] => error
            [class] => Logger
            [type] => ->
        )

    [1] => Array
        (
            [file] => C:\wamp64\www\compras\src\controllers\BaseController.php
            [line] => 47
            [function] => getMediaConsumo
            [class] => Energia
            [type] => ->
        )

)

[07-11-2025 15:57:06] [ERROR] [IP: ::1] [User: 2] Erro ao buscar consumo mensal {"error":"SQLSTATE[42S22]: Column not found: 1054 Unknown column 'data_vencimento' in 'field list'","trace":"#0 C:\\wamp64\\www\\compras\\src\\models\\Energia.php(91): PDO->query('SELECT\\r\\n       ...')\n#1 C:\\wamp64\\www\\compras\\src\\controllers\\BaseController.php(83): Energia->getConsumoMensal()\n#2 C:\\wamp64\\www\\compras\\src\\controllers\\EnergiaController.php(17): BaseController->index()\n#3 C:\\wamp64\\www\\compras\\public\\energia.php(44): EnergiaController->index()\n#4 {main}"}
Stack Trace:
Array
(
    [0] => Array
        (
            [file] => C:\wamp64\www\compras\src\models\Energia.php
            [line] => 94
            [function] => error
            [class] => Logger
            [type] => ->
        )

    [1] => Array
        (
            [file] => C:\wamp64\www\compras\src\controllers\BaseController.php
            [line] => 83
            [function] => getConsumoMensal
            [class] => Energia
            [type] => ->
        )

)

[07-11-2025 15:57:06] [ERROR] [IP: ::1] [User: 2] Erro ao calcular a soma da coluna valor_final {"error":"Coluna inv\u00e1lida para soma: valor_final","trace":"#0 C:\\wamp64\\www\\compras\\src\\controllers\\EnergiaController.php(20): Model->sum('valor_final', Array)\n#1 C:\\wamp64\\www\\compras\\public\\energia.php(44): EnergiaController->index()\n#2 {main}"}
Stack Trace:
Array
(
    [0] => Array
        (
            [file] => C:\wamp64\www\compras\src\includes\Model.php
            [line] => 153
            [function] => error
            [class] => Logger
            [type] => ->
        )

    [1] => Array
        (
            [file] => C:\wamp64\www\compras\src\controllers\EnergiaController.php
            [line] => 20
            [function] => sum
            [class] => Model
            [type] => ->
        )

)

[07-11-2025 17:41:58] [ERROR] [IP: ::1] [User: 2] Erro ao buscar registros com filtros {"error":"SQLSTATE[42S22]: Column not found: 1054 Unknown column 'id_agua' in 'order clause'","trace":"#0 C:\\wamp64\\www\\compras\\src\\models\\Agua.php(56): PDO->prepare('SELECT * FROM a...')\n#1 C:\\wamp64\\www\\compras\\src\\controllers\\BaseController.php(39): Agua->buscarComFiltros(Array)\n#2 C:\\wamp64\\www\\compras\\src\\controllers\\AguaController.php(16): BaseController->index()\n#3 C:\\wamp64\\www\\compras\\public\\agua.php(44): AguaController->index()\n#4 {main}"}
Stack Trace:
Array
(
    [0] => Array
        (
            [file] => C:\wamp64\www\compras\src\models\Agua.php
            [line] => 63
            [function] => error
            [class] => Logger
            [type] => ->
        )

    [1] => Array
        (
            [file] => C:\wamp64\www\compras\src\controllers\BaseController.php
            [line] => 39
            [function] => buscarComFiltros
            [class] => Agua
            [type] => ->
        )

)

[07-11-2025 17:41:58] [ERROR] [IP: ::1] [User: 2] Erro ao calcular total pendente {"error":"SQLSTATE[42S22]: Column not found: 1054 Unknown column 'valor_fatura' in 'field list'","trace":"#0 C:\\wamp64\\www\\compras\\src\\models\\Agua.php(117): PDO->query('SELECT SUM(valo...')\n#1 C:\\wamp64\\www\\compras\\src\\controllers\\BaseController.php(42): Agua->getTotalPendente()\n#2 C:\\wamp64\\www\\compras\\src\\controllers\\AguaController.php(16): BaseController->index()\n#3 C:\\wamp64\\www\\compras\\public\\agua.php(44): AguaController->index()\n#4 {main}"}
Stack Trace:
Array
(
    [0] => Array
        (
            [file] => C:\wamp64\www\compras\src\models\Agua.php
            [line] => 121
            [function] => error
            [class] => Logger
            [type] => ->
        )

    [1] => Array
        (
            [file] => C:\wamp64\www\compras\src\controllers\BaseController.php
            [line] => 42
            [function] => getTotalPendente
            [class] => Agua
            [type] => ->
        )

)

[07-11-2025 17:41:58] [ERROR] [IP: ::1] [User: 2] Erro ao buscar consumo mensal {"error":"SQLSTATE[42S22]: Column not found: 1054 Unknown column 'valor_fatura' in 'field list'","trace":"#0 C:\\wamp64\\www\\compras\\src\\models\\Agua.php(82): PDO->query('SELECT\\r\\n       ...')\n#1 C:\\wamp64\\www\\compras\\src\\controllers\\BaseController.php(83): Agua->getConsumoMensal()\n#2 C:\\wamp64\\www\\compras\\src\\controllers\\AguaController.php(16): BaseController->index()\n#3 C:\\wamp64\\www\\compras\\public\\agua.php(44): AguaController->index()\n#4 {main}"}
Stack Trace:
Array
(
    [0] => Array
        (
            [file] => C:\wamp64\www\compras\src\models\Agua.php
            [line] => 85
            [function] => error
            [class] => Logger
            [type] => ->
        )

    [1] => Array
        (
            [file] => C:\wamp64\www\compras\src\controllers\BaseController.php
            [line] => 83
            [function] => getConsumoMensal
            [class] => Agua
            [type] => ->
        )

)

[07-11-2025 17:41:58] [ERROR] [IP: ::1] [User: 2] Erro ao calcular a soma da coluna valor_fatura {"error":"SQLSTATE[42S22]: Column not found: 1054 Unknown column 'valor_fatura' in 'field list'","trace":"#0 C:\\wamp64\\www\\compras\\src\\includes\\Model.php(148): PDO->prepare('SELECT SUM(valo...')\n#1 C:\\wamp64\\www\\compras\\src\\controllers\\AguaController.php(19): Model->sum('valor_fatura', Array)\n#2 C:\\wamp64\\www\\compras\\public\\agua.php(44): AguaController->index()\n#3 {main}"}
Stack Trace:
Array
(
    [0] => Array
        (
            [file] => C:\wamp64\www\compras\src\includes\Model.php
            [line] => 153
            [function] => error
            [class] => Logger
            [type] => ->
        )

    [1] => Array
        (
            [file] => C:\wamp64\www\compras\src\controllers\AguaController.php
            [line] => 19
            [function] => sum
            [class] => Model
            [type] => ->
        )

)

[07-11-2025 17:41:58] [ERROR] [IP: ::1] [User: 2] Erro ao calcular a soma da coluna multa {"error":"SQLSTATE[42S22]: Column not found: 1054 Unknown column 'multa' in 'field list'","trace":"#0 C:\\wamp64\\www\\compras\\src\\includes\\Model.php(148): PDO->prepare('SELECT SUM(mult...')\n#1 C:\\wamp64\\www\\compras\\src\\controllers\\AguaController.php(21): Model->sum('multa')\n#2 C:\\wamp64\\www\\compras\\public\\agua.php(44): AguaController->index()\n#3 {main}"}
Stack Trace:
Array
(
    [0] => Array
        (
            [file] => C:\wamp64\www\compras\src\includes\Model.php
            [line] => 153
            [function] => error
            [class] => Logger
            [type] => ->
        )

    [1] => Array
        (
            [file] => C:\wamp64\www\compras\src\controllers\AguaController.php
            [line] => 21
            [function] => sum
            [class] => Model
            [type] => ->
        )

)

[07-11-2025 17:42:21] [ERROR] [IP: ::1] [User: 2] Erro ao buscar registros com filtros {"error":"SQLSTATE[42S22]: Column not found: 1054 Unknown column 'id_agua' in 'order clause'","trace":"#0 C:\\wamp64\\www\\compras\\src\\models\\Agua.php(56): PDO->prepare('SELECT * FROM a...')\n#1 C:\\wamp64\\www\\compras\\src\\controllers\\BaseController.php(39): Agua->buscarComFiltros(Array)\n#2 C:\\wamp64\\www\\compras\\src\\controllers\\AguaController.php(16): BaseController->index()\n#3 C:\\wamp64\\www\\compras\\public\\agua.php(44): AguaController->index()\n#4 {main}"}
Stack Trace:
Array
(
    [0] => Array
        (
            [file] => C:\wamp64\www\compras\src\models\Agua.php
            [line] => 63
            [function] => error
            [class] => Logger
            [type] => ->
        )

    [1] => Array
        (
            [file] => C:\wamp64\www\compras\src\controllers\BaseController.php
            [line] => 39
            [function] => buscarComFiltros
            [class] => Agua
            [type] => ->
        )

)

[07-11-2025 17:42:21] [ERROR] [IP: ::1] [User: 2] Erro ao calcular total pendente {"error":"SQLSTATE[42S22]: Column not found: 1054 Unknown column 'valor_fatura' in 'field list'","trace":"#0 C:\\wamp64\\www\\compras\\src\\models\\Agua.php(117): PDO->query('SELECT SUM(valo...')\n#1 C:\\wamp64\\www\\compras\\src\\controllers\\BaseController.php(42): Agua->getTotalPendente()\n#2 C:\\wamp64\\www\\compras\\src\\controllers\\AguaController.php(16): BaseController->index()\n#3 C:\\wamp64\\www\\compras\\public\\agua.php(44): AguaController->index()\n#4 {main}"}
Stack Trace:
Array
(
    [0] => Array
        (
            [file] => C:\wamp64\www\compras\src\models\Agua.php
            [line] => 121
            [function] => error
            [class] => Logger
            [type] => ->
        )

    [1] => Array
        (
            [file] => C:\wamp64\www\compras\src\controllers\BaseController.php
            [line] => 42
            [function] => getTotalPendente
            [class] => Agua
            [type] => ->
        )

)

[07-11-2025 17:42:21] [ERROR] [IP: ::1] [User: 2] Erro ao buscar consumo mensal {"error":"SQLSTATE[42S22]: Column not found: 1054 Unknown column 'valor_fatura' in 'field list'","trace":"#0 C:\\wamp64\\www\\compras\\src\\models\\Agua.php(82): PDO->query('SELECT\\r\\n       ...')\n#1 C:\\wamp64\\www\\compras\\src\\controllers\\BaseController.php(83): Agua->getConsumoMensal()\n#2 C:\\wamp64\\www\\compras\\src\\controllers\\AguaController.php(16): BaseController->index()\n#3 C:\\wamp64\\www\\compras\\public\\agua.php(44): AguaController->index()\n#4 {main}"}
Stack Trace:
Array
(
    [0] => Array
        (
            [file] => C:\wamp64\www\compras\src\models\Agua.php
            [line] => 85
            [function] => error
            [class] => Logger
            [type] => ->
        )

    [1] => Array
        (
            [file] => C:\wamp64\www\compras\src\controllers\BaseController.php
            [line] => 83
            [function] => getConsumoMensal
            [class] => Agua
            [type] => ->
        )

)

[07-11-2025 17:42:21] [ERROR] [IP: ::1] [User: 2] Erro ao calcular a soma da coluna valor_fatura {"error":"SQLSTATE[42S22]: Column not found: 1054 Unknown column 'valor_fatura' in 'field list'","trace":"#0 C:\\wamp64\\www\\compras\\src\\includes\\Model.php(148): PDO->prepare('SELECT SUM(valo...')\n#1 C:\\wamp64\\www\\compras\\src\\controllers\\AguaController.php(19): Model->sum('valor_fatura', Array)\n#2 C:\\wamp64\\www\\compras\\public\\agua.php(44): AguaController->index()\n#3 {main}"}
Stack Trace:
Array
(
    [0] => Array
        (
            [file] => C:\wamp64\www\compras\src\includes\Model.php
            [line] => 153
            [function] => error
            [class] => Logger
            [type] => ->
        )

    [1] => Array
        (
            [file] => C:\wamp64\www\compras\src\controllers\AguaController.php
            [line] => 19
            [function] => sum
            [class] => Model
            [type] => ->
        )

)

[07-11-2025 17:42:21] [ERROR] [IP: ::1] [User: 2] Erro ao calcular a soma da coluna multa {"error":"SQLSTATE[42S22]: Column not found: 1054 Unknown column 'multa' in 'field list'","trace":"#0 C:\\wamp64\\www\\compras\\src\\includes\\Model.php(148): PDO->prepare('SELECT SUM(mult...')\n#1 C:\\wamp64\\www\\compras\\src\\controllers\\AguaController.php(21): Model->sum('multa')\n#2 C:\\wamp64\\www\\compras\\public\\agua.php(44): AguaController->index()\n#3 {main}"}
Stack Trace:
Array
(
    [0] => Array
        (
            [file] => C:\wamp64\www\compras\src\includes\Model.php
            [line] => 153
            [function] => error
            [class] => Logger
            [type] => ->
        )

    [1] => Array
        (
            [file] => C:\wamp64\www\compras\src\controllers\AguaController.php
            [line] => 21
            [function] => sum
            [class] => Model
            [type] => ->
        )

)

[07-11-2025 17:46:57] [ERROR] [IP: ::1] [User: 2] Erro ao buscar registros com filtros {"error":"SQLSTATE[42S22]: Column not found: 1054 Unknown column 'id_agua' in 'order clause'","trace":"#0 C:\\wamp64\\www\\compras\\src\\models\\Agua.php(56): PDO->prepare('SELECT * FROM a...')\n#1 C:\\wamp64\\www\\compras\\src\\controllers\\BaseController.php(39): Agua->buscarComFiltros(Array)\n#2 C:\\wamp64\\www\\compras\\src\\controllers\\AguaController.php(16): BaseController->index()\n#3 C:\\wamp64\\www\\compras\\public\\agua.php(44): AguaController->index()\n#4 {main}"}
Stack Trace:
Array
(
    [0] => Array
        (
            [file] => C:\wamp64\www\compras\src\models\Agua.php
            [line] => 63
            [function] => error
            [class] => Logger
            [type] => ->
        )

    [1] => Array
        (
            [file] => C:\wamp64\www\compras\src\controllers\BaseController.php
            [line] => 39
            [function] => buscarComFiltros
            [class] => Agua
            [type] => ->
        )

)

[07-11-2025 17:46:57] [ERROR] [IP: ::1] [User: 2] Erro ao calcular total pendente {"error":"SQLSTATE[42S22]: Column not found: 1054 Unknown column 'valor_fatura' in 'field list'","trace":"#0 C:\\wamp64\\www\\compras\\src\\models\\Agua.php(117): PDO->query('SELECT SUM(valo...')\n#1 C:\\wamp64\\www\\compras\\src\\controllers\\BaseController.php(42): Agua->getTotalPendente()\n#2 C:\\wamp64\\www\\compras\\src\\controllers\\AguaController.php(16): BaseController->index()\n#3 C:\\wamp64\\www\\compras\\public\\agua.php(44): AguaController->index()\n#4 {main}"}
Stack Trace:
Array
(
    [0] => Array
        (
            [file] => C:\wamp64\www\compras\src\models\Agua.php
            [line] => 121
            [function] => error
            [class] => Logger
            [type] => ->
        )

    [1] => Array
        (
            [file] => C:\wamp64\www\compras\src\controllers\BaseController.php
            [line] => 42
            [function] => getTotalPendente
            [class] => Agua
            [type] => ->
        )

)

[07-11-2025 17:46:57] [ERROR] [IP: ::1] [User: 2] Erro ao buscar consumo mensal {"error":"SQLSTATE[42S22]: Column not found: 1054 Unknown column 'valor_fatura' in 'field list'","trace":"#0 C:\\wamp64\\www\\compras\\src\\models\\Agua.php(82): PDO->query('SELECT\\r\\n       ...')\n#1 C:\\wamp64\\www\\compras\\src\\controllers\\BaseController.php(83): Agua->getConsumoMensal()\n#2 C:\\wamp64\\www\\compras\\src\\controllers\\AguaController.php(16): BaseController->index()\n#3 C:\\wamp64\\www\\compras\\public\\agua.php(44): AguaController->index()\n#4 {main}"}
Stack Trace:
Array
(
    [0] => Array
        (
            [file] => C:\wamp64\www\compras\src\models\Agua.php
            [line] => 85
            [function] => error
            [class] => Logger
            [type] => ->
        )

    [1] => Array
        (
            [file] => C:\wamp64\www\compras\src\controllers\BaseController.php
            [line] => 83
            [function] => getConsumoMensal
            [class] => Agua
            [type] => ->
        )

)

[07-11-2025 17:46:57] [ERROR] [IP: ::1] [User: 2] Erro ao calcular a soma da coluna valor_fatura {"error":"SQLSTATE[42S22]: Column not found: 1054 Unknown column 'valor_fatura' in 'field list'","trace":"#0 C:\\wamp64\\www\\compras\\src\\includes\\Model.php(148): PDO->prepare('SELECT SUM(valo...')\n#1 C:\\wamp64\\www\\compras\\src\\controllers\\AguaController.php(19): Model->sum('valor_fatura', Array)\n#2 C:\\wamp64\\www\\compras\\public\\agua.php(44): AguaController->index()\n#3 {main}"}
Stack Trace:
Array
(
    [0] => Array
        (
            [file] => C:\wamp64\www\compras\src\includes\Model.php
            [line] => 153
            [function] => error
            [class] => Logger
            [type] => ->
        )

    [1] => Array
        (
            [file] => C:\wamp64\www\compras\src\controllers\AguaController.php
            [line] => 19
            [function] => sum
            [class] => Model
            [type] => ->
        )

)

[07-11-2025 17:46:57] [ERROR] [IP: ::1] [User: 2] Erro ao calcular a soma da coluna multa {"error":"SQLSTATE[42S22]: Column not found: 1054 Unknown column 'multa' in 'field list'","trace":"#0 C:\\wamp64\\www\\compras\\src\\includes\\Model.php(148): PDO->prepare('SELECT SUM(mult...')\n#1 C:\\wamp64\\www\\compras\\src\\controllers\\AguaController.php(21): Model->sum('multa')\n#2 C:\\wamp64\\www\\compras\\public\\agua.php(44): AguaController->index()\n#3 {main}"}
Stack Trace:
Array
(
    [0] => Array
        (
            [file] => C:\wamp64\www\compras\src\includes\Model.php
            [line] => 153
            [function] => error
            [class] => Logger
            [type] => ->
        )

    [1] => Array
        (
            [file] => C:\wamp64\www\compras\src\controllers\AguaController.php
            [line] => 21
            [function] => sum
            [class] => Model
            [type] => ->
        )

)

[07-11-2025 18:05:34] [ERROR] [IP: ::1] [User: 2] Erro ao buscar registros com filtros {"error":"SQLSTATE[42S22]: Column not found: 1054 Unknown column 'id_agua' in 'order clause'","trace":"#0 C:\\wamp64\\www\\compras\\src\\models\\Agua.php(56): PDO->prepare('SELECT * FROM a...')\n#1 C:\\wamp64\\www\\compras\\src\\controllers\\BaseController.php(39): Agua->buscarComFiltros(Array)\n#2 C:\\wamp64\\www\\compras\\src\\controllers\\AguaController.php(16): BaseController->index()\n#3 C:\\wamp64\\www\\compras\\public\\agua.php(44): AguaController->index()\n#4 {main}"}
Stack Trace:
Array
(
    [0] => Array
        (
            [file] => C:\wamp64\www\compras\src\models\Agua.php
            [line] => 63
            [function] => error
            [class] => Logger
            [type] => ->
        )

    [1] => Array
        (
            [file] => C:\wamp64\www\compras\src\controllers\BaseController.php
            [line] => 39
            [function] => buscarComFiltros
            [class] => Agua
            [type] => ->
        )

)

[07-11-2025 18:05:34] [ERROR] [IP: ::1] [User: 2] Erro ao calcular total pendente {"error":"SQLSTATE[42S22]: Column not found: 1054 Unknown column 'valor_fatura' in 'field list'","trace":"#0 C:\\wamp64\\www\\compras\\src\\models\\Agua.php(117): PDO->query('SELECT SUM(valo...')\n#1 C:\\wamp64\\www\\compras\\src\\controllers\\BaseController.php(42): Agua->getTotalPendente()\n#2 C:\\wamp64\\www\\compras\\src\\controllers\\AguaController.php(16): BaseController->index()\n#3 C:\\wamp64\\www\\compras\\public\\agua.php(44): AguaController->index()\n#4 {main}"}
Stack Trace:
Array
(
    [0] => Array
        (
            [file] => C:\wamp64\www\compras\src\models\Agua.php
            [line] => 121
            [function] => error
            [class] => Logger
            [type] => ->
        )

    [1] => Array
        (
            [file] => C:\wamp64\www\compras\src\controllers\BaseController.php
            [line] => 42
            [function] => getTotalPendente
            [class] => Agua
            [type] => ->
        )

)

[07-11-2025 18:05:34] [ERROR] [IP: ::1] [User: 2] Erro ao buscar consumo mensal {"error":"SQLSTATE[42S22]: Column not found: 1054 Unknown column 'valor_fatura' in 'field list'","trace":"#0 C:\\wamp64\\www\\compras\\src\\models\\Agua.php(82): PDO->query('SELECT\\r\\n       ...')\n#1 C:\\wamp64\\www\\compras\\src\\controllers\\BaseController.php(83): Agua->getConsumoMensal()\n#2 C:\\wamp64\\www\\compras\\src\\controllers\\AguaController.php(16): BaseController->index()\n#3 C:\\wamp64\\www\\compras\\public\\agua.php(44): AguaController->index()\n#4 {main}"}
Stack Trace:
Array
(
    [0] => Array
        (
            [file] => C:\wamp64\www\compras\src\models\Agua.php
            [line] => 85
            [function] => error
            [class] => Logger
            [type] => ->
        )

    [1] => Array
        (
            [file] => C:\wamp64\www\compras\src\controllers\BaseController.php
            [line] => 83
            [function] => getConsumoMensal
            [class] => Agua
            [type] => ->
        )

)

[07-11-2025 18:05:34] [ERROR] [IP: ::1] [User: 2] Erro ao calcular a soma da coluna valor_fatura {"error":"SQLSTATE[42S22]: Column not found: 1054 Unknown column 'valor_fatura' in 'field list'","trace":"#0 C:\\wamp64\\www\\compras\\src\\includes\\Model.php(148): PDO->prepare('SELECT SUM(valo...')\n#1 C:\\wamp64\\www\\compras\\src\\controllers\\AguaController.php(19): Model->sum('valor_fatura', Array)\n#2 C:\\wamp64\\www\\compras\\public\\agua.php(44): AguaController->index()\n#3 {main}"}
Stack Trace:
Array
(
    [0] => Array
        (
            [file] => C:\wamp64\www\compras\src\includes\Model.php
            [line] => 153
            [function] => error
            [class] => Logger
            [type] => ->
        )

    [1] => Array
        (
            [file] => C:\wamp64\www\compras\src\controllers\AguaController.php
            [line] => 19
            [function] => sum
            [class] => Model
            [type] => ->
        )

)

[07-11-2025 18:05:34] [ERROR] [IP: ::1] [User: 2] Erro ao calcular a soma da coluna multa {"error":"SQLSTATE[42S22]: Column not found: 1054 Unknown column 'multa' in 'field list'","trace":"#0 C:\\wamp64\\www\\compras\\src\\includes\\Model.php(148): PDO->prepare('SELECT SUM(mult...')\n#1 C:\\wamp64\\www\\compras\\src\\controllers\\AguaController.php(21): Model->sum('multa')\n#2 C:\\wamp64\\www\\compras\\public\\agua.php(44): AguaController->index()\n#3 {main}"}
Stack Trace:
Array
(
    [0] => Array
        (
            [file] => C:\wamp64\www\compras\src\includes\Model.php
            [line] => 153
            [function] => error
            [class] => Logger
            [type] => ->
        )

    [1] => Array
        (
            [file] => C:\wamp64\www\compras\src\controllers\AguaController.php
            [line] => 21
            [function] => sum
            [class] => Model
            [type] => ->
        )

)

[07-11-2025 19:52:34] [ERROR] [IP: ::1] [User: 2] Erro ao buscar registros com filtros {"error":"SQLSTATE[42S22]: Column not found: 1054 Unknown column 'id_energia' in 'order clause'","trace":"#0 C:\\wamp64\\www\\compras\\src\\models\\Energia.php(65): PDO->prepare('SELECT * FROM e...')\n#1 C:\\wamp64\\www\\compras\\src\\controllers\\BaseController.php(39): Energia->buscarComFiltros(Array)\n#2 C:\\wamp64\\www\\compras\\src\\controllers\\EnergiaController.php(17): BaseController->index()\n#3 C:\\wamp64\\www\\compras\\public\\energia.php(44): EnergiaController->index()\n#4 {main}"}
Stack Trace:
Array
(
    [0] => Array
        (
            [file] => C:\wamp64\www\compras\src\models\Energia.php
            [line] => 72
            [function] => error
            [class] => Logger
            [type] => ->
        )

    [1] => Array
        (
            [file] => C:\wamp64\www\compras\src\controllers\BaseController.php
            [line] => 39
            [function] => buscarComFiltros
            [class] => Energia
            [type] => ->
        )

)

[07-11-2025 19:52:34] [ERROR] [IP: ::1] [User: 2] Erro ao calcular total pendente {"error":"SQLSTATE[42S22]: Column not found: 1054 Unknown column 'valor_fatura' in 'field list'","trace":"#0 C:\\wamp64\\www\\compras\\src\\models\\Energia.php(126): PDO->query('SELECT SUM(valo...')\n#1 C:\\wamp64\\www\\compras\\src\\controllers\\BaseController.php(42): Energia->getTotalPendente()\n#2 C:\\wamp64\\www\\compras\\src\\controllers\\EnergiaController.php(17): BaseController->index()\n#3 C:\\wamp64\\www\\compras\\public\\energia.php(44): EnergiaController->index()\n#4 {main}"}
Stack Trace:
Array
(
    [0] => Array
        (
            [file] => C:\wamp64\www\compras\src\models\Energia.php
            [line] => 130
            [function] => error
            [class] => Logger
            [type] => ->
        )

    [1] => Array
        (
            [file] => C:\wamp64\www\compras\src\controllers\BaseController.php
            [line] => 42
            [function] => getTotalPendente
            [class] => Energia
            [type] => ->
        )

)

[07-11-2025 19:52:34] [ERROR] [IP: ::1] [User: 2] Erro ao calcular média de consumo {"error":"SQLSTATE[42S22]: Column not found: 1054 Unknown column 'data_vencimento' in 'where clause'","trace":"#0 C:\\wamp64\\www\\compras\\src\\models\\Energia.php(108): PDO->query('SELECT AVG(cons...')\n#1 C:\\wamp64\\www\\compras\\src\\controllers\\BaseController.php(47): Energia->getMediaConsumo()\n#2 C:\\wamp64\\www\\compras\\src\\controllers\\EnergiaController.php(17): BaseController->index()\n#3 C:\\wamp64\\www\\compras\\public\\energia.php(44): EnergiaController->index()\n#4 {main}"}
Stack Trace:
Array
(
    [0] => Array
        (
            [file] => C:\wamp64\www\compras\src\models\Energia.php
            [line] => 112
            [function] => error
            [class] => Logger
            [type] => ->
        )

    [1] => Array
        (
            [file] => C:\wamp64\www\compras\src\controllers\BaseController.php
            [line] => 47
            [function] => getMediaConsumo
            [class] => Energia
            [type] => ->
        )

)

[07-11-2025 19:52:34] [ERROR] [IP: ::1] [User: 2] Erro ao buscar consumo mensal {"error":"SQLSTATE[42S22]: Column not found: 1054 Unknown column 'data_vencimento' in 'field list'","trace":"#0 C:\\wamp64\\www\\compras\\src\\models\\Energia.php(91): PDO->query('SELECT\\r\\n       ...')\n#1 C:\\wamp64\\www\\compras\\src\\controllers\\BaseController.php(83): Energia->getConsumoMensal()\n#2 C:\\wamp64\\www\\compras\\src\\controllers\\EnergiaController.php(17): BaseController->index()\n#3 C:\\wamp64\\www\\compras\\public\\energia.php(44): EnergiaController->index()\n#4 {main}"}
Stack Trace:
Array
(
    [0] => Array
        (
            [file] => C:\wamp64\www\compras\src\models\Energia.php
            [line] => 94
            [function] => error
            [class] => Logger
            [type] => ->
        )

    [1] => Array
        (
            [file] => C:\wamp64\www\compras\src\controllers\BaseController.php
            [line] => 83
            [function] => getConsumoMensal
            [class] => Energia
            [type] => ->
        )

)

[07-11-2025 19:52:34] [ERROR] [IP: ::1] [User: 2] Erro ao calcular a soma da coluna valor_final {"error":"Coluna inv\u00e1lida para soma: valor_final","trace":"#0 C:\\wamp64\\www\\compras\\src\\controllers\\EnergiaController.php(20): Model->sum('valor_final', Array)\n#1 C:\\wamp64\\www\\compras\\public\\energia.php(44): EnergiaController->index()\n#2 {main}"}
Stack Trace:
Array
(
    [0] => Array
        (
            [file] => C:\wamp64\www\compras\src\includes\Model.php
            [line] => 153
            [function] => error
            [class] => Logger
            [type] => ->
        )

    [1] => Array
        (
            [file] => C:\wamp64\www\compras\src\controllers\EnergiaController.php
            [line] => 20
            [function] => sum
            [class] => Model
            [type] => ->
        )

)

[11-11-2025 11:29:04] [ERROR] [IP: ::1] [User: 2] Erro ao buscar registros com filtros {"error":"SQLSTATE[42S22]: Column not found: 1054 Unknown column 'id_agua' in 'order clause'","trace":"#0 C:\\wamp64\\www\\compras\\src\\models\\Agua.php(56): PDO->prepare('SELECT * FROM a...')\n#1 C:\\wamp64\\www\\compras\\src\\controllers\\BaseController.php(39): Agua->buscarComFiltros(Array)\n#2 C:\\wamp64\\www\\compras\\src\\controllers\\AguaController.php(16): BaseController->index()\n#3 C:\\wamp64\\www\\compras\\public\\agua.php(44): AguaController->index()\n#4 {main}"}
Stack Trace:
Array
(
    [0] => Array
        (
            [file] => C:\wamp64\www\compras\src\models\Agua.php
            [line] => 63
            [function] => error
            [class] => Logger
            [type] => ->
        )

    [1] => Array
        (
            [file] => C:\wamp64\www\compras\src\controllers\BaseController.php
            [line] => 39
            [function] => buscarComFiltros
            [class] => Agua
            [type] => ->
        )

)

[11-11-2025 11:29:04] [ERROR] [IP: ::1] [User: 2] Erro ao calcular total pendente {"error":"SQLSTATE[42S22]: Column not found: 1054 Unknown column 'valor_fatura' in 'field list'","trace":"#0 C:\\wamp64\\www\\compras\\src\\models\\Agua.php(117): PDO->query('SELECT SUM(valo...')\n#1 C:\\wamp64\\www\\compras\\src\\controllers\\BaseController.php(42): Agua->getTotalPendente()\n#2 C:\\wamp64\\www\\compras\\src\\controllers\\AguaController.php(16): BaseController->index()\n#3 C:\\wamp64\\www\\compras\\public\\agua.php(44): AguaController->index()\n#4 {main}"}
Stack Trace:
Array
(
    [0] => Array
        (
            [file] => C:\wamp64\www\compras\src\models\Agua.php
            [line] => 121
            [function] => error
            [class] => Logger
            [type] => ->
        )

    [1] => Array
        (
            [file] => C:\wamp64\www\compras\src\controllers\BaseController.php
            [line] => 42
            [function] => getTotalPendente
            [class] => Agua
            [type] => ->
        )

)

[11-11-2025 11:29:04] [ERROR] [IP: ::1] [User: 2] Erro ao buscar consumo mensal {"error":"SQLSTATE[42S22]: Column not found: 1054 Unknown column 'valor_fatura' in 'field list'","trace":"#0 C:\\wamp64\\www\\compras\\src\\models\\Agua.php(82): PDO->query('SELECT\\r\\n       ...')\n#1 C:\\wamp64\\www\\compras\\src\\controllers\\BaseController.php(83): Agua->getConsumoMensal()\n#2 C:\\wamp64\\www\\compras\\src\\controllers\\AguaController.php(16): BaseController->index()\n#3 C:\\wamp64\\www\\compras\\public\\agua.php(44): AguaController->index()\n#4 {main}"}
Stack Trace:
Array
(
    [0] => Array
        (
            [file] => C:\wamp64\www\compras\src\models\Agua.php
            [line] => 85
            [function] => error
            [class] => Logger
            [type] => ->
        )

    [1] => Array
        (
            [file] => C:\wamp64\www\compras\src\controllers\BaseController.php
            [line] => 83
            [function] => getConsumoMensal
            [class] => Agua
            [type] => ->
        )

)

[11-11-2025 11:29:04] [ERROR] [IP: ::1] [User: 2] Erro ao calcular a soma da coluna valor_fatura {"error":"SQLSTATE[42S22]: Column not found: 1054 Unknown column 'valor_fatura' in 'field list'","trace":"#0 C:\\wamp64\\www\\compras\\src\\includes\\Model.php(148): PDO->prepare('SELECT SUM(valo...')\n#1 C:\\wamp64\\www\\compras\\src\\controllers\\AguaController.php(19): Model->sum('valor_fatura', Array)\n#2 C:\\wamp64\\www\\compras\\public\\agua.php(44): AguaController->index()\n#3 {main}"}
Stack Trace:
Array
(
    [0] => Array
        (
            [file] => C:\wamp64\www\compras\src\includes\Model.php
            [line] => 153
            [function] => error
            [class] => Logger
            [type] => ->
        )

    [1] => Array
        (
            [file] => C:\wamp64\www\compras\src\controllers\AguaController.php
            [line] => 19
            [function] => sum
            [class] => Model
            [type] => ->
        )

)

[11-11-2025 11:29:04] [ERROR] [IP: ::1] [User: 2] Erro ao calcular a soma da coluna multa {"error":"SQLSTATE[42S22]: Column not found: 1054 Unknown column 'multa' in 'field list'","trace":"#0 C:\\wamp64\\www\\compras\\src\\includes\\Model.php(148): PDO->prepare('SELECT SUM(mult...')\n#1 C:\\wamp64\\www\\compras\\src\\controllers\\AguaController.php(21): Model->sum('multa')\n#2 C:\\wamp64\\www\\compras\\public\\agua.php(44): AguaController->index()\n#3 {main}"}
Stack Trace:
Array
(
    [0] => Array
        (
            [file] => C:\wamp64\www\compras\src\includes\Model.php
            [line] => 153
            [function] => error
            [class] => Logger
            [type] => ->
        )

    [1] => Array
        (
            [file] => C:\wamp64\www\compras\src\controllers\AguaController.php
            [line] => 21
            [function] => sum
            [class] => Model
            [type] => ->
        )

)

[11-11-2025 11:29:09] [ERROR] [IP: ::1] [User: 2] Erro ao buscar registros com filtros {"error":"SQLSTATE[42S22]: Column not found: 1054 Unknown column 'id_energia' in 'order clause'","trace":"#0 C:\\wamp64\\www\\compras\\src\\models\\Energia.php(65): PDO->prepare('SELECT * FROM e...')\n#1 C:\\wamp64\\www\\compras\\src\\controllers\\BaseController.php(39): Energia->buscarComFiltros(Array)\n#2 C:\\wamp64\\www\\compras\\src\\controllers\\EnergiaController.php(17): BaseController->index()\n#3 C:\\wamp64\\www\\compras\\public\\energia.php(44): EnergiaController->index()\n#4 {main}"}
Stack Trace:
Array
(
    [0] => Array
        (
            [file] => C:\wamp64\www\compras\src\models\Energia.php
            [line] => 72
            [function] => error
            [class] => Logger
            [type] => ->
        )

    [1] => Array
        (
            [file] => C:\wamp64\www\compras\src\controllers\BaseController.php
            [line] => 39
            [function] => buscarComFiltros
            [class] => Energia
            [type] => ->
        )

)

[11-11-2025 11:29:09] [ERROR] [IP: ::1] [User: 2] Erro ao calcular total pendente {"error":"SQLSTATE[42S22]: Column not found: 1054 Unknown column 'valor_fatura' in 'field list'","trace":"#0 C:\\wamp64\\www\\compras\\src\\models\\Energia.php(126): PDO->query('SELECT SUM(valo...')\n#1 C:\\wamp64\\www\\compras\\src\\controllers\\BaseController.php(42): Energia->getTotalPendente()\n#2 C:\\wamp64\\www\\compras\\src\\controllers\\EnergiaController.php(17): BaseController->index()\n#3 C:\\wamp64\\www\\compras\\public\\energia.php(44): EnergiaController->index()\n#4 {main}"}
Stack Trace:
Array
(
    [0] => Array
        (
            [file] => C:\wamp64\www\compras\src\models\Energia.php
            [line] => 130
            [function] => error
            [class] => Logger
            [type] => ->
        )

    [1] => Array
        (
            [file] => C:\wamp64\www\compras\src\controllers\BaseController.php
            [line] => 42
            [function] => getTotalPendente
            [class] => Energia
            [type] => ->
        )

)

[11-11-2025 11:29:09] [ERROR] [IP: ::1] [User: 2] Erro ao calcular média de consumo {"error":"SQLSTATE[42S22]: Column not found: 1054 Unknown column 'data_vencimento' in 'where clause'","trace":"#0 C:\\wamp64\\www\\compras\\src\\models\\Energia.php(108): PDO->query('SELECT AVG(cons...')\n#1 C:\\wamp64\\www\\compras\\src\\controllers\\BaseController.php(47): Energia->getMediaConsumo()\n#2 C:\\wamp64\\www\\compras\\src\\controllers\\EnergiaController.php(17): BaseController->index()\n#3 C:\\wamp64\\www\\compras\\public\\energia.php(44): EnergiaController->index()\n#4 {main}"}
Stack Trace:
Array
(
    [0] => Array
        (
            [file] => C:\wamp64\www\compras\src\models\Energia.php
            [line] => 112
            [function] => error
            [class] => Logger
            [type] => ->
        )

    [1] => Array
        (
            [file] => C:\wamp64\www\compras\src\controllers\BaseController.php
            [line] => 47
            [function] => getMediaConsumo
            [class] => Energia
            [type] => ->
        )

)

[11-11-2025 11:29:09] [ERROR] [IP: ::1] [User: 2] Erro ao buscar consumo mensal {"error":"SQLSTATE[42S22]: Column not found: 1054 Unknown column 'data_vencimento' in 'field list'","trace":"#0 C:\\wamp64\\www\\compras\\src\\models\\Energia.php(91): PDO->query('SELECT\\r\\n       ...')\n#1 C:\\wamp64\\www\\compras\\src\\controllers\\BaseController.php(83): Energia->getConsumoMensal()\n#2 C:\\wamp64\\www\\compras\\src\\controllers\\EnergiaController.php(17): BaseController->index()\n#3 C:\\wamp64\\www\\compras\\public\\energia.php(44): EnergiaController->index()\n#4 {main}"}
Stack Trace:
Array
(
    [0] => Array
        (
            [file] => C:\wamp64\www\compras\src\models\Energia.php
            [line] => 94
            [function] => error
            [class] => Logger
            [type] => ->
        )

    [1] => Array
        (
            [file] => C:\wamp64\www\compras\src\controllers\BaseController.php
            [line] => 83
            [function] => getConsumoMensal
            [class] => Energia
            [type] => ->
        )

)

[11-11-2025 11:29:09] [ERROR] [IP: ::1] [User: 2] Erro ao calcular a soma da coluna valor_final {"error":"Coluna inv\u00e1lida para soma: valor_final","trace":"#0 C:\\wamp64\\www\\compras\\src\\controllers\\EnergiaController.php(20): Model->sum('valor_final', Array)\n#1 C:\\wamp64\\www\\compras\\public\\energia.php(44): EnergiaController->index()\n#2 {main}"}
Stack Trace:
Array
(
    [0] => Array
        (
            [file] => C:\wamp64\www\compras\src\includes\Model.php
            [line] => 153
            [function] => error
            [class] => Logger
            [type] => ->
        )

    [1] => Array
        (
            [file] => C:\wamp64\www\compras\src\controllers\EnergiaController.php
            [line] => 20
            [function] => sum
            [class] => Model
            [type] => ->
        )

)

[11-11-2025 14:57:01] [ERROR] [IP: ::1] [User: 1] Erro ao buscar registros com filtros {"error":"SQLSTATE[42S22]: Column not found: 1054 Unknown column 'id_agua' in 'order clause'","trace":"#0 C:\\wamp64\\www\\compras\\src\\models\\Agua.php(56): PDO->prepare('SELECT * FROM a...')\n#1 C:\\wamp64\\www\\compras\\src\\controllers\\BaseController.php(39): Agua->buscarComFiltros(Array)\n#2 C:\\wamp64\\www\\compras\\src\\controllers\\AguaController.php(16): BaseController->index()\n#3 C:\\wamp64\\www\\compras\\public\\agua.php(44): AguaController->index()\n#4 {main}"}
Stack Trace:
Array
(
    [0] => Array
        (
            [file] => C:\wamp64\www\compras\src\models\Agua.php
            [line] => 63
            [function] => error
            [class] => Logger
            [type] => ->
        )

    [1] => Array
        (
            [file] => C:\wamp64\www\compras\src\controllers\BaseController.php
            [line] => 39
            [function] => buscarComFiltros
            [class] => Agua
            [type] => ->
        )

)

[11-11-2025 14:57:01] [ERROR] [IP: ::1] [User: 1] Erro ao calcular total pendente {"error":"SQLSTATE[42S22]: Column not found: 1054 Unknown column 'valor_fatura' in 'field list'","trace":"#0 C:\\wamp64\\www\\compras\\src\\models\\Agua.php(117): PDO->query('SELECT SUM(valo...')\n#1 C:\\wamp64\\www\\compras\\src\\controllers\\BaseController.php(42): Agua->getTotalPendente()\n#2 C:\\wamp64\\www\\compras\\src\\controllers\\AguaController.php(16): BaseController->index()\n#3 C:\\wamp64\\www\\compras\\public\\agua.php(44): AguaController->index()\n#4 {main}"}
Stack Trace:
Array
(
    [0] => Array
        (
            [file] => C:\wamp64\www\compras\src\models\Agua.php
            [line] => 121
            [function] => error
            [class] => Logger
            [type] => ->
        )

    [1] => Array
        (
            [file] => C:\wamp64\www\compras\src\controllers\BaseController.php
            [line] => 42
            [function] => getTotalPendente
            [class] => Agua
            [type] => ->
        )

)

[11-11-2025 14:57:01] [ERROR] [IP: ::1] [User: 1] Erro ao buscar consumo mensal {"error":"SQLSTATE[42S22]: Column not found: 1054 Unknown column 'valor_fatura' in 'field list'","trace":"#0 C:\\wamp64\\www\\compras\\src\\models\\Agua.php(82): PDO->query('SELECT\\r\\n       ...')\n#1 C:\\wamp64\\www\\compras\\src\\controllers\\BaseController.php(83): Agua->getConsumoMensal()\n#2 C:\\wamp64\\www\\compras\\src\\controllers\\AguaController.php(16): BaseController->index()\n#3 C:\\wamp64\\www\\compras\\public\\agua.php(44): AguaController->index()\n#4 {main}"}
Stack Trace:
Array
(
    [0] => Array
        (
            [file] => C:\wamp64\www\compras\src\models\Agua.php
            [line] => 85
            [function] => error
            [class] => Logger
            [type] => ->
        )

    [1] => Array
        (
            [file] => C:\wamp64\www\compras\src\controllers\BaseController.php
            [line] => 83
            [function] => getConsumoMensal
            [class] => Agua
            [type] => ->
        )

)

[11-11-2025 14:57:01] [ERROR] [IP: ::1] [User: 1] Erro ao calcular a soma da coluna valor_fatura {"error":"SQLSTATE[42S22]: Column not found: 1054 Unknown column 'valor_fatura' in 'field list'","trace":"#0 C:\\wamp64\\www\\compras\\src\\includes\\Model.php(148): PDO->prepare('SELECT SUM(valo...')\n#1 C:\\wamp64\\www\\compras\\src\\controllers\\AguaController.php(19): Model->sum('valor_fatura', Array)\n#2 C:\\wamp64\\www\\compras\\public\\agua.php(44): AguaController->index()\n#3 {main}"}
Stack Trace:
Array
(
    [0] => Array
        (
            [file] => C:\wamp64\www\compras\src\includes\Model.php
            [line] => 153
            [function] => error
            [class] => Logger
            [type] => ->
        )

    [1] => Array
        (
            [file] => C:\wamp64\www\compras\src\controllers\AguaController.php
            [line] => 19
            [function] => sum
            [class] => Model
            [type] => ->
        )

)

[11-11-2025 14:57:01] [ERROR] [IP: ::1] [User: 1] Erro ao calcular a soma da coluna multa {"error":"SQLSTATE[42S22]: Column not found: 1054 Unknown column 'multa' in 'field list'","trace":"#0 C:\\wamp64\\www\\compras\\src\\includes\\Model.php(148): PDO->prepare('SELECT SUM(mult...')\n#1 C:\\wamp64\\www\\compras\\src\\controllers\\AguaController.php(21): Model->sum('multa')\n#2 C:\\wamp64\\www\\compras\\public\\agua.php(44): AguaController->index()\n#3 {main}"}
Stack Trace:
Array
(
    [0] => Array
        (
            [file] => C:\wamp64\www\compras\src\includes\Model.php
            [line] => 153
            [function] => error
            [class] => Logger
            [type] => ->
        )

    [1] => Array
        (
            [file] => C:\wamp64\www\compras\src\controllers\AguaController.php
            [line] => 21
            [function] => sum
            [class] => Model
            [type] => ->
        )

)

[11-11-2025 18:05:21] [ERROR] [IP: ::1] [User: 3] Erro ao buscar registros com filtros {"error":"SQLSTATE[42S22]: Column not found: 1054 Unknown column 'id_agua' in 'order clause'","trace":"#0 C:\\wamp64\\www\\compras\\src\\models\\Agua.php(56): PDO->prepare('SELECT * FROM a...')\n#1 C:\\wamp64\\www\\compras\\src\\controllers\\BaseController.php(39): Agua->buscarComFiltros(Array)\n#2 C:\\wamp64\\www\\compras\\src\\controllers\\AguaController.php(16): BaseController->index()\n#3 C:\\wamp64\\www\\compras\\public\\agua.php(44): AguaController->index()\n#4 {main}"}
Stack Trace:
Array
(
    [0] => Array
        (
            [file] => C:\wamp64\www\compras\src\models\Agua.php
            [line] => 63
            [function] => error
            [class] => Logger
            [type] => ->
        )

    [1] => Array
        (
            [file] => C:\wamp64\www\compras\src\controllers\BaseController.php
            [line] => 39
            [function] => buscarComFiltros
            [class] => Agua
            [type] => ->
        )

)

[11-11-2025 18:05:21] [ERROR] [IP: ::1] [User: 3] Erro ao calcular total pendente {"error":"SQLSTATE[42S22]: Column not found: 1054 Unknown column 'valor_fatura' in 'field list'","trace":"#0 C:\\wamp64\\www\\compras\\src\\models\\Agua.php(117): PDO->query('SELECT SUM(valo...')\n#1 C:\\wamp64\\www\\compras\\src\\controllers\\BaseController.php(42): Agua->getTotalPendente()\n#2 C:\\wamp64\\www\\compras\\src\\controllers\\AguaController.php(16): BaseController->index()\n#3 C:\\wamp64\\www\\compras\\public\\agua.php(44): AguaController->index()\n#4 {main}"}
Stack Trace:
Array
(
    [0] => Array
        (
            [file] => C:\wamp64\www\compras\src\models\Agua.php
            [line] => 121
            [function] => error
            [class] => Logger
            [type] => ->
        )

    [1] => Array
        (
            [file] => C:\wamp64\www\compras\src\controllers\BaseController.php
            [line] => 42
            [function] => getTotalPendente
            [class] => Agua
            [type] => ->
        )

)

[11-11-2025 18:05:21] [ERROR] [IP: ::1] [User: 3] Erro ao buscar consumo mensal {"error":"SQLSTATE[42S22]: Column not found: 1054 Unknown column 'valor_fatura' in 'field list'","trace":"#0 C:\\wamp64\\www\\compras\\src\\models\\Agua.php(82): PDO->query('SELECT\\r\\n       ...')\n#1 C:\\wamp64\\www\\compras\\src\\controllers\\BaseController.php(83): Agua->getConsumoMensal()\n#2 C:\\wamp64\\www\\compras\\src\\controllers\\AguaController.php(16): BaseController->index()\n#3 C:\\wamp64\\www\\compras\\public\\agua.php(44): AguaController->index()\n#4 {main}"}
Stack Trace:
Array
(
    [0] => Array
        (
            [file] => C:\wamp64\www\compras\src\models\Agua.php
            [line] => 85
            [function] => error
            [class] => Logger
            [type] => ->
        )

    [1] => Array
        (
            [file] => C:\wamp64\www\compras\src\controllers\BaseController.php
            [line] => 83
            [function] => getConsumoMensal
            [class] => Agua
            [type] => ->
        )

)

[11-11-2025 18:05:21] [ERROR] [IP: ::1] [User: 3] Erro ao calcular a soma da coluna valor_fatura {"error":"SQLSTATE[42S22]: Column not found: 1054 Unknown column 'valor_fatura' in 'field list'","trace":"#0 C:\\wamp64\\www\\compras\\src\\includes\\Model.php(148): PDO->prepare('SELECT SUM(valo...')\n#1 C:\\wamp64\\www\\compras\\src\\controllers\\AguaController.php(19): Model->sum('valor_fatura', Array)\n#2 C:\\wamp64\\www\\compras\\public\\agua.php(44): AguaController->index()\n#3 {main}"}
Stack Trace:
Array
(
    [0] => Array
        (
            [file] => C:\wamp64\www\compras\src\includes\Model.php
            [line] => 153
            [function] => error
            [class] => Logger
            [type] => ->
        )

    [1] => Array
        (
            [file] => C:\wamp64\www\compras\src\controllers\AguaController.php
            [line] => 19
            [function] => sum
            [class] => Model
            [type] => ->
        )

)

[11-11-2025 18:05:21] [ERROR] [IP: ::1] [User: 3] Erro ao calcular a soma da coluna multa {"error":"SQLSTATE[42S22]: Column not found: 1054 Unknown column 'multa' in 'field list'","trace":"#0 C:\\wamp64\\www\\compras\\src\\includes\\Model.php(148): PDO->prepare('SELECT SUM(mult...')\n#1 C:\\wamp64\\www\\compras\\src\\controllers\\AguaController.php(21): Model->sum('multa')\n#2 C:\\wamp64\\www\\compras\\public\\agua.php(44): AguaController->index()\n#3 {main}"}
Stack Trace:
Array
(
    [0] => Array
        (
            [file] => C:\wamp64\www\compras\src\includes\Model.php
            [line] => 153
            [function] => error
            [class] => Logger
            [type] => ->
        )

    [1] => Array
        (
            [file] => C:\wamp64\www\compras\src\controllers\AguaController.php
            [line] => 21
            [function] => sum
            [class] => Model
            [type] => ->
        )

)

[12-11-2025 12:52:38] [ERROR] [IP: ::1] [User: 3] Erro ao buscar registros com filtros {"error":"SQLSTATE[42S22]: Column not found: 1054 Unknown column 'id_agua' in 'order clause'","trace":"#0 C:\\wamp64\\www\\Contas\\src\\models\\Agua.php(56): PDO->prepare('SELECT * FROM a...')\n#1 C:\\wamp64\\www\\Contas\\src\\controllers\\BaseController.php(39): Agua->buscarComFiltros(Array)\n#2 C:\\wamp64\\www\\Contas\\src\\controllers\\AguaController.php(16): BaseController->index()\n#3 C:\\wamp64\\www\\Contas\\public\\agua.php(44): AguaController->index()\n#4 {main}"}
Stack Trace:
Array
(
    [0] => Array
        (
            [file] => C:\wamp64\www\Contas\src\models\Agua.php
            [line] => 63
            [function] => error
            [class] => Logger
            [type] => ->
        )

    [1] => Array
        (
            [file] => C:\wamp64\www\Contas\src\controllers\BaseController.php
            [line] => 39
            [function] => buscarComFiltros
            [class] => Agua
            [type] => ->
        )

)

[12-11-2025 12:52:38] [ERROR] [IP: ::1] [User: 3] Erro ao calcular total pendente {"error":"SQLSTATE[42S22]: Column not found: 1054 Unknown column 'valor_fatura' in 'field list'","trace":"#0 C:\\wamp64\\www\\Contas\\src\\models\\Agua.php(117): PDO->query('SELECT SUM(valo...')\n#1 C:\\wamp64\\www\\Contas\\src\\controllers\\BaseController.php(42): Agua->getTotalPendente()\n#2 C:\\wamp64\\www\\Contas\\src\\controllers\\AguaController.php(16): BaseController->index()\n#3 C:\\wamp64\\www\\Contas\\public\\agua.php(44): AguaController->index()\n#4 {main}"}
Stack Trace:
Array
(
    [0] => Array
        (
            [file] => C:\wamp64\www\Contas\src\models\Agua.php
            [line] => 121
            [function] => error
            [class] => Logger
            [type] => ->
        )

    [1] => Array
        (
            [file] => C:\wamp64\www\Contas\src\controllers\BaseController.php
            [line] => 42
            [function] => getTotalPendente
            [class] => Agua
            [type] => ->
        )

)

[12-11-2025 12:52:38] [ERROR] [IP: ::1] [User: 3] Erro ao buscar consumo mensal {"error":"SQLSTATE[42S22]: Column not found: 1054 Unknown column 'valor_fatura' in 'field list'","trace":"#0 C:\\wamp64\\www\\Contas\\src\\models\\Agua.php(82): PDO->query('SELECT\\r\\n       ...')\n#1 C:\\wamp64\\www\\Contas\\src\\controllers\\BaseController.php(83): Agua->getConsumoMensal()\n#2 C:\\wamp64\\www\\Contas\\src\\controllers\\AguaController.php(16): BaseController->index()\n#3 C:\\wamp64\\www\\Contas\\public\\agua.php(44): AguaController->index()\n#4 {main}"}
Stack Trace:
Array
(
    [0] => Array
        (
            [file] => C:\wamp64\www\Contas\src\models\Agua.php
            [line] => 85
            [function] => error
            [class] => Logger
            [type] => ->
        )

    [1] => Array
        (
            [file] => C:\wamp64\www\Contas\src\controllers\BaseController.php
            [line] => 83
            [function] => getConsumoMensal
            [class] => Agua
            [type] => ->
        )

)

[12-11-2025 12:52:38] [ERROR] [IP: ::1] [User: 3] Erro ao calcular a soma da coluna valor_fatura {"error":"SQLSTATE[42S22]: Column not found: 1054 Unknown column 'valor_fatura' in 'field list'","trace":"#0 C:\\wamp64\\www\\Contas\\src\\includes\\Model.php(148): PDO->prepare('SELECT SUM(valo...')\n#1 C:\\wamp64\\www\\Contas\\src\\controllers\\AguaController.php(19): Model->sum('valor_fatura', Array)\n#2 C:\\wamp64\\www\\Contas\\public\\agua.php(44): AguaController->index()\n#3 {main}"}
Stack Trace:
Array
(
    [0] => Array
        (
            [file] => C:\wamp64\www\Contas\src\includes\Model.php
            [line] => 153
            [function] => error
            [class] => Logger
            [type] => ->
        )

    [1] => Array
        (
            [file] => C:\wamp64\www\Contas\src\controllers\AguaController.php
            [line] => 19
            [function] => sum
            [class] => Model
            [type] => ->
        )

)

[12-11-2025 12:52:38] [ERROR] [IP: ::1] [User: 3] Erro ao calcular a soma da coluna multa {"error":"SQLSTATE[42S22]: Column not found: 1054 Unknown column 'multa' in 'field list'","trace":"#0 C:\\wamp64\\www\\Contas\\src\\includes\\Model.php(148): PDO->prepare('SELECT SUM(mult...')\n#1 C:\\wamp64\\www\\Contas\\src\\controllers\\AguaController.php(21): Model->sum('multa')\n#2 C:\\wamp64\\www\\Contas\\public\\agua.php(44): AguaController->index()\n#3 {main}"}
Stack Trace:
Array
(
    [0] => Array
        (
            [file] => C:\wamp64\www\Contas\src\includes\Model.php
            [line] => 153
            [function] => error
            [class] => Logger
            [type] => ->
        )

    [1] => Array
        (
            [file] => C:\wamp64\www\Contas\src\controllers\AguaController.php
            [line] => 21
            [function] => sum
            [class] => Model
            [type] => ->
        )

)

[12-11-2025 17:25:10] [ERROR] [IP: ::1] [User: 3] Erro ao buscar registros com filtros {"error":"SQLSTATE[42S22]: Column not found: 1054 Unknown column 'id_energia' in 'order clause'","trace":"#0 C:\\wamp64\\www\\Contas\\src\\models\\Energia.php(65): PDO->prepare('SELECT * FROM e...')\n#1 C:\\wamp64\\www\\Contas\\src\\controllers\\BaseController.php(39): Energia->buscarComFiltros(Array)\n#2 C:\\wamp64\\www\\Contas\\src\\controllers\\EnergiaController.php(17): BaseController->index()\n#3 C:\\wamp64\\www\\Contas\\public\\energia.php(44): EnergiaController->index()\n#4 {main}"}
Stack Trace:
Array
(
    [0] => Array
        (
            [file] => C:\wamp64\www\Contas\src\models\Energia.php
            [line] => 72
            [function] => error
            [class] => Logger
            [type] => ->
        )

    [1] => Array
        (
            [file] => C:\wamp64\www\Contas\src\controllers\BaseController.php
            [line] => 39
            [function] => buscarComFiltros
            [class] => Energia
            [type] => ->
        )

)

[12-11-2025 17:25:10] [ERROR] [IP: ::1] [User: 3] Erro ao calcular total pendente {"error":"SQLSTATE[42S22]: Column not found: 1054 Unknown column 'valor_fatura' in 'field list'","trace":"#0 C:\\wamp64\\www\\Contas\\src\\models\\Energia.php(126): PDO->query('SELECT SUM(valo...')\n#1 C:\\wamp64\\www\\Contas\\src\\controllers\\BaseController.php(42): Energia->getTotalPendente()\n#2 C:\\wamp64\\www\\Contas\\src\\controllers\\EnergiaController.php(17): BaseController->index()\n#3 C:\\wamp64\\www\\Contas\\public\\energia.php(44): EnergiaController->index()\n#4 {main}"}
Stack Trace:
Array
(
    [0] => Array
        (
            [file] => C:\wamp64\www\Contas\src\models\Energia.php
            [line] => 130
            [function] => error
            [class] => Logger
            [type] => ->
        )

    [1] => Array
        (
            [file] => C:\wamp64\www\Contas\src\controllers\BaseController.php
            [line] => 42
            [function] => getTotalPendente
            [class] => Energia
            [type] => ->
        )

)

[12-11-2025 17:25:10] [ERROR] [IP: ::1] [User: 3] Erro ao calcular média de consumo {"error":"SQLSTATE[42S22]: Column not found: 1054 Unknown column 'data_vencimento' in 'where clause'","trace":"#0 C:\\wamp64\\www\\Contas\\src\\models\\Energia.php(108): PDO->query('SELECT AVG(cons...')\n#1 C:\\wamp64\\www\\Contas\\src\\controllers\\BaseController.php(47): Energia->getMediaConsumo()\n#2 C:\\wamp64\\www\\Contas\\src\\controllers\\EnergiaController.php(17): BaseController->index()\n#3 C:\\wamp64\\www\\Contas\\public\\energia.php(44): EnergiaController->index()\n#4 {main}"}
Stack Trace:
Array
(
    [0] => Array
        (
            [file] => C:\wamp64\www\Contas\src\models\Energia.php
            [line] => 112
            [function] => error
            [class] => Logger
            [type] => ->
        )

    [1] => Array
        (
            [file] => C:\wamp64\www\Contas\src\controllers\BaseController.php
            [line] => 47
            [function] => getMediaConsumo
            [class] => Energia
            [type] => ->
        )

)

[12-11-2025 17:25:10] [ERROR] [IP: ::1] [User: 3] Erro ao buscar consumo mensal {"error":"SQLSTATE[42S22]: Column not found: 1054 Unknown column 'data_vencimento' in 'field list'","trace":"#0 C:\\wamp64\\www\\Contas\\src\\models\\Energia.php(91): PDO->query('SELECT\\r\\n       ...')\n#1 C:\\wamp64\\www\\Contas\\src\\controllers\\BaseController.php(83): Energia->getConsumoMensal()\n#2 C:\\wamp64\\www\\Contas\\src\\controllers\\EnergiaController.php(17): BaseController->index()\n#3 C:\\wamp64\\www\\Contas\\public\\energia.php(44): EnergiaController->index()\n#4 {main}"}
Stack Trace:
Array
(
    [0] => Array
        (
            [file] => C:\wamp64\www\Contas\src\models\Energia.php
            [line] => 94
            [function] => error
            [class] => Logger
            [type] => ->
        )

    [1] => Array
        (
            [file] => C:\wamp64\www\Contas\src\controllers\BaseController.php
            [line] => 83
            [function] => getConsumoMensal
            [class] => Energia
            [type] => ->
        )

)

[12-11-2025 17:25:10] [ERROR] [IP: ::1] [User: 3] Erro ao calcular a soma da coluna valor_final {"error":"Coluna inv\u00e1lida para soma: valor_final","trace":"#0 C:\\wamp64\\www\\Contas\\src\\controllers\\EnergiaController.php(20): Model->sum('valor_final', Array)\n#1 C:\\wamp64\\www\\Contas\\public\\energia.php(44): EnergiaController->index()\n#2 {main}"}
Stack Trace:
Array
(
    [0] => Array
        (
            [file] => C:\wamp64\www\Contas\src\includes\Model.php
            [line] => 153
            [function] => error
            [class] => Logger
            [type] => ->
        )

    [1] => Array
        (
            [file] => C:\wamp64\www\Contas\src\controllers\EnergiaController.php
            [line] => 20
            [function] => sum
            [class] => Model
            [type] => ->
        )

)

[12-11-2025 17:30:52] [ERROR] [IP: ::1] [User: 3] Erro ao buscar registros com filtros {"error":"SQLSTATE[42S22]: Column not found: 1054 Unknown column 'id_energia' in 'order clause'","trace":"#0 C:\\wamp64\\www\\Contas\\src\\models\\Energia.php(65): PDO->prepare('SELECT * FROM e...')\n#1 C:\\wamp64\\www\\Contas\\src\\controllers\\BaseController.php(39): Energia->buscarComFiltros(Array)\n#2 C:\\wamp64\\www\\Contas\\src\\controllers\\EnergiaController.php(17): BaseController->index()\n#3 C:\\wamp64\\www\\Contas\\public\\energia.php(44): EnergiaController->index()\n#4 {main}"}
Stack Trace:
Array
(
    [0] => Array
        (
            [file] => C:\wamp64\www\Contas\src\models\Energia.php
            [line] => 72
            [function] => error
            [class] => Logger
            [type] => ->
        )

    [1] => Array
        (
            [file] => C:\wamp64\www\Contas\src\controllers\BaseController.php
            [line] => 39
            [function] => buscarComFiltros
            [class] => Energia
            [type] => ->
        )

)

[12-11-2025 17:30:52] [ERROR] [IP: ::1] [User: 3] Erro ao calcular total pendente {"error":"SQLSTATE[42S22]: Column not found: 1054 Unknown column 'valor_fatura' in 'field list'","trace":"#0 C:\\wamp64\\www\\Contas\\src\\models\\Energia.php(126): PDO->query('SELECT SUM(valo...')\n#1 C:\\wamp64\\www\\Contas\\src\\controllers\\BaseController.php(42): Energia->getTotalPendente()\n#2 C:\\wamp64\\www\\Contas\\src\\controllers\\EnergiaController.php(17): BaseController->index()\n#3 C:\\wamp64\\www\\Contas\\public\\energia.php(44): EnergiaController->index()\n#4 {main}"}
Stack Trace:
Array
(
    [0] => Array
        (
            [file] => C:\wamp64\www\Contas\src\models\Energia.php
            [line] => 130
            [function] => error
            [class] => Logger
            [type] => ->
        )

    [1] => Array
        (
            [file] => C:\wamp64\www\Contas\src\controllers\BaseController.php
            [line] => 42
            [function] => getTotalPendente
            [class] => Energia
            [type] => ->
        )

)

[12-11-2025 17:30:52] [ERROR] [IP: ::1] [User: 3] Erro ao calcular média de consumo {"error":"SQLSTATE[42S22]: Column not found: 1054 Unknown column 'data_vencimento' in 'where clause'","trace":"#0 C:\\wamp64\\www\\Contas\\src\\models\\Energia.php(108): PDO->query('SELECT AVG(cons...')\n#1 C:\\wamp64\\www\\Contas\\src\\controllers\\BaseController.php(47): Energia->getMediaConsumo()\n#2 C:\\wamp64\\www\\Contas\\src\\controllers\\EnergiaController.php(17): BaseController->index()\n#3 C:\\wamp64\\www\\Contas\\public\\energia.php(44): EnergiaController->index()\n#4 {main}"}
Stack Trace:
Array
(
    [0] => Array
        (
            [file] => C:\wamp64\www\Contas\src\models\Energia.php
            [line] => 112
            [function] => error
            [class] => Logger
            [type] => ->
        )

    [1] => Array
        (
            [file] => C:\wamp64\www\Contas\src\controllers\BaseController.php
            [line] => 47
            [function] => getMediaConsumo
            [class] => Energia
            [type] => ->
        )

)

[12-11-2025 17:30:52] [ERROR] [IP: ::1] [User: 3] Erro ao buscar consumo mensal {"error":"SQLSTATE[42S22]: Column not found: 1054 Unknown column 'data_vencimento' in 'field list'","trace":"#0 C:\\wamp64\\www\\Contas\\src\\models\\Energia.php(91): PDO->query('SELECT\\r\\n       ...')\n#1 C:\\wamp64\\www\\Contas\\src\\controllers\\BaseController.php(83): Energia->getConsumoMensal()\n#2 C:\\wamp64\\www\\Contas\\src\\controllers\\EnergiaController.php(17): BaseController->index()\n#3 C:\\wamp64\\www\\Contas\\public\\energia.php(44): EnergiaController->index()\n#4 {main}"}
Stack Trace:
Array
(
    [0] => Array
        (
            [file] => C:\wamp64\www\Contas\src\models\Energia.php
            [line] => 94
            [function] => error
            [class] => Logger
            [type] => ->
        )

    [1] => Array
        (
            [file] => C:\wamp64\www\Contas\src\controllers\BaseController.php
            [line] => 83
            [function] => getConsumoMensal
            [class] => Energia
            [type] => ->
        )

)

[12-11-2025 17:30:52] [ERROR] [IP: ::1] [User: 3] Erro ao calcular a soma da coluna valor_final {"error":"Coluna inv\u00e1lida para soma: valor_final","trace":"#0 C:\\wamp64\\www\\Contas\\src\\controllers\\EnergiaController.php(20): Model->sum('valor_final', Array)\n#1 C:\\wamp64\\www\\Contas\\public\\energia.php(44): EnergiaController->index()\n#2 {main}"}
Stack Trace:
Array
(
    [0] => Array
        (
            [file] => C:\wamp64\www\Contas\src\includes\Model.php
            [line] => 153
            [function] => error
            [class] => Logger
            [type] => ->
        )

    [1] => Array
        (
            [file] => C:\wamp64\www\Contas\src\controllers\EnergiaController.php
            [line] => 20
            [function] => sum
            [class] => Model
            [type] => ->
        )

)

[12-11-2025 17:31:14] [ERROR] [IP: ::1] [User: 3] Erro ao buscar registros com filtros {"error":"SQLSTATE[42S22]: Column not found: 1054 Unknown column 'id_agua' in 'order clause'","trace":"#0 C:\\wamp64\\www\\Contas\\src\\models\\Agua.php(56): PDO->prepare('SELECT * FROM a...')\n#1 C:\\wamp64\\www\\Contas\\src\\controllers\\BaseController.php(39): Agua->buscarComFiltros(Array)\n#2 C:\\wamp64\\www\\Contas\\src\\controllers\\AguaController.php(16): BaseController->index()\n#3 C:\\wamp64\\www\\Contas\\public\\agua.php(44): AguaController->index()\n#4 {main}"}
Stack Trace:
Array
(
    [0] => Array
        (
            [file] => C:\wamp64\www\Contas\src\models\Agua.php
            [line] => 63
            [function] => error
            [class] => Logger
            [type] => ->
        )

    [1] => Array
        (
            [file] => C:\wamp64\www\Contas\src\controllers\BaseController.php
            [line] => 39
            [function] => buscarComFiltros
            [class] => Agua
            [type] => ->
        )

)

[12-11-2025 17:31:14] [ERROR] [IP: ::1] [User: 3] Erro ao calcular total pendente {"error":"SQLSTATE[42S22]: Column not found: 1054 Unknown column 'valor_fatura' in 'field list'","trace":"#0 C:\\wamp64\\www\\Contas\\src\\models\\Agua.php(117): PDO->query('SELECT SUM(valo...')\n#1 C:\\wamp64\\www\\Contas\\src\\controllers\\BaseController.php(42): Agua->getTotalPendente()\n#2 C:\\wamp64\\www\\Contas\\src\\controllers\\AguaController.php(16): BaseController->index()\n#3 C:\\wamp64\\www\\Contas\\public\\agua.php(44): AguaController->index()\n#4 {main}"}
Stack Trace:
Array
(
    [0] => Array
        (
            [file] => C:\wamp64\www\Contas\src\models\Agua.php
            [line] => 121
            [function] => error
            [class] => Logger
            [type] => ->
        )

    [1] => Array
        (
            [file] => C:\wamp64\www\Contas\src\controllers\BaseController.php
            [line] => 42
            [function] => getTotalPendente
            [class] => Agua
            [type] => ->
        )

)

[12-11-2025 17:31:14] [ERROR] [IP: ::1] [User: 3] Erro ao buscar consumo mensal {"error":"SQLSTATE[42S22]: Column not found: 1054 Unknown column 'valor_fatura' in 'field list'","trace":"#0 C:\\wamp64\\www\\Contas\\src\\models\\Agua.php(82): PDO->query('SELECT\\r\\n       ...')\n#1 C:\\wamp64\\www\\Contas\\src\\controllers\\BaseController.php(83): Agua->getConsumoMensal()\n#2 C:\\wamp64\\www\\Contas\\src\\controllers\\AguaController.php(16): BaseController->index()\n#3 C:\\wamp64\\www\\Contas\\public\\agua.php(44): AguaController->index()\n#4 {main}"}
Stack Trace:
Array
(
    [0] => Array
        (
            [file] => C:\wamp64\www\Contas\src\models\Agua.php
            [line] => 85
            [function] => error
            [class] => Logger
            [type] => ->
        )

    [1] => Array
        (
            [file] => C:\wamp64\www\Contas\src\controllers\BaseController.php
            [line] => 83
            [function] => getConsumoMensal
            [class] => Agua
            [type] => ->
        )

)

[12-11-2025 17:31:14] [ERROR] [IP: ::1] [User: 3] Erro ao calcular a soma da coluna valor_fatura {"error":"SQLSTATE[42S22]: Column not found: 1054 Unknown column 'valor_fatura' in 'field list'","trace":"#0 C:\\wamp64\\www\\Contas\\src\\includes\\Model.php(148): PDO->prepare('SELECT SUM(valo...')\n#1 C:\\wamp64\\www\\Contas\\src\\controllers\\AguaController.php(19): Model->sum('valor_fatura', Array)\n#2 C:\\wamp64\\www\\Contas\\public\\agua.php(44): AguaController->index()\n#3 {main}"}
Stack Trace:
Array
(
    [0] => Array
        (
            [file] => C:\wamp64\www\Contas\src\includes\Model.php
            [line] => 153
            [function] => error
            [class] => Logger
            [type] => ->
        )

    [1] => Array
        (
            [file] => C:\wamp64\www\Contas\src\controllers\AguaController.php
            [line] => 19
            [function] => sum
            [class] => Model
            [type] => ->
        )

)

[12-11-2025 17:31:14] [ERROR] [IP: ::1] [User: 3] Erro ao calcular a soma da coluna multa {"error":"SQLSTATE[42S22]: Column not found: 1054 Unknown column 'multa' in 'field list'","trace":"#0 C:\\wamp64\\www\\Contas\\src\\includes\\Model.php(148): PDO->prepare('SELECT SUM(mult...')\n#1 C:\\wamp64\\www\\Contas\\src\\controllers\\AguaController.php(21): Model->sum('multa')\n#2 C:\\wamp64\\www\\Contas\\public\\agua.php(44): AguaController->index()\n#3 {main}"}
Stack Trace:
Array
(
    [0] => Array
        (
            [file] => C:\wamp64\www\Contas\src\includes\Model.php
            [line] => 153
            [function] => error
            [class] => Logger
            [type] => ->
        )

    [1] => Array
        (
            [file] => C:\wamp64\www\Contas\src\controllers\AguaController.php
            [line] => 21
            [function] => sum
            [class] => Model
            [type] => ->
        )

)

[12-11-2025 17:33:14] [ERROR] [IP: ::1] [User: 3] Erro ao buscar registros com filtros {"error":"SQLSTATE[42S22]: Column not found: 1054 Unknown column 'id_agua' in 'order clause'","trace":"#0 C:\\wamp64\\www\\Contas\\src\\models\\Agua.php(56): PDO->prepare('SELECT * FROM a...')\n#1 C:\\wamp64\\www\\Contas\\src\\controllers\\BaseController.php(39): Agua->buscarComFiltros(Array)\n#2 C:\\wamp64\\www\\Contas\\src\\controllers\\AguaController.php(16): BaseController->index()\n#3 C:\\wamp64\\www\\Contas\\public\\agua.php(44): AguaController->index()\n#4 {main}"}
Stack Trace:
Array
(
    [0] => Array
        (
            [file] => C:\wamp64\www\Contas\src\models\Agua.php
            [line] => 63
            [function] => error
            [class] => Logger
            [type] => ->
        )

    [1] => Array
        (
            [file] => C:\wamp64\www\Contas\src\controllers\BaseController.php
            [line] => 39
            [function] => buscarComFiltros
            [class] => Agua
            [type] => ->
        )

)

[12-11-2025 17:33:14] [ERROR] [IP: ::1] [User: 3] Erro ao calcular total pendente {"error":"SQLSTATE[42S22]: Column not found: 1054 Unknown column 'valor_fatura' in 'field list'","trace":"#0 C:\\wamp64\\www\\Contas\\src\\models\\Agua.php(117): PDO->query('SELECT SUM(valo...')\n#1 C:\\wamp64\\www\\Contas\\src\\controllers\\BaseController.php(42): Agua->getTotalPendente()\n#2 C:\\wamp64\\www\\Contas\\src\\controllers\\AguaController.php(16): BaseController->index()\n#3 C:\\wamp64\\www\\Contas\\public\\agua.php(44): AguaController->index()\n#4 {main}"}
Stack Trace:
Array
(
    [0] => Array
        (
            [file] => C:\wamp64\www\Contas\src\models\Agua.php
            [line] => 121
            [function] => error
            [class] => Logger
            [type] => ->
        )

    [1] => Array
        (
            [file] => C:\wamp64\www\Contas\src\controllers\BaseController.php
            [line] => 42
            [function] => getTotalPendente
            [class] => Agua
            [type] => ->
        )

)

[12-11-2025 17:33:14] [ERROR] [IP: ::1] [User: 3] Erro ao buscar consumo mensal {"error":"SQLSTATE[42S22]: Column not found: 1054 Unknown column 'valor_fatura' in 'field list'","trace":"#0 C:\\wamp64\\www\\Contas\\src\\models\\Agua.php(82): PDO->query('SELECT\\r\\n       ...')\n#1 C:\\wamp64\\www\\Contas\\src\\controllers\\BaseController.php(83): Agua->getConsumoMensal()\n#2 C:\\wamp64\\www\\Contas\\src\\controllers\\AguaController.php(16): BaseController->index()\n#3 C:\\wamp64\\www\\Contas\\public\\agua.php(44): AguaController->index()\n#4 {main}"}
Stack Trace:
Array
(
    [0] => Array
        (
            [file] => C:\wamp64\www\Contas\src\models\Agua.php
            [line] => 85
            [function] => error
            [class] => Logger
            [type] => ->
        )

    [1] => Array
        (
            [file] => C:\wamp64\www\Contas\src\controllers\BaseController.php
            [line] => 83
            [function] => getConsumoMensal
            [class] => Agua
            [type] => ->
        )

)

[12-11-2025 17:33:14] [ERROR] [IP: ::1] [User: 3] Erro ao calcular a soma da coluna valor_fatura {"error":"SQLSTATE[42S22]: Column not found: 1054 Unknown column 'valor_fatura' in 'field list'","trace":"#0 C:\\wamp64\\www\\Contas\\src\\includes\\Model.php(148): PDO->prepare('SELECT SUM(valo...')\n#1 C:\\wamp64\\www\\Contas\\src\\controllers\\AguaController.php(19): Model->sum('valor_fatura', Array)\n#2 C:\\wamp64\\www\\Contas\\public\\agua.php(44): AguaController->index()\n#3 {main}"}
Stack Trace:
Array
(
    [0] => Array
        (
            [file] => C:\wamp64\www\Contas\src\includes\Model.php
            [line] => 153
            [function] => error
            [class] => Logger
            [type] => ->
        )

    [1] => Array
        (
            [file] => C:\wamp64\www\Contas\src\controllers\AguaController.php
            [line] => 19
            [function] => sum
            [class] => Model
            [type] => ->
        )

)

[12-11-2025 17:33:14] [ERROR] [IP: ::1] [User: 3] Erro ao calcular a soma da coluna multa {"error":"SQLSTATE[42S22]: Column not found: 1054 Unknown column 'multa' in 'field list'","trace":"#0 C:\\wamp64\\www\\Contas\\src\\includes\\Model.php(148): PDO->prepare('SELECT SUM(mult...')\n#1 C:\\wamp64\\www\\Contas\\src\\controllers\\AguaController.php(21): Model->sum('multa')\n#2 C:\\wamp64\\www\\Contas\\public\\agua.php(44): AguaController->index()\n#3 {main}"}
Stack Trace:
Array
(
    [0] => Array
        (
            [file] => C:\wamp64\www\Contas\src\includes\Model.php
            [line] => 153
            [function] => error
            [class] => Logger
            [type] => ->
        )

    [1] => Array
        (
            [file] => C:\wamp64\www\Contas\src\controllers\AguaController.php
            [line] => 21
            [function] => sum
            [class] => Model
            [type] => ->
        )

)

[12-11-2025 17:34:10] [ERROR] [IP: ::1] [User: 3] Erro ao buscar registros com filtros {"error":"SQLSTATE[42S22]: Column not found: 1054 Unknown column 'id_agua' in 'order clause'","trace":"#0 C:\\wamp64\\www\\Contas\\src\\models\\Agua.php(56): PDO->prepare('SELECT * FROM a...')\n#1 C:\\wamp64\\www\\Contas\\src\\controllers\\BaseController.php(39): Agua->buscarComFiltros(Array)\n#2 C:\\wamp64\\www\\Contas\\src\\controllers\\AguaController.php(16): BaseController->index()\n#3 C:\\wamp64\\www\\Contas\\public\\agua.php(44): AguaController->index()\n#4 {main}"}
Stack Trace:
Array
(
    [0] => Array
        (
            [file] => C:\wamp64\www\Contas\src\models\Agua.php
            [line] => 63
            [function] => error
            [class] => Logger
            [type] => ->
        )

    [1] => Array
        (
            [file] => C:\wamp64\www\Contas\src\controllers\BaseController.php
            [line] => 39
            [function] => buscarComFiltros
            [class] => Agua
            [type] => ->
        )

)

[12-11-2025 17:34:10] [ERROR] [IP: ::1] [User: 3] Erro ao calcular total pendente {"error":"SQLSTATE[42S22]: Column not found: 1054 Unknown column 'valor_fatura' in 'field list'","trace":"#0 C:\\wamp64\\www\\Contas\\src\\models\\Agua.php(117): PDO->query('SELECT SUM(valo...')\n#1 C:\\wamp64\\www\\Contas\\src\\controllers\\BaseController.php(42): Agua->getTotalPendente()\n#2 C:\\wamp64\\www\\Contas\\src\\controllers\\AguaController.php(16): BaseController->index()\n#3 C:\\wamp64\\www\\Contas\\public\\agua.php(44): AguaController->index()\n#4 {main}"}
Stack Trace:
Array
(
    [0] => Array
        (
            [file] => C:\wamp64\www\Contas\src\models\Agua.php
            [line] => 121
            [function] => error
            [class] => Logger
            [type] => ->
        )

    [1] => Array
        (
            [file] => C:\wamp64\www\Contas\src\controllers\BaseController.php
            [line] => 42
            [function] => getTotalPendente
            [class] => Agua
            [type] => ->
        )

)

[12-11-2025 17:34:10] [ERROR] [IP: ::1] [User: 3] Erro ao buscar consumo mensal {"error":"SQLSTATE[42S22]: Column not found: 1054 Unknown column 'valor_fatura' in 'field list'","trace":"#0 C:\\wamp64\\www\\Contas\\src\\models\\Agua.php(82): PDO->query('SELECT\\r\\n       ...')\n#1 C:\\wamp64\\www\\Contas\\src\\controllers\\BaseController.php(83): Agua->getConsumoMensal()\n#2 C:\\wamp64\\www\\Contas\\src\\controllers\\AguaController.php(16): BaseController->index()\n#3 C:\\wamp64\\www\\Contas\\public\\agua.php(44): AguaController->index()\n#4 {main}"}
Stack Trace:
Array
(
    [0] => Array
        (
            [file] => C:\wamp64\www\Contas\src\models\Agua.php
            [line] => 85
            [function] => error
            [class] => Logger
            [type] => ->
        )

    [1] => Array
        (
            [file] => C:\wamp64\www\Contas\src\controllers\BaseController.php
            [line] => 83
            [function] => getConsumoMensal
            [class] => Agua
            [type] => ->
        )

)

[12-11-2025 17:34:10] [ERROR] [IP: ::1] [User: 3] Erro ao calcular a soma da coluna valor_fatura {"error":"SQLSTATE[42S22]: Column not found: 1054 Unknown column 'valor_fatura' in 'field list'","trace":"#0 C:\\wamp64\\www\\Contas\\src\\includes\\Model.php(148): PDO->prepare('SELECT SUM(valo...')\n#1 C:\\wamp64\\www\\Contas\\src\\controllers\\AguaController.php(19): Model->sum('valor_fatura', Array)\n#2 C:\\wamp64\\www\\Contas\\public\\agua.php(44): AguaController->index()\n#3 {main}"}
Stack Trace:
Array
(
    [0] => Array
        (
            [file] => C:\wamp64\www\Contas\src\includes\Model.php
            [line] => 153
            [function] => error
            [class] => Logger
            [type] => ->
        )

    [1] => Array
        (
            [file] => C:\wamp64\www\Contas\src\controllers\AguaController.php
            [line] => 19
            [function] => sum
            [class] => Model
            [type] => ->
        )

)

[12-11-2025 17:34:10] [ERROR] [IP: ::1] [User: 3] Erro ao calcular a soma da coluna multa {"error":"SQLSTATE[42S22]: Column not found: 1054 Unknown column 'multa' in 'field list'","trace":"#0 C:\\wamp64\\www\\Contas\\src\\includes\\Model.php(148): PDO->prepare('SELECT SUM(mult...')\n#1 C:\\wamp64\\www\\Contas\\src\\controllers\\AguaController.php(21): Model->sum('multa')\n#2 C:\\wamp64\\www\\Contas\\public\\agua.php(44): AguaController->index()\n#3 {main}"}
Stack Trace:
Array
(
    [0] => Array
        (
            [file] => C:\wamp64\www\Contas\src\includes\Model.php
            [line] => 153
            [function] => error
            [class] => Logger
            [type] => ->
        )

    [1] => Array
        (
            [file] => C:\wamp64\www\Contas\src\controllers\AguaController.php
            [line] => 21
            [function] => sum
            [class] => Model
            [type] => ->
        )

)

[12-11-2025 17:34:28] [ERROR] [IP: ::1] [User: 3] Erro ao buscar registros com filtros {"error":"SQLSTATE[42S22]: Column not found: 1054 Unknown column 'id_agua' in 'order clause'","trace":"#0 C:\\wamp64\\www\\Contas\\src\\models\\Agua.php(56): PDO->prepare('SELECT * FROM a...')\n#1 C:\\wamp64\\www\\Contas\\src\\controllers\\BaseController.php(39): Agua->buscarComFiltros(Array)\n#2 C:\\wamp64\\www\\Contas\\src\\controllers\\AguaController.php(16): BaseController->index()\n#3 C:\\wamp64\\www\\Contas\\public\\agua.php(44): AguaController->index()\n#4 {main}"}
Stack Trace:
Array
(
    [0] => Array
        (
            [file] => C:\wamp64\www\Contas\src\models\Agua.php
            [line] => 63
            [function] => error
            [class] => Logger
            [type] => ->
        )

    [1] => Array
        (
            [file] => C:\wamp64\www\Contas\src\controllers\BaseController.php
            [line] => 39
            [function] => buscarComFiltros
            [class] => Agua
            [type] => ->
        )

)

[12-11-2025 17:34:28] [ERROR] [IP: ::1] [User: 3] Erro ao calcular total pendente {"error":"SQLSTATE[42S22]: Column not found: 1054 Unknown column 'valor_fatura' in 'field list'","trace":"#0 C:\\wamp64\\www\\Contas\\src\\models\\Agua.php(117): PDO->query('SELECT SUM(valo...')\n#1 C:\\wamp64\\www\\Contas\\src\\controllers\\BaseController.php(42): Agua->getTotalPendente()\n#2 C:\\wamp64\\www\\Contas\\src\\controllers\\AguaController.php(16): BaseController->index()\n#3 C:\\wamp64\\www\\Contas\\public\\agua.php(44): AguaController->index()\n#4 {main}"}
Stack Trace:
Array
(
    [0] => Array
        (
            [file] => C:\wamp64\www\Contas\src\models\Agua.php
            [line] => 121
            [function] => error
            [class] => Logger
            [type] => ->
        )

    [1] => Array
        (
            [file] => C:\wamp64\www\Contas\src\controllers\BaseController.php
            [line] => 42
            [function] => getTotalPendente
            [class] => Agua
            [type] => ->
        )

)

[12-11-2025 17:34:28] [ERROR] [IP: ::1] [User: 3] Erro ao buscar consumo mensal {"error":"SQLSTATE[42S22]: Column not found: 1054 Unknown column 'valor_fatura' in 'field list'","trace":"#0 C:\\wamp64\\www\\Contas\\src\\models\\Agua.php(82): PDO->query('SELECT\\r\\n       ...')\n#1 C:\\wamp64\\www\\Contas\\src\\controllers\\BaseController.php(83): Agua->getConsumoMensal()\n#2 C:\\wamp64\\www\\Contas\\src\\controllers\\AguaController.php(16): BaseController->index()\n#3 C:\\wamp64\\www\\Contas\\public\\agua.php(44): AguaController->index()\n#4 {main}"}
Stack Trace:
Array
(
    [0] => Array
        (
            [file] => C:\wamp64\www\Contas\src\models\Agua.php
            [line] => 85
            [function] => error
            [class] => Logger
            [type] => ->
        )

    [1] => Array
        (
            [file] => C:\wamp64\www\Contas\src\controllers\BaseController.php
            [line] => 83
            [function] => getConsumoMensal
            [class] => Agua
            [type] => ->
        )

)

[12-11-2025 17:34:28] [ERROR] [IP: ::1] [User: 3] Erro ao calcular a soma da coluna valor_fatura {"error":"SQLSTATE[42S22]: Column not found: 1054 Unknown column 'valor_fatura' in 'field list'","trace":"#0 C:\\wamp64\\www\\Contas\\src\\includes\\Model.php(148): PDO->prepare('SELECT SUM(valo...')\n#1 C:\\wamp64\\www\\Contas\\src\\controllers\\AguaController.php(19): Model->sum('valor_fatura', Array)\n#2 C:\\wamp64\\www\\Contas\\public\\agua.php(44): AguaController->index()\n#3 {main}"}
Stack Trace:
Array
(
    [0] => Array
        (
            [file] => C:\wamp64\www\Contas\src\includes\Model.php
            [line] => 153
            [function] => error
            [class] => Logger
            [type] => ->
        )

    [1] => Array
        (
            [file] => C:\wamp64\www\Contas\src\controllers\AguaController.php
            [line] => 19
            [function] => sum
            [class] => Model
            [type] => ->
        )

)

[12-11-2025 17:34:28] [ERROR] [IP: ::1] [User: 3] Erro ao calcular a soma da coluna multa {"error":"SQLSTATE[42S22]: Column not found: 1054 Unknown column 'multa' in 'field list'","trace":"#0 C:\\wamp64\\www\\Contas\\src\\includes\\Model.php(148): PDO->prepare('SELECT SUM(mult...')\n#1 C:\\wamp64\\www\\Contas\\src\\controllers\\AguaController.php(21): Model->sum('multa')\n#2 C:\\wamp64\\www\\Contas\\public\\agua.php(44): AguaController->index()\n#3 {main}"}
Stack Trace:
Array
(
    [0] => Array
        (
            [file] => C:\wamp64\www\Contas\src\includes\Model.php
            [line] => 153
            [function] => error
            [class] => Logger
            [type] => ->
        )

    [1] => Array
        (
            [file] => C:\wamp64\www\Contas\src\controllers\AguaController.php
            [line] => 21
            [function] => sum
            [class] => Model
            [type] => ->
        )

)

[12-11-2025 17:34:47] [ERROR] [IP: ::1] [User: 3] Erro ao buscar registros com filtros {"error":"SQLSTATE[42S22]: Column not found: 1054 Unknown column 'id_agua' in 'order clause'","trace":"#0 C:\\wamp64\\www\\Contas\\src\\models\\Agua.php(56): PDO->prepare('SELECT * FROM a...')\n#1 C:\\wamp64\\www\\Contas\\src\\controllers\\BaseController.php(39): Agua->buscarComFiltros(Array)\n#2 C:\\wamp64\\www\\Contas\\src\\controllers\\AguaController.php(16): BaseController->index()\n#3 C:\\wamp64\\www\\Contas\\public\\agua.php(44): AguaController->index()\n#4 {main}"}
Stack Trace:
Array
(
    [0] => Array
        (
            [file] => C:\wamp64\www\Contas\src\models\Agua.php
            [line] => 63
            [function] => error
            [class] => Logger
            [type] => ->
        )

    [1] => Array
        (
            [file] => C:\wamp64\www\Contas\src\controllers\BaseController.php
            [line] => 39
            [function] => buscarComFiltros
            [class] => Agua
            [type] => ->
        )

)

[12-11-2025 17:34:47] [ERROR] [IP: ::1] [User: 3] Erro ao calcular total pendente {"error":"SQLSTATE[42S22]: Column not found: 1054 Unknown column 'valor_fatura' in 'field list'","trace":"#0 C:\\wamp64\\www\\Contas\\src\\models\\Agua.php(117): PDO->query('SELECT SUM(valo...')\n#1 C:\\wamp64\\www\\Contas\\src\\controllers\\BaseController.php(42): Agua->getTotalPendente()\n#2 C:\\wamp64\\www\\Contas\\src\\controllers\\AguaController.php(16): BaseController->index()\n#3 C:\\wamp64\\www\\Contas\\public\\agua.php(44): AguaController->index()\n#4 {main}"}
Stack Trace:
Array
(
    [0] => Array
        (
            [file] => C:\wamp64\www\Contas\src\models\Agua.php
            [line] => 121
            [function] => error
            [class] => Logger
            [type] => ->
        )

    [1] => Array
        (
            [file] => C:\wamp64\www\Contas\src\controllers\BaseController.php
            [line] => 42
            [function] => getTotalPendente
            [class] => Agua
            [type] => ->
        )

)

[12-11-2025 17:34:47] [ERROR] [IP: ::1] [User: 3] Erro ao buscar consumo mensal {"error":"SQLSTATE[42S22]: Column not found: 1054 Unknown column 'valor_fatura' in 'field list'","trace":"#0 C:\\wamp64\\www\\Contas\\src\\models\\Agua.php(82): PDO->query('SELECT\\r\\n       ...')\n#1 C:\\wamp64\\www\\Contas\\src\\controllers\\BaseController.php(83): Agua->getConsumoMensal()\n#2 C:\\wamp64\\www\\Contas\\src\\controllers\\AguaController.php(16): BaseController->index()\n#3 C:\\wamp64\\www\\Contas\\public\\agua.php(44): AguaController->index()\n#4 {main}"}
Stack Trace:
Array
(
    [0] => Array
        (
            [file] => C:\wamp64\www\Contas\src\models\Agua.php
            [line] => 85
            [function] => error
            [class] => Logger
            [type] => ->
        )

    [1] => Array
        (
            [file] => C:\wamp64\www\Contas\src\controllers\BaseController.php
            [line] => 83
            [function] => getConsumoMensal
            [class] => Agua
            [type] => ->
        )

)

[12-11-2025 17:34:47] [ERROR] [IP: ::1] [User: 3] Erro ao calcular a soma da coluna valor_fatura {"error":"SQLSTATE[42S22]: Column not found: 1054 Unknown column 'valor_fatura' in 'field list'","trace":"#0 C:\\wamp64\\www\\Contas\\src\\includes\\Model.php(148): PDO->prepare('SELECT SUM(valo...')\n#1 C:\\wamp64\\www\\Contas\\src\\controllers\\AguaController.php(19): Model->sum('valor_fatura', Array)\n#2 C:\\wamp64\\www\\Contas\\public\\agua.php(44): AguaController->index()\n#3 {main}"}
Stack Trace:
Array
(
    [0] => Array
        (
            [file] => C:\wamp64\www\Contas\src\includes\Model.php
            [line] => 153
            [function] => error
            [class] => Logger
            [type] => ->
        )

    [1] => Array
        (
            [file] => C:\wamp64\www\Contas\src\controllers\AguaController.php
            [line] => 19
            [function] => sum
            [class] => Model
            [type] => ->
        )

)

[12-11-2025 17:34:47] [ERROR] [IP: ::1] [User: 3] Erro ao calcular a soma da coluna multa {"error":"SQLSTATE[42S22]: Column not found: 1054 Unknown column 'multa' in 'field list'","trace":"#0 C:\\wamp64\\www\\Contas\\src\\includes\\Model.php(148): PDO->prepare('SELECT SUM(mult...')\n#1 C:\\wamp64\\www\\Contas\\src\\controllers\\AguaController.php(21): Model->sum('multa')\n#2 C:\\wamp64\\www\\Contas\\public\\agua.php(44): AguaController->index()\n#3 {main}"}
Stack Trace:
Array
(
    [0] => Array
        (
            [file] => C:\wamp64\www\Contas\src\includes\Model.php
            [line] => 153
            [function] => error
            [class] => Logger
            [type] => ->
        )

    [1] => Array
        (
            [file] => C:\wamp64\www\Contas\src\controllers\AguaController.php
            [line] => 21
            [function] => sum
            [class] => Model
            [type] => ->
        )

)

[12-11-2025 17:34:56] [ERROR] [IP: ::1] [User: 3] Erro ao buscar registros com filtros {"error":"SQLSTATE[42S22]: Column not found: 1054 Unknown column 'id_agua' in 'order clause'","trace":"#0 C:\\wamp64\\www\\Contas\\src\\models\\Agua.php(56): PDO->prepare('SELECT * FROM a...')\n#1 C:\\wamp64\\www\\Contas\\src\\controllers\\BaseController.php(39): Agua->buscarComFiltros(Array)\n#2 C:\\wamp64\\www\\Contas\\src\\controllers\\AguaController.php(16): BaseController->index()\n#3 C:\\wamp64\\www\\Contas\\public\\agua.php(44): AguaController->index()\n#4 {main}"}
Stack Trace:
Array
(
    [0] => Array
        (
            [file] => C:\wamp64\www\Contas\src\models\Agua.php
            [line] => 63
            [function] => error
            [class] => Logger
            [type] => ->
        )

    [1] => Array
        (
            [file] => C:\wamp64\www\Contas\src\controllers\BaseController.php
            [line] => 39
            [function] => buscarComFiltros
            [class] => Agua
            [type] => ->
        )

)

[12-11-2025 17:34:56] [ERROR] [IP: ::1] [User: 3] Erro ao calcular total pendente {"error":"SQLSTATE[42S22]: Column not found: 1054 Unknown column 'valor_fatura' in 'field list'","trace":"#0 C:\\wamp64\\www\\Contas\\src\\models\\Agua.php(117): PDO->query('SELECT SUM(valo...')\n#1 C:\\wamp64\\www\\Contas\\src\\controllers\\BaseController.php(42): Agua->getTotalPendente()\n#2 C:\\wamp64\\www\\Contas\\src\\controllers\\AguaController.php(16): BaseController->index()\n#3 C:\\wamp64\\www\\Contas\\public\\agua.php(44): AguaController->index()\n#4 {main}"}
Stack Trace:
Array
(
    [0] => Array
        (
            [file] => C:\wamp64\www\Contas\src\models\Agua.php
            [line] => 121
            [function] => error
            [class] => Logger
            [type] => ->
        )

    [1] => Array
        (
            [file] => C:\wamp64\www\Contas\src\controllers\BaseController.php
            [line] => 42
            [function] => getTotalPendente
            [class] => Agua
            [type] => ->
        )

)

[12-11-2025 17:34:56] [ERROR] [IP: ::1] [User: 3] Erro ao buscar consumo mensal {"error":"SQLSTATE[42S22]: Column not found: 1054 Unknown column 'valor_fatura' in 'field list'","trace":"#0 C:\\wamp64\\www\\Contas\\src\\models\\Agua.php(82): PDO->query('SELECT\\r\\n       ...')\n#1 C:\\wamp64\\www\\Contas\\src\\controllers\\BaseController.php(83): Agua->getConsumoMensal()\n#2 C:\\wamp64\\www\\Contas\\src\\controllers\\AguaController.php(16): BaseController->index()\n#3 C:\\wamp64\\www\\Contas\\public\\agua.php(44): AguaController->index()\n#4 {main}"}
Stack Trace:
Array
(
    [0] => Array
        (
            [file] => C:\wamp64\www\Contas\src\models\Agua.php
            [line] => 85
            [function] => error
            [class] => Logger
            [type] => ->
        )

    [1] => Array
        (
            [file] => C:\wamp64\www\Contas\src\controllers\BaseController.php
            [line] => 83
            [function] => getConsumoMensal
            [class] => Agua
            [type] => ->
        )

)

[12-11-2025 17:34:56] [ERROR] [IP: ::1] [User: 3] Erro ao calcular a soma da coluna valor_fatura {"error":"SQLSTATE[42S22]: Column not found: 1054 Unknown column 'valor_fatura' in 'field list'","trace":"#0 C:\\wamp64\\www\\Contas\\src\\includes\\Model.php(148): PDO->prepare('SELECT SUM(valo...')\n#1 C:\\wamp64\\www\\Contas\\src\\controllers\\AguaController.php(19): Model->sum('valor_fatura', Array)\n#2 C:\\wamp64\\www\\Contas\\public\\agua.php(44): AguaController->index()\n#3 {main}"}
Stack Trace:
Array
(
    [0] => Array
        (
            [file] => C:\wamp64\www\Contas\src\includes\Model.php
            [line] => 153
            [function] => error
            [class] => Logger
            [type] => ->
        )

    [1] => Array
        (
            [file] => C:\wamp64\www\Contas\src\controllers\AguaController.php
            [line] => 19
            [function] => sum
            [class] => Model
            [type] => ->
        )

)

[12-11-2025 17:34:56] [ERROR] [IP: ::1] [User: 3] Erro ao calcular a soma da coluna multa {"error":"SQLSTATE[42S22]: Column not found: 1054 Unknown column 'multa' in 'field list'","trace":"#0 C:\\wamp64\\www\\Contas\\src\\includes\\Model.php(148): PDO->prepare('SELECT SUM(mult...')\n#1 C:\\wamp64\\www\\Contas\\src\\controllers\\AguaController.php(21): Model->sum('multa')\n#2 C:\\wamp64\\www\\Contas\\public\\agua.php(44): AguaController->index()\n#3 {main}"}
Stack Trace:
Array
(
    [0] => Array
        (
            [file] => C:\wamp64\www\Contas\src\includes\Model.php
            [line] => 153
            [function] => error
            [class] => Logger
            [type] => ->
        )

    [1] => Array
        (
            [file] => C:\wamp64\www\Contas\src\controllers\AguaController.php
            [line] => 21
            [function] => sum
            [class] => Model
            [type] => ->
        )

)

[12-11-2025 17:35:00] [ERROR] [IP: ::1] [User: 3] Erro ao buscar registros com filtros {"error":"SQLSTATE[42S22]: Column not found: 1054 Unknown column 'id_agua' in 'order clause'","trace":"#0 C:\\wamp64\\www\\Contas\\src\\models\\Agua.php(56): PDO->prepare('SELECT * FROM a...')\n#1 C:\\wamp64\\www\\Contas\\src\\controllers\\BaseController.php(39): Agua->buscarComFiltros(Array)\n#2 C:\\wamp64\\www\\Contas\\src\\controllers\\AguaController.php(16): BaseController->index()\n#3 C:\\wamp64\\www\\Contas\\public\\agua.php(44): AguaController->index()\n#4 {main}"}
Stack Trace:
Array
(
    [0] => Array
        (
            [file] => C:\wamp64\www\Contas\src\models\Agua.php
            [line] => 63
            [function] => error
            [class] => Logger
            [type] => ->
        )

    [1] => Array
        (
            [file] => C:\wamp64\www\Contas\src\controllers\BaseController.php
            [line] => 39
            [function] => buscarComFiltros
            [class] => Agua
            [type] => ->
        )

)

[12-11-2025 17:35:00] [ERROR] [IP: ::1] [User: 3] Erro ao calcular total pendente {"error":"SQLSTATE[42S22]: Column not found: 1054 Unknown column 'valor_fatura' in 'field list'","trace":"#0 C:\\wamp64\\www\\Contas\\src\\models\\Agua.php(117): PDO->query('SELECT SUM(valo...')\n#1 C:\\wamp64\\www\\Contas\\src\\controllers\\BaseController.php(42): Agua->getTotalPendente()\n#2 C:\\wamp64\\www\\Contas\\src\\controllers\\AguaController.php(16): BaseController->index()\n#3 C:\\wamp64\\www\\Contas\\public\\agua.php(44): AguaController->index()\n#4 {main}"}
Stack Trace:
Array
(
    [0] => Array
        (
            [file] => C:\wamp64\www\Contas\src\models\Agua.php
            [line] => 121
            [function] => error
            [class] => Logger
            [type] => ->
        )

    [1] => Array
        (
            [file] => C:\wamp64\www\Contas\src\controllers\BaseController.php
            [line] => 42
            [function] => getTotalPendente
            [class] => Agua
            [type] => ->
        )

)

[12-11-2025 17:35:00] [ERROR] [IP: ::1] [User: 3] Erro ao buscar consumo mensal {"error":"SQLSTATE[42S22]: Column not found: 1054 Unknown column 'valor_fatura' in 'field list'","trace":"#0 C:\\wamp64\\www\\Contas\\src\\models\\Agua.php(82): PDO->query('SELECT\\r\\n       ...')\n#1 C:\\wamp64\\www\\Contas\\src\\controllers\\BaseController.php(83): Agua->getConsumoMensal()\n#2 C:\\wamp64\\www\\Contas\\src\\controllers\\AguaController.php(16): BaseController->index()\n#3 C:\\wamp64\\www\\Contas\\public\\agua.php(44): AguaController->index()\n#4 {main}"}
Stack Trace:
Array
(
    [0] => Array
        (
            [file] => C:\wamp64\www\Contas\src\models\Agua.php
            [line] => 85
            [function] => error
            [class] => Logger
            [type] => ->
        )

    [1] => Array
        (
            [file] => C:\wamp64\www\Contas\src\controllers\BaseController.php
            [line] => 83
            [function] => getConsumoMensal
            [class] => Agua
            [type] => ->
        )

)

[12-11-2025 17:35:00] [ERROR] [IP: ::1] [User: 3] Erro ao calcular a soma da coluna valor_fatura {"error":"SQLSTATE[42S22]: Column not found: 1054 Unknown column 'valor_fatura' in 'field list'","trace":"#0 C:\\wamp64\\www\\Contas\\src\\includes\\Model.php(148): PDO->prepare('SELECT SUM(valo...')\n#1 C:\\wamp64\\www\\Contas\\src\\controllers\\AguaController.php(19): Model->sum('valor_fatura', Array)\n#2 C:\\wamp64\\www\\Contas\\public\\agua.php(44): AguaController->index()\n#3 {main}"}
Stack Trace:
Array
(
    [0] => Array
        (
            [file] => C:\wamp64\www\Contas\src\includes\Model.php
            [line] => 153
            [function] => error
            [class] => Logger
            [type] => ->
        )

    [1] => Array
        (
            [file] => C:\wamp64\www\Contas\src\controllers\AguaController.php
            [line] => 19
            [function] => sum
            [class] => Model
            [type] => ->
        )

)

[12-11-2025 17:35:00] [ERROR] [IP: ::1] [User: 3] Erro ao calcular a soma da coluna multa {"error":"SQLSTATE[42S22]: Column not found: 1054 Unknown column 'multa' in 'field list'","trace":"#0 C:\\wamp64\\www\\Contas\\src\\includes\\Model.php(148): PDO->prepare('SELECT SUM(mult...')\n#1 C:\\wamp64\\www\\Contas\\src\\controllers\\AguaController.php(21): Model->sum('multa')\n#2 C:\\wamp64\\www\\Contas\\public\\agua.php(44): AguaController->index()\n#3 {main}"}
Stack Trace:
Array
(
    [0] => Array
        (
            [file] => C:\wamp64\www\Contas\src\includes\Model.php
            [line] => 153
            [function] => error
            [class] => Logger
            [type] => ->
        )

    [1] => Array
        (
            [file] => C:\wamp64\www\Contas\src\controllers\AguaController.php
            [line] => 21
            [function] => sum
            [class] => Model
            [type] => ->
        )

)

[12-11-2025 17:59:59] [ERROR] [IP: ::1] [User: 3] Erro ao buscar registros com filtros {"error":"SQLSTATE[42S22]: Column not found: 1054 Unknown column 'id_agua' in 'order clause'","trace":"#0 C:\\wamp64\\www\\Contas\\src\\models\\Agua.php(56): PDO->prepare('SELECT * FROM a...')\n#1 C:\\wamp64\\www\\Contas\\src\\controllers\\BaseController.php(39): Agua->buscarComFiltros(Array)\n#2 C:\\wamp64\\www\\Contas\\src\\controllers\\AguaController.php(16): BaseController->index()\n#3 C:\\wamp64\\www\\Contas\\public\\agua.php(44): AguaController->index()\n#4 {main}"}
Stack Trace:
Array
(
    [0] => Array
        (
            [file] => C:\wamp64\www\Contas\src\models\Agua.php
            [line] => 63
            [function] => error
            [class] => Logger
            [type] => ->
        )

    [1] => Array
        (
            [file] => C:\wamp64\www\Contas\src\controllers\BaseController.php
            [line] => 39
            [function] => buscarComFiltros
            [class] => Agua
            [type] => ->
        )

)

[12-11-2025 17:59:59] [ERROR] [IP: ::1] [User: 3] Erro ao calcular total pendente {"error":"SQLSTATE[42S22]: Column not found: 1054 Unknown column 'valor_fatura' in 'field list'","trace":"#0 C:\\wamp64\\www\\Contas\\src\\models\\Agua.php(117): PDO->query('SELECT SUM(valo...')\n#1 C:\\wamp64\\www\\Contas\\src\\controllers\\BaseController.php(42): Agua->getTotalPendente()\n#2 C:\\wamp64\\www\\Contas\\src\\controllers\\AguaController.php(16): BaseController->index()\n#3 C:\\wamp64\\www\\Contas\\public\\agua.php(44): AguaController->index()\n#4 {main}"}
Stack Trace:
Array
(
    [0] => Array
        (
            [file] => C:\wamp64\www\Contas\src\models\Agua.php
            [line] => 121
            [function] => error
            [class] => Logger
            [type] => ->
        )

    [1] => Array
        (
            [file] => C:\wamp64\www\Contas\src\controllers\BaseController.php
            [line] => 42
            [function] => getTotalPendente
            [class] => Agua
            [type] => ->
        )

)

[12-11-2025 17:59:59] [ERROR] [IP: ::1] [User: 3] Erro ao buscar consumo mensal {"error":"SQLSTATE[42S22]: Column not found: 1054 Unknown column 'valor_fatura' in 'field list'","trace":"#0 C:\\wamp64\\www\\Contas\\src\\models\\Agua.php(82): PDO->query('SELECT\\r\\n       ...')\n#1 C:\\wamp64\\www\\Contas\\src\\controllers\\BaseController.php(83): Agua->getConsumoMensal()\n#2 C:\\wamp64\\www\\Contas\\src\\controllers\\AguaController.php(16): BaseController->index()\n#3 C:\\wamp64\\www\\Contas\\public\\agua.php(44): AguaController->index()\n#4 {main}"}
Stack Trace:
Array
(
    [0] => Array
        (
            [file] => C:\wamp64\www\Contas\src\models\Agua.php
            [line] => 85
            [function] => error
            [class] => Logger
            [type] => ->
        )

    [1] => Array
        (
            [file] => C:\wamp64\www\Contas\src\controllers\BaseController.php
            [line] => 83
            [function] => getConsumoMensal
            [class] => Agua
            [type] => ->
        )

)

[12-11-2025 17:59:59] [ERROR] [IP: ::1] [User: 3] Erro ao calcular a soma da coluna valor_fatura {"error":"SQLSTATE[42S22]: Column not found: 1054 Unknown column 'valor_fatura' in 'field list'","trace":"#0 C:\\wamp64\\www\\Contas\\src\\includes\\Model.php(148): PDO->prepare('SELECT SUM(valo...')\n#1 C:\\wamp64\\www\\Contas\\src\\controllers\\AguaController.php(19): Model->sum('valor_fatura', Array)\n#2 C:\\wamp64\\www\\Contas\\public\\agua.php(44): AguaController->index()\n#3 {main}"}
Stack Trace:
Array
(
    [0] => Array
        (
            [file] => C:\wamp64\www\Contas\src\includes\Model.php
            [line] => 153
            [function] => error
            [class] => Logger
            [type] => ->
        )

    [1] => Array
        (
            [file] => C:\wamp64\www\Contas\src\controllers\AguaController.php
            [line] => 19
            [function] => sum
            [class] => Model
            [type] => ->
        )

)

[12-11-2025 17:59:59] [ERROR] [IP: ::1] [User: 3] Erro ao calcular a soma da coluna multa {"error":"SQLSTATE[42S22]: Column not found: 1054 Unknown column 'multa' in 'field list'","trace":"#0 C:\\wamp64\\www\\Contas\\src\\includes\\Model.php(148): PDO->prepare('SELECT SUM(mult...')\n#1 C:\\wamp64\\www\\Contas\\src\\controllers\\AguaController.php(21): Model->sum('multa')\n#2 C:\\wamp64\\www\\Contas\\public\\agua.php(44): AguaController->index()\n#3 {main}"}
Stack Trace:
Array
(
    [0] => Array
        (
            [file] => C:\wamp64\www\Contas\src\includes\Model.php
            [line] => 153
            [function] => error
            [class] => Logger
            [type] => ->
        )

    [1] => Array
        (
            [file] => C:\wamp64\www\Contas\src\controllers\AguaController.php
            [line] => 21
            [function] => sum
            [class] => Model
            [type] => ->
        )

)

[12-11-2025 19:29:40] [ERROR] [IP: ::1] [User: 3] Erro ao buscar registros com filtros {"error":"SQLSTATE[42S22]: Column not found: 1054 Unknown column 'id_agua' in 'order clause'","trace":"#0 C:\\wamp64\\www\\Contas\\src\\models\\Agua.php(56): PDO->prepare('SELECT * FROM a...')\n#1 C:\\wamp64\\www\\Contas\\src\\controllers\\BaseController.php(39): Agua->buscarComFiltros(Array)\n#2 C:\\wamp64\\www\\Contas\\src\\controllers\\AguaController.php(16): BaseController->index()\n#3 C:\\wamp64\\www\\Contas\\public\\agua.php(44): AguaController->index()\n#4 {main}"}
Stack Trace:
Array
(
    [0] => Array
        (
            [file] => C:\wamp64\www\Contas\src\models\Agua.php
            [line] => 63
            [function] => error
            [class] => Logger
            [type] => ->
        )

    [1] => Array
        (
            [file] => C:\wamp64\www\Contas\src\controllers\BaseController.php
            [line] => 39
            [function] => buscarComFiltros
            [class] => Agua
            [type] => ->
        )

)

[12-11-2025 19:29:40] [ERROR] [IP: ::1] [User: 3] Erro ao calcular total pendente {"error":"SQLSTATE[42S22]: Column not found: 1054 Unknown column 'valor_fatura' in 'field list'","trace":"#0 C:\\wamp64\\www\\Contas\\src\\models\\Agua.php(117): PDO->query('SELECT SUM(valo...')\n#1 C:\\wamp64\\www\\Contas\\src\\controllers\\BaseController.php(42): Agua->getTotalPendente()\n#2 C:\\wamp64\\www\\Contas\\src\\controllers\\AguaController.php(16): BaseController->index()\n#3 C:\\wamp64\\www\\Contas\\public\\agua.php(44): AguaController->index()\n#4 {main}"}
Stack Trace:
Array
(
    [0] => Array
        (
            [file] => C:\wamp64\www\Contas\src\models\Agua.php
            [line] => 121
            [function] => error
            [class] => Logger
            [type] => ->
        )

    [1] => Array
        (
            [file] => C:\wamp64\www\Contas\src\controllers\BaseController.php
            [line] => 42
            [function] => getTotalPendente
            [class] => Agua
            [type] => ->
        )

)

[12-11-2025 19:29:40] [ERROR] [IP: ::1] [User: 3] Erro ao buscar consumo mensal {"error":"SQLSTATE[42S22]: Column not found: 1054 Unknown column 'valor_fatura' in 'field list'","trace":"#0 C:\\wamp64\\www\\Contas\\src\\models\\Agua.php(82): PDO->query('SELECT\\r\\n       ...')\n#1 C:\\wamp64\\www\\Contas\\src\\controllers\\BaseController.php(83): Agua->getConsumoMensal()\n#2 C:\\wamp64\\www\\Contas\\src\\controllers\\AguaController.php(16): BaseController->index()\n#3 C:\\wamp64\\www\\Contas\\public\\agua.php(44): AguaController->index()\n#4 {main}"}
Stack Trace:
Array
(
    [0] => Array
        (
            [file] => C:\wamp64\www\Contas\src\models\Agua.php
            [line] => 85
            [function] => error
            [class] => Logger
            [type] => ->
        )

    [1] => Array
        (
            [file] => C:\wamp64\www\Contas\src\controllers\BaseController.php
            [line] => 83
            [function] => getConsumoMensal
            [class] => Agua
            [type] => ->
        )

)

[12-11-2025 19:29:40] [ERROR] [IP: ::1] [User: 3] Erro ao calcular a soma da coluna valor_fatura {"error":"SQLSTATE[42S22]: Column not found: 1054 Unknown column 'valor_fatura' in 'field list'","trace":"#0 C:\\wamp64\\www\\Contas\\src\\includes\\Model.php(148): PDO->prepare('SELECT SUM(valo...')\n#1 C:\\wamp64\\www\\Contas\\src\\controllers\\AguaController.php(19): Model->sum('valor_fatura', Array)\n#2 C:\\wamp64\\www\\Contas\\public\\agua.php(44): AguaController->index()\n#3 {main}"}
Stack Trace:
Array
(
    [0] => Array
        (
            [file] => C:\wamp64\www\Contas\src\includes\Model.php
            [line] => 153
            [function] => error
            [class] => Logger
            [type] => ->
        )

    [1] => Array
        (
            [file] => C:\wamp64\www\Contas\src\controllers\AguaController.php
            [line] => 19
            [function] => sum
            [class] => Model
            [type] => ->
        )

)

[12-11-2025 19:29:40] [ERROR] [IP: ::1] [User: 3] Erro ao calcular a soma da coluna multa {"error":"SQLSTATE[42S22]: Column not found: 1054 Unknown column 'multa' in 'field list'","trace":"#0 C:\\wamp64\\www\\Contas\\src\\includes\\Model.php(148): PDO->prepare('SELECT SUM(mult...')\n#1 C:\\wamp64\\www\\Contas\\src\\controllers\\AguaController.php(21): Model->sum('multa')\n#2 C:\\wamp64\\www\\Contas\\public\\agua.php(44): AguaController->index()\n#3 {main}"}
Stack Trace:
Array
(
    [0] => Array
        (
            [file] => C:\wamp64\www\Contas\src\includes\Model.php
            [line] => 153
            [function] => error
            [class] => Logger
            [type] => ->
        )

    [1] => Array
        (
            [file] => C:\wamp64\www\Contas\src\controllers\AguaController.php
            [line] => 21
            [function] => sum
            [class] => Model
            [type] => ->
        )

)

[12-11-2025 19:48:27] [ERROR] [IP: ::1] [User: 3] Erro ao buscar registros com filtros {"error":"SQLSTATE[42S22]: Column not found: 1054 Unknown column 'id_agua' in 'order clause'","trace":"#0 C:\\wamp64\\www\\Contas\\src\\models\\Agua.php(56): PDO->prepare('SELECT * FROM a...')\n#1 C:\\wamp64\\www\\Contas\\src\\controllers\\BaseController.php(39): Agua->buscarComFiltros(Array)\n#2 C:\\wamp64\\www\\Contas\\src\\controllers\\AguaController.php(16): BaseController->index()\n#3 C:\\wamp64\\www\\Contas\\public\\agua.php(45): AguaController->index()\n#4 {main}"}
Stack Trace:
Array
(
    [0] => Array
        (
            [file] => C:\wamp64\www\Contas\src\models\Agua.php
            [line] => 63
            [function] => error
            [class] => Logger
            [type] => ->
        )

    [1] => Array
        (
            [file] => C:\wamp64\www\Contas\src\controllers\BaseController.php
            [line] => 39
            [function] => buscarComFiltros
            [class] => Agua
            [type] => ->
        )

)

[12-11-2025 19:48:27] [ERROR] [IP: ::1] [User: 3] Erro ao calcular total pendente {"error":"SQLSTATE[42S22]: Column not found: 1054 Unknown column 'valor_fatura' in 'field list'","trace":"#0 C:\\wamp64\\www\\Contas\\src\\models\\Agua.php(117): PDO->query('SELECT SUM(valo...')\n#1 C:\\wamp64\\www\\Contas\\src\\controllers\\BaseController.php(42): Agua->getTotalPendente()\n#2 C:\\wamp64\\www\\Contas\\src\\controllers\\AguaController.php(16): BaseController->index()\n#3 C:\\wamp64\\www\\Contas\\public\\agua.php(45): AguaController->index()\n#4 {main}"}
Stack Trace:
Array
(
    [0] => Array
        (
            [file] => C:\wamp64\www\Contas\src\models\Agua.php
            [line] => 121
            [function] => error
            [class] => Logger
            [type] => ->
        )

    [1] => Array
        (
            [file] => C:\wamp64\www\Contas\src\controllers\BaseController.php
            [line] => 42
            [function] => getTotalPendente
            [class] => Agua
            [type] => ->
        )

)

[12-11-2025 19:48:27] [ERROR] [IP: ::1] [User: 3] Erro ao buscar consumo mensal {"error":"SQLSTATE[42S22]: Column not found: 1054 Unknown column 'valor_fatura' in 'field list'","trace":"#0 C:\\wamp64\\www\\Contas\\src\\models\\Agua.php(82): PDO->query('SELECT\\r\\n       ...')\n#1 C:\\wamp64\\www\\Contas\\src\\controllers\\BaseController.php(83): Agua->getConsumoMensal()\n#2 C:\\wamp64\\www\\Contas\\src\\controllers\\AguaController.php(16): BaseController->index()\n#3 C:\\wamp64\\www\\Contas\\public\\agua.php(45): AguaController->index()\n#4 {main}"}
Stack Trace:
Array
(
    [0] => Array
        (
            [file] => C:\wamp64\www\Contas\src\models\Agua.php
            [line] => 85
            [function] => error
            [class] => Logger
            [type] => ->
        )

    [1] => Array
        (
            [file] => C:\wamp64\www\Contas\src\controllers\BaseController.php
            [line] => 83
            [function] => getConsumoMensal
            [class] => Agua
            [type] => ->
        )

)

[12-11-2025 19:48:27] [ERROR] [IP: ::1] [User: 3] Erro ao calcular a soma da coluna valor_fatura {"error":"SQLSTATE[42S22]: Column not found: 1054 Unknown column 'valor_fatura' in 'field list'","trace":"#0 C:\\wamp64\\www\\Contas\\src\\includes\\Model.php(148): PDO->prepare('SELECT SUM(valo...')\n#1 C:\\wamp64\\www\\Contas\\src\\controllers\\AguaController.php(19): Model->sum('valor_fatura', Array)\n#2 C:\\wamp64\\www\\Contas\\public\\agua.php(45): AguaController->index()\n#3 {main}"}
Stack Trace:
Array
(
    [0] => Array
        (
            [file] => C:\wamp64\www\Contas\src\includes\Model.php
            [line] => 153
            [function] => error
            [class] => Logger
            [type] => ->
        )

    [1] => Array
        (
            [file] => C:\wamp64\www\Contas\src\controllers\AguaController.php
            [line] => 19
            [function] => sum
            [class] => Model
            [type] => ->
        )

)

[12-11-2025 19:48:27] [ERROR] [IP: ::1] [User: 3] Erro ao calcular a soma da coluna multa {"error":"SQLSTATE[42S22]: Column not found: 1054 Unknown column 'multa' in 'field list'","trace":"#0 C:\\wamp64\\www\\Contas\\src\\includes\\Model.php(148): PDO->prepare('SELECT SUM(mult...')\n#1 C:\\wamp64\\www\\Contas\\src\\controllers\\AguaController.php(21): Model->sum('multa')\n#2 C:\\wamp64\\www\\Contas\\public\\agua.php(45): AguaController->index()\n#3 {main}"}
Stack Trace:
Array
(
    [0] => Array
        (
            [file] => C:\wamp64\www\Contas\src\includes\Model.php
            [line] => 153
            [function] => error
            [class] => Logger
            [type] => ->
        )

    [1] => Array
        (
            [file] => C:\wamp64\www\Contas\src\controllers\AguaController.php
            [line] => 21
            [function] => sum
            [class] => Model
            [type] => ->
        )

)

[12-11-2025 19:48:30] [ERROR] [IP: ::1] [User: 3] Erro ao buscar registros com filtros {"error":"SQLSTATE[42S22]: Column not found: 1054 Unknown column 'id_energia' in 'order clause'","trace":"#0 C:\\wamp64\\www\\Contas\\src\\models\\Energia.php(65): PDO->prepare('SELECT * FROM e...')\n#1 C:\\wamp64\\www\\Contas\\src\\controllers\\BaseController.php(39): Energia->buscarComFiltros(Array)\n#2 C:\\wamp64\\www\\Contas\\src\\controllers\\EnergiaController.php(17): BaseController->index()\n#3 C:\\wamp64\\www\\Contas\\public\\energia.php(45): EnergiaController->index()\n#4 {main}"}
Stack Trace:
Array
(
    [0] => Array
        (
            [file] => C:\wamp64\www\Contas\src\models\Energia.php
            [line] => 72
            [function] => error
            [class] => Logger
            [type] => ->
        )

    [1] => Array
        (
            [file] => C:\wamp64\www\Contas\src\controllers\BaseController.php
            [line] => 39
            [function] => buscarComFiltros
            [class] => Energia
            [type] => ->
        )

)

[12-11-2025 19:48:30] [ERROR] [IP: ::1] [User: 3] Erro ao calcular total pendente {"error":"SQLSTATE[42S22]: Column not found: 1054 Unknown column 'valor_fatura' in 'field list'","trace":"#0 C:\\wamp64\\www\\Contas\\src\\models\\Energia.php(126): PDO->query('SELECT SUM(valo...')\n#1 C:\\wamp64\\www\\Contas\\src\\controllers\\BaseController.php(42): Energia->getTotalPendente()\n#2 C:\\wamp64\\www\\Contas\\src\\controllers\\EnergiaController.php(17): BaseController->index()\n#3 C:\\wamp64\\www\\Contas\\public\\energia.php(45): EnergiaController->index()\n#4 {main}"}
Stack Trace:
Array
(
    [0] => Array
        (
            [file] => C:\wamp64\www\Contas\src\models\Energia.php
            [line] => 130
            [function] => error
            [class] => Logger
            [type] => ->
        )

    [1] => Array
        (
            [file] => C:\wamp64\www\Contas\src\controllers\BaseController.php
            [line] => 42
            [function] => getTotalPendente
            [class] => Energia
            [type] => ->
        )

)

[12-11-2025 19:48:30] [ERROR] [IP: ::1] [User: 3] Erro ao calcular média de consumo {"error":"SQLSTATE[42S22]: Column not found: 1054 Unknown column 'data_vencimento' in 'where clause'","trace":"#0 C:\\wamp64\\www\\Contas\\src\\models\\Energia.php(108): PDO->query('SELECT AVG(cons...')\n#1 C:\\wamp64\\www\\Contas\\src\\controllers\\BaseController.php(47): Energia->getMediaConsumo()\n#2 C:\\wamp64\\www\\Contas\\src\\controllers\\EnergiaController.php(17): BaseController->index()\n#3 C:\\wamp64\\www\\Contas\\public\\energia.php(45): EnergiaController->index()\n#4 {main}"}
Stack Trace:
Array
(
    [0] => Array
        (
            [file] => C:\wamp64\www\Contas\src\models\Energia.php
            [line] => 112
            [function] => error
            [class] => Logger
            [type] => ->
        )

    [1] => Array
        (
            [file] => C:\wamp64\www\Contas\src\controllers\BaseController.php
            [line] => 47
            [function] => getMediaConsumo
            [class] => Energia
            [type] => ->
        )

)

[12-11-2025 19:48:30] [ERROR] [IP: ::1] [User: 3] Erro ao buscar consumo mensal {"error":"SQLSTATE[42S22]: Column not found: 1054 Unknown column 'data_vencimento' in 'field list'","trace":"#0 C:\\wamp64\\www\\Contas\\src\\models\\Energia.php(91): PDO->query('SELECT\\r\\n       ...')\n#1 C:\\wamp64\\www\\Contas\\src\\controllers\\BaseController.php(83): Energia->getConsumoMensal()\n#2 C:\\wamp64\\www\\Contas\\src\\controllers\\EnergiaController.php(17): BaseController->index()\n#3 C:\\wamp64\\www\\Contas\\public\\energia.php(45): EnergiaController->index()\n#4 {main}"}
Stack Trace:
Array
(
    [0] => Array
        (
            [file] => C:\wamp64\www\Contas\src\models\Energia.php
            [line] => 94
            [function] => error
            [class] => Logger
            [type] => ->
        )

    [1] => Array
        (
            [file] => C:\wamp64\www\Contas\src\controllers\BaseController.php
            [line] => 83
            [function] => getConsumoMensal
            [class] => Energia
            [type] => ->
        )

)

[12-11-2025 19:48:30] [ERROR] [IP: ::1] [User: 3] Erro ao calcular a soma da coluna valor_final {"error":"Coluna inv\u00e1lida para soma: valor_final","trace":"#0 C:\\wamp64\\www\\Contas\\src\\controllers\\EnergiaController.php(20): Model->sum('valor_final', Array)\n#1 C:\\wamp64\\www\\Contas\\public\\energia.php(45): EnergiaController->index()\n#2 {main}"}
Stack Trace:
Array
(
    [0] => Array
        (
            [file] => C:\wamp64\www\Contas\src\includes\Model.php
            [line] => 153
            [function] => error
            [class] => Logger
            [type] => ->
        )

    [1] => Array
        (
            [file] => C:\wamp64\www\Contas\src\controllers\EnergiaController.php
            [line] => 20
            [function] => sum
            [class] => Model
            [type] => ->
        )

)

[12-11-2025 19:51:11] [ERROR] [IP: ::1] [User: 3] Erro ao buscar registros com filtros {"error":"SQLSTATE[42S22]: Column not found: 1054 Unknown column 'id_energia' in 'order clause'","trace":"#0 C:\\wamp64\\www\\Contas\\src\\models\\Energia.php(65): PDO->prepare('SELECT * FROM e...')\n#1 C:\\wamp64\\www\\Contas\\src\\controllers\\BaseController.php(39): Energia->buscarComFiltros(Array)\n#2 C:\\wamp64\\www\\Contas\\src\\controllers\\EnergiaController.php(17): BaseController->index()\n#3 C:\\wamp64\\www\\Contas\\public\\energia.php(45): EnergiaController->index()\n#4 {main}"}
Stack Trace:
Array
(
    [0] => Array
        (
            [file] => C:\wamp64\www\Contas\src\models\Energia.php
            [line] => 72
            [function] => error
            [class] => Logger
            [type] => ->
        )

    [1] => Array
        (
            [file] => C:\wamp64\www\Contas\src\controllers\BaseController.php
            [line] => 39
            [function] => buscarComFiltros
            [class] => Energia
            [type] => ->
        )

)

[12-11-2025 19:51:11] [ERROR] [IP: ::1] [User: 3] Erro ao calcular total pendente {"error":"SQLSTATE[42S22]: Column not found: 1054 Unknown column 'valor_fatura' in 'field list'","trace":"#0 C:\\wamp64\\www\\Contas\\src\\models\\Energia.php(126): PDO->query('SELECT SUM(valo...')\n#1 C:\\wamp64\\www\\Contas\\src\\controllers\\BaseController.php(42): Energia->getTotalPendente()\n#2 C:\\wamp64\\www\\Contas\\src\\controllers\\EnergiaController.php(17): BaseController->index()\n#3 C:\\wamp64\\www\\Contas\\public\\energia.php(45): EnergiaController->index()\n#4 {main}"}
Stack Trace:
Array
(
    [0] => Array
        (
            [file] => C:\wamp64\www\Contas\src\models\Energia.php
            [line] => 130
            [function] => error
            [class] => Logger
            [type] => ->
        )

    [1] => Array
        (
            [file] => C:\wamp64\www\Contas\src\controllers\BaseController.php
            [line] => 42
            [function] => getTotalPendente
            [class] => Energia
            [type] => ->
        )

)

[12-11-2025 19:51:11] [ERROR] [IP: ::1] [User: 3] Erro ao calcular média de consumo {"error":"SQLSTATE[42S22]: Column not found: 1054 Unknown column 'data_vencimento' in 'where clause'","trace":"#0 C:\\wamp64\\www\\Contas\\src\\models\\Energia.php(108): PDO->query('SELECT AVG(cons...')\n#1 C:\\wamp64\\www\\Contas\\src\\controllers\\BaseController.php(47): Energia->getMediaConsumo()\n#2 C:\\wamp64\\www\\Contas\\src\\controllers\\EnergiaController.php(17): BaseController->index()\n#3 C:\\wamp64\\www\\Contas\\public\\energia.php(45): EnergiaController->index()\n#4 {main}"}
Stack Trace:
Array
(
    [0] => Array
        (
            [file] => C:\wamp64\www\Contas\src\models\Energia.php
            [line] => 112
            [function] => error
            [class] => Logger
            [type] => ->
        )

    [1] => Array
        (
            [file] => C:\wamp64\www\Contas\src\controllers\BaseController.php
            [line] => 47
            [function] => getMediaConsumo
            [class] => Energia
            [type] => ->
        )

)

[12-11-2025 19:51:11] [ERROR] [IP: ::1] [User: 3] Erro ao buscar consumo mensal {"error":"SQLSTATE[42S22]: Column not found: 1054 Unknown column 'data_vencimento' in 'field list'","trace":"#0 C:\\wamp64\\www\\Contas\\src\\models\\Energia.php(91): PDO->query('SELECT\\r\\n       ...')\n#1 C:\\wamp64\\www\\Contas\\src\\controllers\\BaseController.php(83): Energia->getConsumoMensal()\n#2 C:\\wamp64\\www\\Contas\\src\\controllers\\EnergiaController.php(17): BaseController->index()\n#3 C:\\wamp64\\www\\Contas\\public\\energia.php(45): EnergiaController->index()\n#4 {main}"}
Stack Trace:
Array
(
    [0] => Array
        (
            [file] => C:\wamp64\www\Contas\src\models\Energia.php
            [line] => 94
            [function] => error
            [class] => Logger
            [type] => ->
        )

    [1] => Array
        (
            [file] => C:\wamp64\www\Contas\src\controllers\BaseController.php
            [line] => 83
            [function] => getConsumoMensal
            [class] => Energia
            [type] => ->
        )

)

[12-11-2025 19:51:11] [ERROR] [IP: ::1] [User: 3] Erro ao calcular a soma da coluna valor_final {"error":"Coluna inv\u00e1lida para soma: valor_final","trace":"#0 C:\\wamp64\\www\\Contas\\src\\controllers\\EnergiaController.php(20): Model->sum('valor_final', Array)\n#1 C:\\wamp64\\www\\Contas\\public\\energia.php(45): EnergiaController->index()\n#2 {main}"}
Stack Trace:
Array
(
    [0] => Array
        (
            [file] => C:\wamp64\www\Contas\src\includes\Model.php
            [line] => 153
            [function] => error
            [class] => Logger
            [type] => ->
        )

    [1] => Array
        (
            [file] => C:\wamp64\www\Contas\src\controllers\EnergiaController.php
            [line] => 20
            [function] => sum
            [class] => Model
            [type] => ->
        )

)

[13-11-2025 16:26:45] [ERROR] [IP: ::1] [User: 3] Erro ao buscar registros com filtros {"error":"SQLSTATE[42S22]: Column not found: 1054 Unknown column 'id_agua' in 'order clause'","trace":"#0 C:\\wamp64\\www\\Contas\\src\\models\\Agua.php(56): PDO->prepare('SELECT * FROM a...')\n#1 C:\\wamp64\\www\\Contas\\src\\controllers\\BaseController.php(39): Agua->buscarComFiltros(Array)\n#2 C:\\wamp64\\www\\Contas\\src\\controllers\\AguaController.php(16): BaseController->index()\n#3 C:\\wamp64\\www\\Contas\\public\\agua.php(45): AguaController->index()\n#4 {main}"}
Stack Trace:
Array
(
    [0] => Array
        (
            [file] => C:\wamp64\www\Contas\src\models\Agua.php
            [line] => 63
            [function] => error
            [class] => Logger
            [type] => ->
        )

    [1] => Array
        (
            [file] => C:\wamp64\www\Contas\src\controllers\BaseController.php
            [line] => 39
            [function] => buscarComFiltros
            [class] => Agua
            [type] => ->
        )

)

[13-11-2025 16:26:45] [ERROR] [IP: ::1] [User: 3] Erro ao calcular total pendente {"error":"SQLSTATE[42S22]: Column not found: 1054 Unknown column 'valor_fatura' in 'field list'","trace":"#0 C:\\wamp64\\www\\Contas\\src\\models\\Agua.php(117): PDO->query('SELECT SUM(valo...')\n#1 C:\\wamp64\\www\\Contas\\src\\controllers\\BaseController.php(42): Agua->getTotalPendente()\n#2 C:\\wamp64\\www\\Contas\\src\\controllers\\AguaController.php(16): BaseController->index()\n#3 C:\\wamp64\\www\\Contas\\public\\agua.php(45): AguaController->index()\n#4 {main}"}
Stack Trace:
Array
(
    [0] => Array
        (
            [file] => C:\wamp64\www\Contas\src\models\Agua.php
            [line] => 121
            [function] => error
            [class] => Logger
            [type] => ->
        )

    [1] => Array
        (
            [file] => C:\wamp64\www\Contas\src\controllers\BaseController.php
            [line] => 42
            [function] => getTotalPendente
            [class] => Agua
            [type] => ->
        )

)

[13-11-2025 16:26:45] [ERROR] [IP: ::1] [User: 3] Erro ao buscar consumo mensal {"error":"SQLSTATE[42S22]: Column not found: 1054 Unknown column 'valor_fatura' in 'field list'","trace":"#0 C:\\wamp64\\www\\Contas\\src\\models\\Agua.php(82): PDO->query('SELECT\\r\\n       ...')\n#1 C:\\wamp64\\www\\Contas\\src\\controllers\\BaseController.php(83): Agua->getConsumoMensal()\n#2 C:\\wamp64\\www\\Contas\\src\\controllers\\AguaController.php(16): BaseController->index()\n#3 C:\\wamp64\\www\\Contas\\public\\agua.php(45): AguaController->index()\n#4 {main}"}
Stack Trace:
Array
(
    [0] => Array
        (
            [file] => C:\wamp64\www\Contas\src\models\Agua.php
            [line] => 85
            [function] => error
            [class] => Logger
            [type] => ->
        )

    [1] => Array
        (
            [file] => C:\wamp64\www\Contas\src\controllers\BaseController.php
            [line] => 83
            [function] => getConsumoMensal
            [class] => Agua
            [type] => ->
        )

)

[13-11-2025 16:26:45] [ERROR] [IP: ::1] [User: 3] Erro ao calcular a soma da coluna valor_fatura {"error":"SQLSTATE[42S22]: Column not found: 1054 Unknown column 'valor_fatura' in 'field list'","trace":"#0 C:\\wamp64\\www\\Contas\\src\\includes\\Model.php(148): PDO->prepare('SELECT SUM(valo...')\n#1 C:\\wamp64\\www\\Contas\\src\\controllers\\AguaController.php(19): Model->sum('valor_fatura', Array)\n#2 C:\\wamp64\\www\\Contas\\public\\agua.php(45): AguaController->index()\n#3 {main}"}
Stack Trace:
Array
(
    [0] => Array
        (
            [file] => C:\wamp64\www\Contas\src\includes\Model.php
            [line] => 153
            [function] => error
            [class] => Logger
            [type] => ->
        )

    [1] => Array
        (
            [file] => C:\wamp64\www\Contas\src\controllers\AguaController.php
            [line] => 19
            [function] => sum
            [class] => Model
            [type] => ->
        )

)

[13-11-2025 16:26:45] [ERROR] [IP: ::1] [User: 3] Erro ao calcular a soma da coluna multa {"error":"SQLSTATE[42S22]: Column not found: 1054 Unknown column 'multa' in 'field list'","trace":"#0 C:\\wamp64\\www\\Contas\\src\\includes\\Model.php(148): PDO->prepare('SELECT SUM(mult...')\n#1 C:\\wamp64\\www\\Contas\\src\\controllers\\AguaController.php(21): Model->sum('multa')\n#2 C:\\wamp64\\www\\Contas\\public\\agua.php(45): AguaController->index()\n#3 {main}"}
Stack Trace:
Array
(
    [0] => Array
        (
            [file] => C:\wamp64\www\Contas\src\includes\Model.php
            [line] => 153
            [function] => error
            [class] => Logger
            [type] => ->
        )

    [1] => Array
        (
            [file] => C:\wamp64\www\Contas\src\controllers\AguaController.php
            [line] => 21
            [function] => sum
            [class] => Model
            [type] => ->
        )

)

[13-11-2025 16:26:46] [ERROR] [IP: ::1] [User: 3] Erro ao buscar registros com filtros {"error":"SQLSTATE[42S22]: Column not found: 1054 Unknown column 'id_energia' in 'order clause'","trace":"#0 C:\\wamp64\\www\\Contas\\src\\models\\Energia.php(65): PDO->prepare('SELECT * FROM e...')\n#1 C:\\wamp64\\www\\Contas\\src\\controllers\\BaseController.php(39): Energia->buscarComFiltros(Array)\n#2 C:\\wamp64\\www\\Contas\\src\\controllers\\EnergiaController.php(17): BaseController->index()\n#3 C:\\wamp64\\www\\Contas\\public\\energia.php(45): EnergiaController->index()\n#4 {main}"}
Stack Trace:
Array
(
    [0] => Array
        (
            [file] => C:\wamp64\www\Contas\src\models\Energia.php
            [line] => 72
            [function] => error
            [class] => Logger
            [type] => ->
        )

    [1] => Array
        (
            [file] => C:\wamp64\www\Contas\src\controllers\BaseController.php
            [line] => 39
            [function] => buscarComFiltros
            [class] => Energia
            [type] => ->
        )

)

[13-11-2025 16:26:46] [ERROR] [IP: ::1] [User: 3] Erro ao calcular total pendente {"error":"SQLSTATE[42S22]: Column not found: 1054 Unknown column 'valor_fatura' in 'field list'","trace":"#0 C:\\wamp64\\www\\Contas\\src\\models\\Energia.php(126): PDO->query('SELECT SUM(valo...')\n#1 C:\\wamp64\\www\\Contas\\src\\controllers\\BaseController.php(42): Energia->getTotalPendente()\n#2 C:\\wamp64\\www\\Contas\\src\\controllers\\EnergiaController.php(17): BaseController->index()\n#3 C:\\wamp64\\www\\Contas\\public\\energia.php(45): EnergiaController->index()\n#4 {main}"}
Stack Trace:
Array
(
    [0] => Array
        (
            [file] => C:\wamp64\www\Contas\src\models\Energia.php
            [line] => 130
            [function] => error
            [class] => Logger
            [type] => ->
        )

    [1] => Array
        (
            [file] => C:\wamp64\www\Contas\src\controllers\BaseController.php
            [line] => 42
            [function] => getTotalPendente
            [class] => Energia
            [type] => ->
        )

)

[13-11-2025 16:26:46] [ERROR] [IP: ::1] [User: 3] Erro ao calcular média de consumo {"error":"SQLSTATE[42S22]: Column not found: 1054 Unknown column 'data_vencimento' in 'where clause'","trace":"#0 C:\\wamp64\\www\\Contas\\src\\models\\Energia.php(108): PDO->query('SELECT AVG(cons...')\n#1 C:\\wamp64\\www\\Contas\\src\\controllers\\BaseController.php(47): Energia->getMediaConsumo()\n#2 C:\\wamp64\\www\\Contas\\src\\controllers\\EnergiaController.php(17): BaseController->index()\n#3 C:\\wamp64\\www\\Contas\\public\\energia.php(45): EnergiaController->index()\n#4 {main}"}
Stack Trace:
Array
(
    [0] => Array
        (
            [file] => C:\wamp64\www\Contas\src\models\Energia.php
            [line] => 112
            [function] => error
            [class] => Logger
            [type] => ->
        )

    [1] => Array
        (
            [file] => C:\wamp64\www\Contas\src\controllers\BaseController.php
            [line] => 47
            [function] => getMediaConsumo
            [class] => Energia
            [type] => ->
        )

)

[13-11-2025 16:26:46] [ERROR] [IP: ::1] [User: 3] Erro ao buscar consumo mensal {"error":"SQLSTATE[42S22]: Column not found: 1054 Unknown column 'data_vencimento' in 'field list'","trace":"#0 C:\\wamp64\\www\\Contas\\src\\models\\Energia.php(91): PDO->query('SELECT\\r\\n       ...')\n#1 C:\\wamp64\\www\\Contas\\src\\controllers\\BaseController.php(83): Energia->getConsumoMensal()\n#2 C:\\wamp64\\www\\Contas\\src\\controllers\\EnergiaController.php(17): BaseController->index()\n#3 C:\\wamp64\\www\\Contas\\public\\energia.php(45): EnergiaController->index()\n#4 {main}"}
Stack Trace:
Array
(
    [0] => Array
        (
            [file] => C:\wamp64\www\Contas\src\models\Energia.php
            [line] => 94
            [function] => error
            [class] => Logger
            [type] => ->
        )

    [1] => Array
        (
            [file] => C:\wamp64\www\Contas\src\controllers\BaseController.php
            [line] => 83
            [function] => getConsumoMensal
            [class] => Energia
            [type] => ->
        )

)

[13-11-2025 16:26:46] [ERROR] [IP: ::1] [User: 3] Erro ao calcular a soma da coluna valor_final {"error":"Coluna inv\u00e1lida para soma: valor_final","trace":"#0 C:\\wamp64\\www\\Contas\\src\\controllers\\EnergiaController.php(20): Model->sum('valor_final', Array)\n#1 C:\\wamp64\\www\\Contas\\public\\energia.php(45): EnergiaController->index()\n#2 {main}"}
Stack Trace:
Array
(
    [0] => Array
        (
            [file] => C:\wamp64\www\Contas\src\includes\Model.php
            [line] => 153
            [function] => error
            [class] => Logger
            [type] => ->
        )

    [1] => Array
        (
            [file] => C:\wamp64\www\Contas\src\controllers\EnergiaController.php
            [line] => 20
            [function] => sum
            [class] => Model
            [type] => ->
        )

)

[13-11-2025 16:41:08] [ERROR] [IP: ::1] [User: 3] Erro ao buscar registros com filtros {"error":"SQLSTATE[42S22]: Column not found: 1054 Unknown column 'id_agua' in 'order clause'","trace":"#0 C:\\wamp64\\www\\Contas\\src\\models\\Agua.php(56): PDO->prepare('SELECT * FROM a...')\n#1 C:\\wamp64\\www\\Contas\\src\\controllers\\BaseController.php(39): Agua->buscarComFiltros(Array)\n#2 C:\\wamp64\\www\\Contas\\src\\controllers\\AguaController.php(16): BaseController->index()\n#3 C:\\wamp64\\www\\Contas\\public\\agua.php(45): AguaController->index()\n#4 {main}"}
Stack Trace:
Array
(
    [0] => Array
        (
            [file] => C:\wamp64\www\Contas\src\models\Agua.php
            [line] => 63
            [function] => error
            [class] => Logger
            [type] => ->
        )

    [1] => Array
        (
            [file] => C:\wamp64\www\Contas\src\controllers\BaseController.php
            [line] => 39
            [function] => buscarComFiltros
            [class] => Agua
            [type] => ->
        )

)

[13-11-2025 16:41:08] [ERROR] [IP: ::1] [User: 3] Erro ao calcular total pendente {"error":"SQLSTATE[42S22]: Column not found: 1054 Unknown column 'valor_fatura' in 'field list'","trace":"#0 C:\\wamp64\\www\\Contas\\src\\models\\Agua.php(117): PDO->query('SELECT SUM(valo...')\n#1 C:\\wamp64\\www\\Contas\\src\\controllers\\BaseController.php(42): Agua->getTotalPendente()\n#2 C:\\wamp64\\www\\Contas\\src\\controllers\\AguaController.php(16): BaseController->index()\n#3 C:\\wamp64\\www\\Contas\\public\\agua.php(45): AguaController->index()\n#4 {main}"}
Stack Trace:
Array
(
    [0] => Array
        (
            [file] => C:\wamp64\www\Contas\src\models\Agua.php
            [line] => 121
            [function] => error
            [class] => Logger
            [type] => ->
        )

    [1] => Array
        (
            [file] => C:\wamp64\www\Contas\src\controllers\BaseController.php
            [line] => 42
            [function] => getTotalPendente
            [class] => Agua
            [type] => ->
        )

)

[13-11-2025 16:41:08] [ERROR] [IP: ::1] [User: 3] Erro ao buscar consumo mensal {"error":"SQLSTATE[42S22]: Column not found: 1054 Unknown column 'valor_fatura' in 'field list'","trace":"#0 C:\\wamp64\\www\\Contas\\src\\models\\Agua.php(82): PDO->query('SELECT\\r\\n       ...')\n#1 C:\\wamp64\\www\\Contas\\src\\controllers\\BaseController.php(83): Agua->getConsumoMensal()\n#2 C:\\wamp64\\www\\Contas\\src\\controllers\\AguaController.php(16): BaseController->index()\n#3 C:\\wamp64\\www\\Contas\\public\\agua.php(45): AguaController->index()\n#4 {main}"}
Stack Trace:
Array
(
    [0] => Array
        (
            [file] => C:\wamp64\www\Contas\src\models\Agua.php
            [line] => 85
            [function] => error
            [class] => Logger
            [type] => ->
        )

    [1] => Array
        (
            [file] => C:\wamp64\www\Contas\src\controllers\BaseController.php
            [line] => 83
            [function] => getConsumoMensal
            [class] => Agua
            [type] => ->
        )

)

[13-11-2025 16:41:08] [ERROR] [IP: ::1] [User: 3] Erro ao calcular a soma da coluna valor_fatura {"error":"SQLSTATE[42S22]: Column not found: 1054 Unknown column 'valor_fatura' in 'field list'","trace":"#0 C:\\wamp64\\www\\Contas\\src\\includes\\Model.php(148): PDO->prepare('SELECT SUM(valo...')\n#1 C:\\wamp64\\www\\Contas\\src\\controllers\\AguaController.php(19): Model->sum('valor_fatura', Array)\n#2 C:\\wamp64\\www\\Contas\\public\\agua.php(45): AguaController->index()\n#3 {main}"}
Stack Trace:
Array
(
    [0] => Array
        (
            [file] => C:\wamp64\www\Contas\src\includes\Model.php
            [line] => 153
            [function] => error
            [class] => Logger
            [type] => ->
        )

    [1] => Array
        (
            [file] => C:\wamp64\www\Contas\src\controllers\AguaController.php
            [line] => 19
            [function] => sum
            [class] => Model
            [type] => ->
        )

)

[13-11-2025 16:41:08] [ERROR] [IP: ::1] [User: 3] Erro ao calcular a soma da coluna multa {"error":"SQLSTATE[42S22]: Column not found: 1054 Unknown column 'multa' in 'field list'","trace":"#0 C:\\wamp64\\www\\Contas\\src\\includes\\Model.php(148): PDO->prepare('SELECT SUM(mult...')\n#1 C:\\wamp64\\www\\Contas\\src\\controllers\\AguaController.php(21): Model->sum('multa')\n#2 C:\\wamp64\\www\\Contas\\public\\agua.php(45): AguaController->index()\n#3 {main}"}
Stack Trace:
Array
(
    [0] => Array
        (
            [file] => C:\wamp64\www\Contas\src\includes\Model.php
            [line] => 153
            [function] => error
            [class] => Logger
            [type] => ->
        )

    [1] => Array
        (
            [file] => C:\wamp64\www\Contas\src\controllers\AguaController.php
            [line] => 21
            [function] => sum
            [class] => Model
            [type] => ->
        )

)

